device_id,wifi_count,bt_count,timestamp
ESP_NODE_04,2,5,2026-05-27 23:34:55
ESP_NODE_04,0,2,2026-05-27 23:36:01
ESP_NODE_04,1,3,2026-05-27 23:38:22
ESP_NODE_04,2,2,2026-05-27 23:39:29
ESP_NODE_04,5,4,2026-05-27 23:40:35
ESP_NODE_04,3,4,2026-05-27 23:41:41
ESP_NODE_04,2,2,2026-05-27 23:45:18
ESP_NODE_04,0,2,2026-05-27 23:46:24
ESP_NODE_04,0,2,2026-05-27 23:47:30
ESP_NODE_04,1,4,2026-05-27 23:49:51
ESP_NODE_04,1,2,2026-05-27 23:50:58
ESP_NODE_04,0,2,2026-05-27 23:52:04
ESP_NODE_04,1,2,2026-05-27 23:54:25
ESP_NODE_04,0,2,2026-05-27 23:55:31
ESP_NODE_04,0,2,2026-05-27 23:56:38
ESP_NODE_04,0,2,2026-05-27 23:57:44
ESP_NODE_04,0,2,2026-05-28 00:02:35
ESP_NODE_04,0,2,2026-05-28 00:03:41
ESP_NODE_04,1,2,2026-05-28 00:06:03
ESP_NODE_04,0,2,2026-05-28 00:07:09
ESP_NODE_04,0,2,2026-05-28 00:08:15
ESP_NODE_04,0,2,2026-05-28 00:09:22
ESP_NODE_04,0,3,2026-05-28 00:10:28
ESP_NODE_04,0,1,2026-05-28 00:11:35
ESP_NODE_04,1,1,2026-05-28 00:12:41
ESP_NODE_04,2,3,2026-05-28 00:14:54
ESP_NODE_04,0,5,2026-05-28 00:18:30
ESP_NODE_04,0,6,2026-05-28 00:19:36
ESP_NODE_04,0,3,2026-05-28 00:20:42
ESP_NODE_04,7,5,2026-05-28 00:21:48
ESP_NODE_04,0,4,2026-05-28 00:22:54
ESP_NODE_04,0,5,2026-05-28 00:24:01
ESP_NODE_04,1,4,2026-05-28 00:25:07
ESP_NODE_04,0,2,2026-05-28 00:26:13
ESP_NODE_04,0,0,2026-05-28 00:28:34
ESP_NODE_04,0,0,2026-05-28 00:29:41
ESP_NODE_04,0,0,2026-05-28 00:30:47
ESP_NODE_04,0,0,2026-05-28 00:31:54
ESP_NODE_04,1,0,2026-05-28 00:33:00
ESP_NODE_04,0,0,2026-05-28 00:35:21
ESP_NODE_04,0,0,2026-05-28 00:36:28
ESP_NODE_04,0,1,2026-05-28 00:37:34
ESP_NODE_04,0,0,2026-05-28 00:38:40
ESP_NODE_04,5,0,2026-05-28 00:39:46
ESP_NODE_04,0,0,2026-05-28 00:40:53
ESP_NODE_04,2,0,2026-05-28 00:43:14
ESP_NODE_04,0,0,2026-05-28 00:44:20
ESP_NODE_04,1,0,2026-05-28 00:45:27
ESP_NODE_04,0,0,2026-05-28 00:46:33
ESP_NODE_04,1,0,2026-05-28 00:47:39
ESP_NODE_04,0,0,2026-05-28 00:48:45
ESP_NODE_04,1,0,2026-05-28 00:49:52
ESP_NODE_04,0,0,2026-05-28 00:52:13
ESP_NODE_04,0,0,2026-05-28 00:53:19
ESP_NODE_04,0,0,2026-05-28 00:54:26
ESP_NODE_04,0,0,2026-05-28 00:55:32
ESP_NODE_04,3,0,2026-05-28 00:57:53
ESP_NODE_04,0,0,2026-05-28 00:59:00
ESP_NODE_04,0,0,2026-05-28 01:01:21
ESP_NODE_04,0,0,2026-05-28 01:02:27
ESP_NODE_04,0,0,2026-05-28 01:03:34
ESP_NODE_04,0,0,2026-05-28 01:05:46
ESP_NODE_04,0,0,2026-05-28 01:08:07
ESP_NODE_04,1,0,2026-05-28 01:09:14
ESP_NODE_04,3,0,2026-05-28 01:10:20
ESP_NODE_04,0,0,2026-05-28 01:11:26
ESP_NODE_04,0,1,2026-05-28 01:12:32
ESP_NODE_04,0,0,2026-05-28 01:13:39
ESP_NODE_04,3,0,2026-05-28 01:16:00
ESP_NODE_04,0,0,2026-05-28 01:18:21
ESP_NODE_04,0,0,2026-05-28 01:19:28
ESP_NODE_04,0,0,2026-05-28 01:20:34
ESP_NODE_04,0,0,2026-05-28 01:21:40
ESP_NODE_04,2,0,2026-05-28 01:22:46
ESP_NODE_04,0,0,2026-05-28 01:23:53
ESP_NODE_04,0,0,2026-05-28 01:26:14
ESP_NODE_04,0,0,2026-05-28 01:27:20
ESP_NODE_04,0,0,2026-05-28 01:28:26
ESP_NODE_04,0,0,2026-05-28 01:30:48
ESP_NODE_04,1,0,2026-05-28 01:31:54
ESP_NODE_04,0,0,2026-05-28 01:34:07
ESP_NODE_04,0,0,2026-05-28 01:35:13
ESP_NODE_04,0,0,2026-05-28 01:36:19
ESP_NODE_04,0,1,2026-05-28 01:37:25
ESP_NODE_04,0,0,2026-05-28 01:38:32
ESP_NODE_04,1,0,2026-05-28 01:39:38
ESP_NODE_04,0,0,2026-05-28 01:40:45
ESP_NODE_04,0,0,2026-05-28 01:43:06
ESP_NODE_04,0,0,2026-05-28 01:44:13
ESP_NODE_04,1,0,2026-05-28 01:45:19
ESP_NODE_04,0,0,2026-05-28 01:46:25
ESP_NODE_04,0,0,2026-05-28 01:47:32
ESP_NODE_04,2,0,2026-05-28 01:48:38
ESP_NODE_04,1,0,2026-05-28 01:49:44
ESP_NODE_04,0,0,2026-05-28 01:50:51
ESP_NODE_04,1,0,2026-05-28 01:51:57
ESP_NODE_04,0,0,2026-05-28 01:54:19
ESP_NODE_04,1,0,2026-05-28 01:55:25
ESP_NODE_04,0,1,2026-05-28 01:56:32
ESP_NODE_04,0,0,2026-05-28 01:57:38
ESP_NODE_04,0,0,2026-05-28 01:58:45
ESP_NODE_04,1,0,2026-05-28 01:59:51
ESP_NODE_04,0,0,2026-05-28 02:00:57
ESP_NODE_04,0,1,2026-05-28 02:02:03
ESP_NODE_04,0,0,2026-05-28 02:03:10
ESP_NODE_04,0,0,2026-05-28 02:05:32
ESP_NODE_04,0,1,2026-05-28 02:06:38
ESP_NODE_04,0,0,2026-05-28 02:07:44
ESP_NODE_04,0,1,2026-05-28 02:09:57
ESP_NODE_04,0,0,2026-05-28 02:11:03
ESP_NODE_04,0,1,2026-05-28 02:13:24
ESP_NODE_04,0,0,2026-05-28 02:15:45
ESP_NODE_04,0,0,2026-05-28 02:18:07
ESP_NODE_04,1,0,2026-05-28 02:20:28
ESP_NODE_04,0,0,2026-05-28 02:21:34
ESP_NODE_04,0,0,2026-05-28 02:22:40
ESP_NODE_04,0,0,2026-05-28 02:23:46
ESP_NODE_04,0,0,2026-05-28 02:24:53
ESP_NODE_04,0,0,2026-05-28 02:25:59
ESP_NODE_04,0,0,2026-05-28 02:28:20
ESP_NODE_04,0,1,2026-05-28 02:30:41
ESP_NODE_04,0,0,2026-05-28 02:31:48
ESP_NODE_04,0,0,2026-05-28 02:32:54
ESP_NODE_04,2,0,2026-05-28 02:36:21
ESP_NODE_04,0,0,2026-05-28 02:37:28
ESP_NODE_04,1,0,2026-05-28 02:39:49
ESP_NODE_04,0,0,2026-05-28 02:42:11
ESP_NODE_04,2,0,2026-05-28 02:43:17
ESP_NODE_04,0,0,2026-05-28 02:44:23
ESP_NODE_04,0,0,2026-05-28 02:45:30
ESP_NODE_04,0,0,2026-05-28 02:46:36
ESP_NODE_04,1,0,2026-05-28 02:50:12
ESP_NODE_04,0,0,2026-05-28 02:52:24
ESP_NODE_04,0,0,2026-05-28 02:53:31
ESP_NODE_04,0,0,2026-05-28 02:55:52
ESP_NODE_04,2,1,2026-05-28 02:56:58
ESP_NODE_04,0,0,2026-05-28 02:58:05
ESP_NODE_04,0,0,2026-05-28 03:00:26
ESP_NODE_04,0,0,2026-05-28 03:01:32
ESP_NODE_04,0,0,2026-05-28 03:02:38
ESP_NODE_04,0,0,2026-05-28 03:03:45
ESP_NODE_04,4,1,2026-05-28 03:04:51
ESP_NODE_04,0,0,2026-05-28 03:07:12
ESP_NODE_04,0,0,2026-05-28 03:09:34
ESP_NODE_04,0,0,2026-05-28 03:10:40
ESP_NODE_04,1,0,2026-05-28 03:11:46
ESP_NODE_04,0,0,2026-05-28 03:13:58
ESP_NODE_04,0,0,2026-05-28 03:15:04
ESP_NODE_04,0,0,2026-05-28 03:17:26
ESP_NODE_04,0,0,2026-05-28 03:18:32
ESP_NODE_04,0,0,2026-05-28 03:19:38
ESP_NODE_04,0,0,2026-05-28 03:20:44
ESP_NODE_04,0,0,2026-05-28 03:21:51
ESP_NODE_04,0,0,2026-05-28 03:22:57
ESP_NODE_04,2,0,2026-05-28 03:24:03
ESP_NODE_04,0,0,2026-05-28 03:25:10
ESP_NODE_04,1,0,2026-05-28 03:26:15
ESP_NODE_04,1,0,2026-05-28 03:28:37
ESP_NODE_04,0,0,2026-05-28 03:29:43
ESP_NODE_04,1,0,2026-05-28 03:30:49
ESP_NODE_04,0,0,2026-05-28 03:31:56
ESP_NODE_04,2,0,2026-05-28 03:33:02
ESP_NODE_04,0,0,2026-05-28 03:34:13
ESP_NODE_04,1,0,2026-05-28 03:35:19
ESP_NODE_04,0,0,2026-05-28 03:36:25
ESP_NODE_04,0,0,2026-05-28 03:37:32
ESP_NODE_04,0,0,2026-05-28 03:38:38
ESP_NODE_04,5,0,2026-05-28 03:39:44
ESP_NODE_04,1,0,2026-05-28 03:42:06
ESP_NODE_04,0,0,2026-05-28 03:43:12
ESP_NODE_04,1,0,2026-05-28 03:44:18
ESP_NODE_04,1,0,2026-05-28 03:45:24
ESP_NODE_04,0,0,2026-05-28 03:46:30
ESP_NODE_04,0,0,2026-05-28 03:47:36
ESP_NODE_04,0,0,2026-05-28 03:49:58
ESP_NODE_04,0,0,2026-05-28 03:51:04
ESP_NODE_04,0,0,2026-05-28 03:52:10
ESP_NODE_04,0,0,2026-05-28 03:53:16
ESP_NODE_04,0,0,2026-05-28 03:54:22
ESP_NODE_04,1,0,2026-05-28 03:55:28
ESP_NODE_04,0,0,2026-05-28 03:56:34
ESP_NODE_04,0,0,2026-05-28 03:58:55
ESP_NODE_04,0,0,2026-05-28 04:00:02
ESP_NODE_04,0,0,2026-05-28 04:01:08
ESP_NODE_04,0,0,2026-05-28 04:02:14
ESP_NODE_04,1,0,2026-05-28 04:03:20
ESP_NODE_04,0,0,2026-05-28 04:04:26
ESP_NODE_04,0,0,2026-05-28 04:05:32
ESP_NODE_04,0,0,2026-05-28 04:06:38
ESP_NODE_04,0,0,2026-05-28 04:09:04
ESP_NODE_04,0,0,2026-05-28 04:10:10
ESP_NODE_04,0,0,2026-05-28 04:11:16
ESP_NODE_04,0,0,2026-05-28 04:12:22
ESP_NODE_04,0,0,2026-05-28 04:13:28
ESP_NODE_04,0,0,2026-05-28 04:14:35
ESP_NODE_04,1,0,2026-05-28 04:16:56
ESP_NODE_04,0,0,2026-05-28 04:18:02
ESP_NODE_04,0,0,2026-05-28 04:19:09
ESP_NODE_04,0,0,2026-05-28 04:21:30
ESP_NODE_04,0,0,2026-05-28 04:22:36
ESP_NODE_04,0,0,2026-05-28 04:23:42
ESP_NODE_04,0,0,2026-05-28 04:26:03
ESP_NODE_04,0,0,2026-05-28 04:28:25
ESP_NODE_04,0,0,2026-05-28 04:29:31
ESP_NODE_04,2,0,2026-05-28 04:30:37
ESP_NODE_04,1,0,2026-05-28 04:31:43
ESP_NODE_04,0,0,2026-05-28 04:32:49
ESP_NODE_04,0,0,2026-05-28 04:33:55
ESP_NODE_04,0,0,2026-05-28 04:35:02
ESP_NODE_04,0,0,2026-05-28 04:38:38
ESP_NODE_04,0,0,2026-05-28 04:39:44
ESP_NODE_04,0,0,2026-05-28 04:42:05
ESP_NODE_04,0,0,2026-05-28 04:43:12
ESP_NODE_04,0,0,2026-05-28 04:44:18
ESP_NODE_04,0,0,2026-05-28 04:45:24
ESP_NODE_04,0,0,2026-05-28 04:46:30
ESP_NODE_04,3,0,2026-05-28 04:47:36
ESP_NODE_04,1,0,2026-05-28 04:48:42
ESP_NODE_04,0,0,2026-05-28 04:50:55
ESP_NODE_04,2,0,2026-05-28 04:52:01
ESP_NODE_04,1,0,2026-05-28 04:54:13
ESP_NODE_04,3,1,2026-05-28 04:55:19
ESP_NODE_04,3,1,2026-05-28 04:56:25
ESP_NODE_04,0,1,2026-05-28 04:57:32
ESP_NODE_04,1,0,2026-05-28 04:58:38
ESP_NODE_04,2,1,2026-05-28 04:59:44
ESP_NODE_04,0,1,2026-05-28 05:00:50
ESP_NODE_04,1,2,2026-05-28 05:01:56
ESP_NODE_04,0,2,2026-05-28 05:03:02
ESP_NODE_04,2,2,2026-05-28 05:04:08
ESP_NODE_04,0,2,2026-05-28 05:05:15
ESP_NODE_04,0,1,2026-05-28 05:07:36
ESP_NODE_04,0,1,2026-05-28 05:08:42
ESP_NODE_04,0,2,2026-05-28 05:11:03
ESP_NODE_04,0,1,2026-05-28 05:12:08
ESP_NODE_04,0,1,2026-05-28 05:13:14
ESP_NODE_04,0,1,2026-05-28 05:14:21
ESP_NODE_04,0,1,2026-05-28 05:15:27
ESP_NODE_04,1,1,2026-05-28 05:16:33
ESP_NODE_04,0,1,2026-05-28 05:17:39
ESP_NODE_04,0,1,2026-05-28 05:20:00
ESP_NODE_04,7,5,2026-05-28 05:21:06
ESP_NODE_04,0,2,2026-05-28 05:22:12
ESP_NODE_04,0,1,2026-05-28 05:23:18
ESP_NODE_04,1,5,2026-05-28 05:24:24
ESP_NODE_04,1,3,2026-05-28 05:25:30
ESP_NODE_04,2,3,2026-05-28 05:26:37
ESP_NODE_04,0,3,2026-05-28 05:27:43
ESP_NODE_04,4,4,2026-05-28 05:30:07
ESP_NODE_04,0,4,2026-05-28 05:31:13
ESP_NODE_04,2,4,2026-05-28 05:32:20
ESP_NODE_04,0,4,2026-05-28 05:33:26
ESP_NODE_04,15,5,2026-05-28 05:34:32
ESP_NODE_04,9,4,2026-05-28 05:35:38
ESP_NODE_04,4,4,2026-05-28 05:36:44
ESP_NODE_04,5,3,2026-05-28 05:37:50
ESP_NODE_04,0,5,2026-05-28 05:38:56
ESP_NODE_04,0,2,2026-05-28 05:40:02
ESP_NODE_04,0,1,2026-05-28 05:41:08
ESP_NODE_04,0,3,2026-05-28 05:42:14
ESP_NODE_04,0,2,2026-05-28 05:43:20
ESP_NODE_04,6,3,2026-05-28 05:44:26
ESP_NODE_04,1,1,2026-05-28 05:45:32
ESP_NODE_04,0,2,2026-05-28 05:46:38
ESP_NODE_04,2,0,2026-05-28 05:47:44
ESP_NODE_04,1,1,2026-05-28 05:48:50
ESP_NODE_04,1,1,2026-05-28 05:49:56
ESP_NODE_04,0,1,2026-05-28 05:51:02
ESP_NODE_04,0,1,2026-05-28 05:52:08
ESP_NODE_04,5,2,2026-05-28 05:53:14
ESP_NODE_04,0,2,2026-05-28 05:55:36
ESP_NODE_04,2,2,2026-05-28 05:56:42
ESP_NODE_04,0,3,2026-05-28 05:57:48
ESP_NODE_04,0,1,2026-05-28 05:58:54
ESP_NODE_04,1,2,2026-05-28 06:00:00
ESP_NODE_04,24,2,2026-05-28 06:01:06
ESP_NODE_04,3,3,2026-05-28 06:02:12
ESP_NODE_04,1,3,2026-05-28 06:03:17
ESP_NODE_04,11,7,2026-05-28 06:04:23
ESP_NODE_04,0,4,2026-05-28 06:05:29
ESP_NODE_04,0,4,2026-05-28 06:06:35
ESP_NODE_04,2,4,2026-05-28 06:07:42
ESP_NODE_04,1,2,2026-05-28 06:10:03
ESP_NODE_04,0,3,2026-05-28 06:11:09
ESP_NODE_04,0,3,2026-05-28 06:12:15
ESP_NODE_04,0,3,2026-05-28 06:13:21
ESP_NODE_04,2,2,2026-05-28 06:15:42
ESP_NODE_04,0,3,2026-05-28 06:16:48
ESP_NODE_04,1,4,2026-05-28 06:17:54
ESP_NODE_04,9,4,2026-05-28 06:19:00
ESP_NODE_04,0,4,2026-05-28 06:20:06
ESP_NODE_04,1,3,2026-05-28 06:21:12
ESP_NODE_04,2,3,2026-05-28 06:22:18
ESP_NODE_04,8,2,2026-05-28 06:23:24
ESP_NODE_04,6,4,2026-05-28 06:24:30
ESP_NODE_04,16,3,2026-05-28 06:26:42
ESP_NODE_04,2,0,2026-05-28 06:27:49
ESP_NODE_04,1,1,2026-05-28 06:28:55
ESP_NODE_04,1,1,2026-05-28 06:31:16
ESP_NODE_04,2,1,2026-05-28 06:32:22
ESP_NODE_04,0,1,2026-05-28 06:33:28
ESP_NODE_04,4,4,2026-05-28 06:35:40
ESP_NODE_04,0,3,2026-05-28 06:37:00
ESP_NODE_04,0,4,2026-05-28 06:38:07
ESP_NODE_04,7,3,2026-05-28 06:40:28
ESP_NODE_04,0,4,2026-05-28 06:41:34
ESP_NODE_04,0,4,2026-05-28 06:42:41
ESP_NODE_04,0,4,2026-05-28 06:43:47
ESP_NODE_04,0,1,2026-05-28 06:44:53
ESP_NODE_04,0,3,2026-05-28 06:45:59
ESP_NODE_04,0,3,2026-05-28 06:47:05
ESP_NODE_04,1,1,2026-05-28 06:48:11
ESP_NODE_04,13,3,2026-05-28 06:49:17
ESP_NODE_04,3,5,2026-05-28 06:50:23
ESP_NODE_04,4,7,2026-05-28 06:51:29
ESP_NODE_04,0,3,2026-05-28 06:52:36
ESP_NODE_04,1,3,2026-05-28 06:53:42
ESP_NODE_04,1,4,2026-05-28 06:54:48
ESP_NODE_04,3,3,2026-05-28 06:55:54
ESP_NODE_04,0,4,2026-05-28 06:57:00
ESP_NODE_04,1,2,2026-05-28 06:58:06
ESP_NODE_04,16,4,2026-05-28 06:59:12
ESP_NODE_04,5,6,2026-05-28 07:00:18
ESP_NODE_04,7,6,2026-05-28 07:01:24
ESP_NODE_04,0,7,2026-05-28 07:02:31
ESP_NODE_04,0,6,2026-05-28 07:03:37
ESP_NODE_04,0,10,2026-05-28 07:04:43
ESP_NODE_04,0,9,2026-05-28 07:05:49
ESP_NODE_04,0,8,2026-05-28 07:06:55
ESP_NODE_04,0,7,2026-05-28 07:09:16
ESP_NODE_04,0,7,2026-05-28 07:10:22
ESP_NODE_04,0,6,2026-05-28 07:11:28
ESP_NODE_04,0,7,2026-05-28 07:12:34
ESP_NODE_04,4,6,2026-05-28 07:13:40
ESP_NODE_04,7,6,2026-05-28 07:14:46
ESP_NODE_04,1,7,2026-05-28 07:15:52
ESP_NODE_04,6,7,2026-05-28 07:16:59
ESP_NODE_04,0,6,2026-05-28 07:18:05
ESP_NODE_04,3,11,2026-05-28 07:19:10
ESP_NODE_04,0,8,2026-05-28 07:20:17
ESP_NODE_04,2,7,2026-05-28 07:22:29
ESP_NODE_04,6,8,2026-05-28 07:23:35
ESP_NODE_04,1,5,2026-05-28 07:25:47
ESP_NODE_04,1,6,2026-05-28 07:26:53
ESP_NODE_04,0,6,2026-05-28 07:29:14
ESP_NODE_04,5,7,2026-05-28 07:30:21
ESP_NODE_04,0,7,2026-05-28 07:31:27
ESP_NODE_04,0,7,2026-05-28 07:32:33
ESP_NODE_04,5,8,2026-05-28 07:33:39
ESP_NODE_04,21,10,2026-05-28 07:34:45
ESP_NODE_04,0,4,2026-05-28 07:35:51
ESP_NODE_04,2,4,2026-05-28 07:36:57
ESP_NODE_04,8,5,2026-05-28 07:38:04
ESP_NODE_04,4,6,2026-05-28 07:39:10
ESP_NODE_04,16,6,2026-05-28 07:40:16
ESP_NODE_04,4,3,2026-05-28 07:41:22
ESP_NODE_04,0,5,2026-05-28 07:42:28
ESP_NODE_04,17,7,2026-05-28 07:43:34
ESP_NODE_04,4,3,2026-05-28 07:44:40
ESP_NODE_04,2,3,2026-05-28 07:45:47
ESP_NODE_04,0,3,2026-05-28 07:46:52
ESP_NODE_04,0,3,2026-05-28 07:47:58
ESP_NODE_04,0,4,2026-05-28 07:49:04
ESP_NODE_04,0,2,2026-05-28 07:52:32
ESP_NODE_04,0,2,2026-05-28 07:53:38
ESP_NODE_04,2,5,2026-05-28 07:54:44
ESP_NODE_04,0,6,2026-05-28 07:56:56
ESP_NODE_04,8,4,2026-05-28 07:58:02
ESP_NODE_04,3,2,2026-05-28 07:59:08
ESP_NODE_04,1,3,2026-05-28 08:00:14
ESP_NODE_04,4,7,2026-05-28 08:01:21
ESP_NODE_04,2,2,2026-05-28 08:02:27
ESP_NODE_04,1,5,2026-05-28 08:03:33
ESP_NODE_04,3,9,2026-05-28 08:04:39
ESP_NODE_04,6,5,2026-05-28 08:05:45
ESP_NODE_04,1,6,2026-05-28 08:06:51
ESP_NODE_04,5,6,2026-05-28 08:07:58
ESP_NODE_04,5,12,2026-05-28 08:09:04
ESP_NODE_04,11,7,2026-05-28 08:10:10
ESP_NODE_04,9,9,2026-05-28 08:11:16
ESP_NODE_04,1,6,2026-05-28 08:12:22
ESP_NODE_04,5,6,2026-05-28 08:13:28
ESP_NODE_04,5,7,2026-05-28 08:14:34
ESP_NODE_04,5,7,2026-05-28 08:15:40
ESP_NODE_04,4,6,2026-05-28 08:18:02
ESP_NODE_04,3,5,2026-05-28 08:19:07
ESP_NODE_04,0,5,2026-05-28 08:20:14
ESP_NODE_04,5,3,2026-05-28 08:21:20
ESP_NODE_04,3,2,2026-05-28 08:22:26
ESP_NODE_04,7,3,2026-05-28 08:24:47
ESP_NODE_04,3,6,2026-05-28 08:25:53
ESP_NODE_04,4,4,2026-05-28 08:26:59
ESP_NODE_04,4,0,2026-05-28 08:28:05
ESP_NODE_04,5,1,2026-05-28 08:30:26
ESP_NODE_04,6,0,2026-05-28 08:31:32
ESP_NODE_04,0,12,2026-05-28 08:32:38
ESP_NODE_04,1,0,2026-05-28 08:33:44
ESP_NODE_04,0,1,2026-05-28 08:34:49
ESP_NODE_04,2,0,2026-05-28 08:35:55
ESP_NODE_04,2,0,2026-05-28 08:37:02
ESP_NODE_04,0,0,2026-05-28 08:38:08
ESP_NODE_04,1,1,2026-05-28 08:39:14
ESP_NODE_04,2,0,2026-05-28 08:40:20
ESP_NODE_04,1,0,2026-05-28 08:41:27
ESP_NODE_04,1,0,2026-05-28 08:42:33
ESP_NODE_04,3,0,2026-05-28 08:43:39
ESP_NODE_04,1,1,2026-05-28 08:44:45
ESP_NODE_04,1,0,2026-05-28 08:45:51
ESP_NODE_04,0,0,2026-05-28 08:46:57
ESP_NODE_04,0,0,2026-05-28 08:48:03
ESP_NODE_03,0,0,2026-05-28 08:49:48
ESP_NODE_01,0,0,2026-05-28 08:49:48
ESP_NODE_02,0,0,2026-05-28 08:49:48
ESP_NODE_03,1,1,2026-05-28 08:50:55
ESP_NODE_01,1,5,2026-05-28 08:50:55
ESP_NODE_02,0,1,2026-05-28 08:50:55
ESP_NODE_04,1,0,2026-05-28 08:51:39
ESP_NODE_03,3,0,2026-05-28 08:52:01
ESP_NODE_01,2,2,2026-05-28 08:52:01
ESP_NODE_02,1,0,2026-05-28 08:52:01
ESP_NODE_04,0,0,2026-05-28 08:52:45
ESP_NODE_03,0,0,2026-05-28 08:53:07
ESP_NODE_01,0,2,2026-05-28 08:53:07
ESP_NODE_02,0,0,2026-05-28 08:53:07
ESP_NODE_04,0,0,2026-05-28 08:53:51
ESP_NODE_03,0,0,2026-05-28 08:54:13
ESP_NODE_01,0,2,2026-05-28 08:54:13
ESP_NODE_02,0,0,2026-05-28 08:54:13
ESP_NODE_04,2,1,2026-05-28 08:54:57
ESP_NODE_03,1,0,2026-05-28 08:55:19
ESP_NODE_01,1,2,2026-05-28 08:55:19
ESP_NODE_02,0,0,2026-05-28 08:55:19
ESP_NODE_04,3,3,2026-05-28 08:56:03
ESP_NODE_03,1,0,2026-05-28 08:56:25
ESP_NODE_01,1,2,2026-05-28 08:56:25
ESP_NODE_02,0,0,2026-05-28 08:56:25
ESP_NODE_03,4,0,2026-05-28 08:57:31
ESP_NODE_01,3,2,2026-05-28 08:57:31
ESP_NODE_02,1,0,2026-05-28 08:57:31
ESP_NODE_04,0,1,2026-05-28 08:58:17
ESP_NODE_03,1,0,2026-05-28 08:58:37
ESP_NODE_01,1,2,2026-05-28 08:58:37
ESP_NODE_02,0,0,2026-05-28 08:58:37
ESP_NODE_04,0,0,2026-05-28 08:59:23
ESP_NODE_03,4,0,2026-05-28 08:59:43
ESP_NODE_01,3,2,2026-05-28 08:59:43
ESP_NODE_02,1,0,2026-05-28 08:59:43
ESP_NODE_04,0,0,2026-05-28 09:00:29
ESP_NODE_03,1,1,2026-05-28 09:00:49
ESP_NODE_01,1,5,2026-05-28 09:00:49
ESP_NODE_02,7,8,2026-05-28 09:00:49
ESP_NODE_04,1,0,2026-05-28 09:01:35
ESP_NODE_03,1,0,2026-05-28 09:01:55
ESP_NODE_01,1,2,2026-05-28 09:01:55
ESP_NODE_02,6,9,2026-05-28 09:01:55
ESP_NODE_04,2,1,2026-05-28 09:02:42
ESP_NODE_03,1,1,2026-05-28 09:03:02
ESP_NODE_01,1,5,2026-05-28 09:03:02
ESP_NODE_02,5,12,2026-05-28 09:03:02
ESP_NODE_04,4,0,2026-05-28 09:03:47
ESP_NODE_04,0,1,2026-05-28 09:04:54
ESP_NODE_03,4,0,2026-05-28 09:05:14
ESP_NODE_01,3,2,2026-05-28 09:05:14
ESP_NODE_02,8,11,2026-05-28 09:05:14
ESP_NODE_04,0,0,2026-05-28 09:06:00
ESP_NODE_03,2,0,2026-05-28 09:06:20
ESP_NODE_01,1,2,2026-05-28 09:06:20
ESP_NODE_02,7,9,2026-05-28 09:06:20
ESP_NODE_04,0,1,2026-05-28 09:07:06
ESP_NODE_03,1,0,2026-05-28 09:07:26
ESP_NODE_01,1,2,2026-05-28 09:07:26
ESP_NODE_02,6,8,2026-05-28 09:07:26
ESP_NODE_03,2,0,2026-05-28 09:08:32
ESP_NODE_01,1,2,2026-05-28 09:08:32
ESP_NODE_02,6,12,2026-05-28 09:08:32
ESP_NODE_04,0,0,2026-05-28 09:09:27
ESP_NODE_03,2,1,2026-05-28 09:09:38
ESP_NODE_01,1,5,2026-05-28 09:09:38
ESP_NODE_02,8,11,2026-05-28 09:09:38
ESP_NODE_04,1,1,2026-05-28 09:10:34
ESP_NODE_03,4,2,2026-05-28 09:10:44
ESP_NODE_01,3,8,2026-05-28 09:10:44
ESP_NODE_02,7,9,2026-05-28 09:10:44
ESP_NODE_04,0,0,2026-05-28 09:11:40
ESP_NODE_03,1,0,2026-05-28 09:11:50
ESP_NODE_01,1,2,2026-05-28 09:11:50
ESP_NODE_02,5,11,2026-05-28 09:11:50
ESP_NODE_04,1,0,2026-05-28 09:12:46
ESP_NODE_03,4,0,2026-05-28 09:12:56
ESP_NODE_01,3,2,2026-05-28 09:12:56
ESP_NODE_02,8,10,2026-05-28 09:12:56
ESP_NODE_04,3,2,2026-05-28 09:13:53
ESP_NODE_04,0,0,2026-05-28 09:14:59
ESP_NODE_03,1,0,2026-05-28 09:15:17
ESP_NODE_01,1,2,2026-05-28 09:15:17
ESP_NODE_02,5,8,2026-05-28 09:15:17
ESP_NODE_04,0,0,2026-05-28 09:16:05
ESP_NODE_03,1,0,2026-05-28 09:16:23
ESP_NODE_01,1,2,2026-05-28 09:16:23
ESP_NODE_02,5,9,2026-05-28 09:16:23
ESP_NODE_04,2,0,2026-05-28 09:17:11
ESP_NODE_03,1,1,2026-05-28 09:17:29
ESP_NODE_01,1,5,2026-05-28 09:17:29
ESP_NODE_02,5,11,2026-05-28 09:17:29
ESP_NODE_04,6,0,2026-05-28 09:19:32
ESP_NODE_03,4,0,2026-05-28 09:19:41
ESP_NODE_01,3,2,2026-05-28 09:19:41
ESP_NODE_02,8,10,2026-05-28 09:19:41
ESP_NODE_04,3,1,2026-05-28 09:20:38
ESP_NODE_03,9,1,2026-05-28 09:20:47
ESP_NODE_01,6,5,2026-05-28 09:20:47
ESP_NODE_02,7,8,2026-05-28 09:20:47
ESP_NODE_03,3,0,2026-05-28 09:21:53
ESP_NODE_01,2,2,2026-05-28 09:21:53
ESP_NODE_02,7,11,2026-05-28 09:21:53
ESP_NODE_04,6,2,2026-05-28 09:22:51
ESP_NODE_03,4,1,2026-05-28 09:22:59
ESP_NODE_01,3,5,2026-05-28 09:22:59
ESP_NODE_02,7,10,2026-05-28 09:22:59
ESP_NODE_04,1,0,2026-05-28 09:23:57
ESP_NODE_03,1,1,2026-05-28 09:24:05
ESP_NODE_01,1,4,2026-05-28 09:24:05
ESP_NODE_02,5,11,2026-05-28 09:24:05
ESP_NODE_04,2,1,2026-05-28 09:25:03
ESP_NODE_03,3,0,2026-05-28 09:25:11
ESP_NODE_01,2,2,2026-05-28 09:25:11
ESP_NODE_02,6,9,2026-05-28 09:25:11
ESP_NODE_04,1,0,2026-05-28 09:26:09
ESP_NODE_03,0,0,2026-05-28 09:26:17
ESP_NODE_01,0,2,2026-05-28 09:26:17
ESP_NODE_02,6,12,2026-05-28 09:26:17
ESP_NODE_04,2,0,2026-05-28 09:27:15
ESP_NODE_03,3,0,2026-05-28 09:27:23
ESP_NODE_01,2,2,2026-05-28 09:27:23
ESP_NODE_02,5,9,2026-05-28 09:27:23
ESP_NODE_04,1,0,2026-05-28 09:28:21
ESP_NODE_03,0,1,2026-05-28 09:28:29
ESP_NODE_01,0,4,2026-05-28 09:28:29
ESP_NODE_02,5,9,2026-05-28 09:28:29
ESP_NODE_04,6,0,2026-05-28 09:29:27
ESP_NODE_03,2,0,2026-05-28 09:29:35
ESP_NODE_01,2,2,2026-05-28 09:29:35
ESP_NODE_02,8,10,2026-05-28 09:29:35
ESP_NODE_03,2,3,2026-05-28 09:31:47
ESP_NODE_01,1,10,2026-05-28 09:31:47
ESP_NODE_02,8,10,2026-05-28 09:31:47
ESP_NODE_04,3,0,2026-05-28 09:31:50
ESP_NODE_03,3,1,2026-05-28 09:32:53
ESP_NODE_01,2,5,2026-05-28 09:32:53
ESP_NODE_02,6,11,2026-05-28 09:32:53
ESP_NODE_04,4,0,2026-05-28 09:32:56
ESP_NODE_04,1,0,2026-05-28 09:34:03
ESP_NODE_03,5,3,2026-05-28 09:35:05
ESP_NODE_01,3,10,2026-05-28 09:35:05
ESP_NODE_02,6,11,2026-05-28 09:35:05
ESP_NODE_03,9,3,2026-05-28 09:36:11
ESP_NODE_01,6,9,2026-05-28 09:36:11
ESP_NODE_02,5,8,2026-05-28 09:36:11
ESP_NODE_04,6,5,2026-05-28 09:36:27
ESP_NODE_03,9,2,2026-05-28 09:37:18
ESP_NODE_01,6,7,2026-05-28 09:37:18
ESP_NODE_02,6,8,2026-05-28 09:37:18
ESP_NODE_04,8,5,2026-05-28 09:37:38
ESP_NODE_03,12,3,2026-05-28 09:38:24
ESP_NODE_01,8,10,2026-05-28 09:38:24
ESP_NODE_02,5,8,2026-05-28 09:38:24
ESP_NODE_04,3,5,2026-05-28 09:38:46
ESP_NODE_03,22,15,2026-05-28 09:39:30
ESP_NODE_01,15,40,2026-05-28 09:39:30
ESP_NODE_02,9,15,2026-05-28 09:39:30
ESP_NODE_04,4,7,2026-05-28 09:40:00
ESP_NODE_03,35,15,2026-05-28 09:40:36
ESP_NODE_01,24,42,2026-05-28 09:40:36
ESP_NODE_02,14,15,2026-05-28 09:40:36
ESP_NODE_04,3,4,2026-05-28 09:41:06
ESP_NODE_03,56,25,2026-05-28 09:41:42
ESP_NODE_01,38,69,2026-05-28 09:41:42
ESP_NODE_02,22,25,2026-05-28 09:41:42
ESP_NODE_04,4,5,2026-05-28 09:42:15
ESP_NODE_03,54,22,2026-05-28 09:42:49
ESP_NODE_01,36,59,2026-05-28 09:42:49
ESP_NODE_02,21,22,2026-05-28 09:42:49
ESP_NODE_04,9,4,2026-05-28 09:43:28
ESP_NODE_03,57,21,2026-05-28 09:43:55
ESP_NODE_01,38,58,2026-05-28 09:43:55
ESP_NODE_02,23,21,2026-05-28 09:43:55
ESP_NODE_04,8,6,2026-05-28 09:44:40
ESP_NODE_03,19,21,2026-05-28 09:45:01
ESP_NODE_01,13,57,2026-05-28 09:45:01
ESP_NODE_02,7,21,2026-05-28 09:45:01
ESP_NODE_04,6,6,2026-05-28 09:45:50
ESP_NODE_03,43,29,2026-05-28 09:46:07
ESP_NODE_01,29,79,2026-05-28 09:46:07
ESP_NODE_02,17,29,2026-05-28 09:46:07
ESP_NODE_04,4,6,2026-05-28 09:46:56
ESP_NODE_03,35,31,2026-05-28 09:47:13
ESP_NODE_01,23,84,2026-05-28 09:47:13
ESP_NODE_02,14,31,2026-05-28 09:47:13
ESP_NODE_04,4,6,2026-05-28 09:48:05
ESP_NODE_04,3,9,2026-05-28 09:49:11
ESP_NODE_03,79,43,2026-05-28 09:49:26
ESP_NODE_01,53,117,2026-05-28 09:49:26
ESP_NODE_02,31,43,2026-05-28 09:49:26
ESP_NODE_04,4,8,2026-05-28 09:50:17
ESP_NODE_03,40,34,2026-05-28 09:50:32
ESP_NODE_01,27,92,2026-05-28 09:50:32
ESP_NODE_02,16,34,2026-05-28 09:50:32
ESP_NODE_04,5,9,2026-05-28 09:51:23
ESP_NODE_04,7,9,2026-05-28 09:52:30
ESP_NODE_03,50,39,2026-05-28 09:52:45
ESP_NODE_01,33,106,2026-05-28 09:52:45
ESP_NODE_02,20,39,2026-05-28 09:52:45
ESP_NODE_04,8,8,2026-05-28 09:53:37
ESP_NODE_03,78,31,2026-05-28 09:53:51
ESP_NODE_01,52,83,2026-05-28 09:53:51
ESP_NODE_02,31,31,2026-05-28 09:53:51
ESP_NODE_04,22,11,2026-05-28 09:54:43
ESP_NODE_03,121,27,2026-05-28 09:54:59
ESP_NODE_01,81,72,2026-05-28 09:54:59
ESP_NODE_02,48,27,2026-05-28 09:54:59
ESP_NODE_04,11,11,2026-05-28 09:55:49
ESP_NODE_03,70,28,2026-05-28 09:56:05
ESP_NODE_01,47,76,2026-05-28 09:56:05
ESP_NODE_02,28,28,2026-05-28 09:56:05
ESP_NODE_04,9,8,2026-05-28 09:56:55
ESP_NODE_03,53,30,2026-05-28 09:57:12
ESP_NODE_01,35,80,2026-05-28 09:57:12
ESP_NODE_02,21,30,2026-05-28 09:57:12
ESP_NODE_04,3,10,2026-05-28 09:58:01
ESP_NODE_03,51,28,2026-05-28 09:58:18
ESP_NODE_01,34,76,2026-05-28 09:58:18
ESP_NODE_02,20,28,2026-05-28 09:58:18
ESP_NODE_04,10,9,2026-05-28 09:59:07
ESP_NODE_03,28,29,2026-05-28 09:59:25
ESP_NODE_01,19,79,2026-05-28 09:59:25
ESP_NODE_02,11,29,2026-05-28 09:59:25
ESP_NODE_04,7,7,2026-05-28 10:00:14
ESP_NODE_03,67,38,2026-05-28 10:00:31
ESP_NODE_01,45,103,2026-05-28 10:00:31
ESP_NODE_02,26,38,2026-05-28 10:00:31
ESP_NODE_04,10,9,2026-05-28 10:01:24
ESP_NODE_04,9,10,2026-05-28 10:02:30
ESP_NODE_03,86,33,2026-05-28 10:02:45
ESP_NODE_01,57,88,2026-05-28 10:02:45
ESP_NODE_02,34,33,2026-05-28 10:02:45
ESP_NODE_04,12,15,2026-05-28 10:03:41
ESP_NODE_03,59,38,2026-05-28 10:03:51
ESP_NODE_01,40,102,2026-05-28 10:03:51
ESP_NODE_02,23,38,2026-05-28 10:03:51
ESP_NODE_04,37,22,2026-05-28 10:04:50
ESP_NODE_03,30,42,2026-05-28 10:04:57
ESP_NODE_01,20,113,2026-05-28 10:04:57
ESP_NODE_02,12,42,2026-05-28 10:04:57
ESP_NODE_04,30,11,2026-05-28 10:06:01
ESP_NODE_03,26,27,2026-05-28 10:06:03
ESP_NODE_01,17,73,2026-05-28 10:06:03
ESP_NODE_02,10,27,2026-05-28 10:06:03
ESP_NODE_03,40,34,2026-05-28 10:07:10
ESP_NODE_01,26,93,2026-05-28 10:07:10
ESP_NODE_02,16,34,2026-05-28 10:07:10
ESP_NODE_04,9,12,2026-05-28 10:07:19
ESP_NODE_03,23,30,2026-05-28 10:08:16
ESP_NODE_01,15,80,2026-05-28 10:08:16
ESP_NODE_02,9,30,2026-05-28 10:08:16
ESP_NODE_04,9,12,2026-05-28 10:08:30
ESP_NODE_03,72,33,2026-05-28 10:09:22
ESP_NODE_01,48,88,2026-05-28 10:09:22
ESP_NODE_02,28,33,2026-05-28 10:09:22
ESP_NODE_04,22,12,2026-05-28 10:09:37
ESP_NODE_03,32,29,2026-05-28 10:10:29
ESP_NODE_01,21,79,2026-05-28 10:10:29
ESP_NODE_02,13,29,2026-05-28 10:10:29
ESP_NODE_04,11,9,2026-05-28 10:10:43
ESP_NODE_03,39,27,2026-05-28 10:11:35
ESP_NODE_01,26,74,2026-05-28 10:11:35
ESP_NODE_02,15,27,2026-05-28 10:11:35
ESP_NODE_04,2,8,2026-05-28 10:11:51
ESP_NODE_03,32,28,2026-05-28 10:12:42
ESP_NODE_01,21,76,2026-05-28 10:12:42
ESP_NODE_02,12,28,2026-05-28 10:12:42
ESP_NODE_04,1,8,2026-05-28 10:12:57
ESP_NODE_03,26,21,2026-05-28 10:13:48
ESP_NODE_01,17,57,2026-05-28 10:13:48
ESP_NODE_02,10,21,2026-05-28 10:13:48
ESP_NODE_04,14,10,2026-05-28 10:14:03
ESP_NODE_03,33,30,2026-05-28 10:14:54
ESP_NODE_01,22,81,2026-05-28 10:14:54
ESP_NODE_02,13,30,2026-05-28 10:14:54
ESP_NODE_04,11,11,2026-05-28 10:15:12
ESP_NODE_03,35,34,2026-05-28 10:16:00
ESP_NODE_01,23,93,2026-05-28 10:16:00
ESP_NODE_02,14,34,2026-05-28 10:16:00
ESP_NODE_04,10,16,2026-05-28 10:16:19
ESP_NODE_04,10,10,2026-05-28 10:17:27
ESP_NODE_03,34,25,2026-05-28 10:18:12
ESP_NODE_01,22,69,2026-05-28 10:18:12
ESP_NODE_02,13,25,2026-05-28 10:18:12
ESP_NODE_04,4,14,2026-05-28 10:18:33
ESP_NODE_03,31,32,2026-05-28 10:19:18
ESP_NODE_01,21,87,2026-05-28 10:19:18
ESP_NODE_02,12,32,2026-05-28 10:19:18
ESP_NODE_04,6,10,2026-05-28 10:19:40
ESP_NODE_03,25,25,2026-05-28 10:20:24
ESP_NODE_01,16,67,2026-05-28 10:20:24
ESP_NODE_02,10,25,2026-05-28 10:20:24
ESP_NODE_04,3,15,2026-05-28 10:20:47
ESP_NODE_03,23,29,2026-05-28 10:21:30
ESP_NODE_01,15,80,2026-05-28 10:21:30
ESP_NODE_02,9,29,2026-05-28 10:21:30
ESP_NODE_04,7,11,2026-05-28 10:21:55
ESP_NODE_03,37,33,2026-05-28 10:22:37
ESP_NODE_01,24,89,2026-05-28 10:22:37
ESP_NODE_02,14,33,2026-05-28 10:22:37
ESP_NODE_04,16,8,2026-05-28 10:23:03
ESP_NODE_03,23,28,2026-05-28 10:23:43
ESP_NODE_01,15,76,2026-05-28 10:23:43
ESP_NODE_02,9,28,2026-05-28 10:23:43
ESP_NODE_04,8,8,2026-05-28 10:24:09
ESP_NODE_03,26,36,2026-05-28 10:24:50
ESP_NODE_01,17,98,2026-05-28 10:24:50
ESP_NODE_02,10,36,2026-05-28 10:24:50
ESP_NODE_03,17,33,2026-05-28 10:25:56
ESP_NODE_01,11,89,2026-05-28 10:25:56
ESP_NODE_02,7,33,2026-05-28 10:25:56
ESP_NODE_04,11,12,2026-05-28 10:26:31
ESP_NODE_03,32,28,2026-05-28 10:27:02
ESP_NODE_01,22,75,2026-05-28 10:27:02
ESP_NODE_02,13,28,2026-05-28 10:27:02
ESP_NODE_04,16,11,2026-05-28 10:27:37
ESP_NODE_03,23,25,2026-05-28 10:28:08
ESP_NODE_01,15,68,2026-05-28 10:28:08
ESP_NODE_02,9,25,2026-05-28 10:28:08
ESP_NODE_04,7,10,2026-05-28 10:28:43
ESP_NODE_03,22,22,2026-05-28 10:29:15
ESP_NODE_01,14,59,2026-05-28 10:29:15
ESP_NODE_02,8,22,2026-05-28 10:29:15
ESP_NODE_03,20,23,2026-05-28 10:30:21
ESP_NODE_01,13,63,2026-05-28 10:30:21
ESP_NODE_02,8,23,2026-05-28 10:30:21
ESP_NODE_04,10,14,2026-05-28 10:31:00
ESP_NODE_03,39,17,2026-05-28 10:31:28
ESP_NODE_01,26,48,2026-05-28 10:31:28
ESP_NODE_02,15,17,2026-05-28 10:31:28
ESP_NODE_04,11,13,2026-05-28 10:32:06
ESP_NODE_03,24,12,2026-05-28 10:32:35
ESP_NODE_01,16,33,2026-05-28 10:32:35
ESP_NODE_02,9,12,2026-05-28 10:32:35
ESP_NODE_04,10,15,2026-05-28 10:33:15
ESP_NODE_03,31,9,2026-05-28 10:33:41
ESP_NODE_01,21,26,2026-05-28 10:33:41
ESP_NODE_02,12,9,2026-05-28 10:33:41
ESP_NODE_04,11,19,2026-05-28 10:34:25
ESP_NODE_03,16,19,2026-05-28 10:34:47
ESP_NODE_01,10,51,2026-05-28 10:34:47
ESP_NODE_02,6,19,2026-05-28 10:34:47
ESP_NODE_04,9,10,2026-05-28 10:35:34
ESP_NODE_03,13,16,2026-05-28 10:35:54
ESP_NODE_01,8,43,2026-05-28 10:35:54
ESP_NODE_02,5,16,2026-05-28 10:35:54
ESP_NODE_04,12,11,2026-05-28 10:36:40
ESP_NODE_03,16,11,2026-05-28 10:37:00
ESP_NODE_01,10,30,2026-05-28 10:37:00
ESP_NODE_02,6,11,2026-05-28 10:37:00
ESP_NODE_04,10,12,2026-05-28 10:37:50
ESP_NODE_03,22,15,2026-05-28 10:38:06
ESP_NODE_01,15,41,2026-05-28 10:38:06
ESP_NODE_02,9,15,2026-05-28 10:38:06
ESP_NODE_04,11,11,2026-05-28 10:38:56
ESP_NODE_03,16,21,2026-05-28 10:39:12
ESP_NODE_01,11,58,2026-05-28 10:39:12
ESP_NODE_02,6,21,2026-05-28 10:39:12
ESP_NODE_04,7,17,2026-05-28 10:40:06
ESP_NODE_03,30,14,2026-05-28 10:40:19
ESP_NODE_01,20,38,2026-05-28 10:40:19
ESP_NODE_02,12,14,2026-05-28 10:40:19
ESP_NODE_04,12,16,2026-05-28 10:41:15
ESP_NODE_03,15,15,2026-05-28 10:41:26
ESP_NODE_01,10,41,2026-05-28 10:41:26
ESP_NODE_02,6,15,2026-05-28 10:41:26
ESP_NODE_04,16,22,2026-05-28 10:42:21
ESP_NODE_03,22,20,2026-05-28 10:42:32
ESP_NODE_01,15,56,2026-05-28 10:42:32
ESP_NODE_02,9,20,2026-05-28 10:42:32
ESP_NODE_04,23,16,2026-05-28 10:43:29
ESP_NODE_03,19,13,2026-05-28 10:43:38
ESP_NODE_01,13,34,2026-05-28 10:43:38
ESP_NODE_02,7,13,2026-05-28 10:43:38
ESP_NODE_04,17,18,2026-05-28 10:44:42
ESP_NODE_03,23,11,2026-05-28 10:44:44
ESP_NODE_01,16,29,2026-05-28 10:44:44
ESP_NODE_02,9,11,2026-05-28 10:44:44
ESP_NODE_03,26,12,2026-05-28 10:45:50
ESP_NODE_01,18,33,2026-05-28 10:45:50
ESP_NODE_02,10,12,2026-05-28 10:45:50
ESP_NODE_04,16,17,2026-05-28 10:45:51
ESP_NODE_03,16,17,2026-05-28 10:46:56
ESP_NODE_01,11,46,2026-05-28 10:46:56
ESP_NODE_02,6,17,2026-05-28 10:46:56
ESP_NODE_04,10,14,2026-05-28 10:46:57
ESP_NODE_03,33,18,2026-05-28 10:48:02
ESP_NODE_01,22,50,2026-05-28 10:48:02
ESP_NODE_02,13,18,2026-05-28 10:48:02
ESP_NODE_04,10,16,2026-05-28 10:48:03
ESP_NODE_03,17,17,2026-05-28 10:49:10
ESP_NODE_01,11,47,2026-05-28 10:49:10
ESP_NODE_02,7,17,2026-05-28 10:49:10
ESP_NODE_04,5,14,2026-05-28 10:49:10
ESP_NODE_03,23,14,2026-05-28 10:50:16
ESP_NODE_01,15,40,2026-05-28 10:50:16
ESP_NODE_02,9,14,2026-05-28 10:50:16
ESP_NODE_04,6,14,2026-05-28 10:50:22
ESP_NODE_03,16,10,2026-05-28 10:51:22
ESP_NODE_01,10,29,2026-05-28 10:51:22
ESP_NODE_02,6,10,2026-05-28 10:51:22
ESP_NODE_04,7,12,2026-05-28 10:51:33
ESP_NODE_03,24,11,2026-05-28 10:52:28
ESP_NODE_01,16,30,2026-05-28 10:52:28
ESP_NODE_02,9,11,2026-05-28 10:52:28
ESP_NODE_03,23,16,2026-05-28 10:53:34
ESP_NODE_01,15,44,2026-05-28 10:53:34
ESP_NODE_02,9,16,2026-05-28 10:53:34
ESP_NODE_04,11,19,2026-05-28 10:53:59
ESP_NODE_03,26,14,2026-05-28 10:54:40
ESP_NODE_01,17,40,2026-05-28 10:54:40
ESP_NODE_02,10,14,2026-05-28 10:54:40
ESP_NODE_04,5,18,2026-05-28 10:55:06
ESP_NODE_03,27,10,2026-05-28 10:55:47
ESP_NODE_01,18,26,2026-05-28 10:55:47
ESP_NODE_02,10,10,2026-05-28 10:55:47
ESP_NODE_04,4,15,2026-05-28 10:56:14
ESP_NODE_03,19,11,2026-05-28 10:56:53
ESP_NODE_01,12,31,2026-05-28 10:56:53
ESP_NODE_02,7,11,2026-05-28 10:56:53
ESP_NODE_04,10,20,2026-05-28 10:57:21
ESP_NODE_03,26,17,2026-05-28 10:57:59
ESP_NODE_01,18,48,2026-05-28 10:57:59
ESP_NODE_02,10,17,2026-05-28 10:57:59
ESP_NODE_04,12,22,2026-05-28 10:58:28
ESP_NODE_03,25,14,2026-05-28 10:59:05
ESP_NODE_01,16,37,2026-05-28 10:59:05
ESP_NODE_02,10,14,2026-05-28 10:59:05
ESP_NODE_04,8,19,2026-05-28 10:59:36
ESP_NODE_03,22,23,2026-05-28 11:00:11
ESP_NODE_01,15,63,2026-05-28 11:00:11
ESP_NODE_02,9,23,2026-05-28 11:00:11
ESP_NODE_04,11,23,2026-05-28 11:00:42
ESP_NODE_03,21,19,2026-05-28 11:01:17
ESP_NODE_01,14,51,2026-05-28 11:01:17
ESP_NODE_02,8,19,2026-05-28 11:01:17
ESP_NODE_04,18,21,2026-05-28 11:01:48
ESP_NODE_03,19,14,2026-05-28 11:02:23
ESP_NODE_01,13,37,2026-05-28 11:02:23
ESP_NODE_02,7,14,2026-05-28 11:02:23
ESP_NODE_04,19,29,2026-05-28 11:02:55
ESP_NODE_04,20,22,2026-05-28 11:04:02
ESP_NODE_03,20,17,2026-05-28 11:04:35
ESP_NODE_01,13,46,2026-05-28 11:04:35
ESP_NODE_02,8,17,2026-05-28 11:04:35
ESP_NODE_04,14,24,2026-05-28 11:05:09
ESP_NODE_03,22,21,2026-05-28 11:05:41
ESP_NODE_01,15,58,2026-05-28 11:05:41
ESP_NODE_02,9,21,2026-05-28 11:05:41
ESP_NODE_04,23,22,2026-05-28 11:06:15
ESP_NODE_03,27,25,2026-05-28 11:06:48
ESP_NODE_01,18,68,2026-05-28 11:06:48
ESP_NODE_02,11,25,2026-05-28 11:06:48
ESP_NODE_04,18,28,2026-05-28 11:07:22
ESP_NODE_03,26,25,2026-05-28 11:07:54
ESP_NODE_01,17,67,2026-05-28 11:07:54
ESP_NODE_02,10,25,2026-05-28 11:07:54
ESP_NODE_04,12,25,2026-05-28 11:08:30
ESP_NODE_03,45,23,2026-05-28 11:09:00
ESP_NODE_01,30,61,2026-05-28 11:09:00
ESP_NODE_02,18,23,2026-05-28 11:09:00
ESP_NODE_04,16,22,2026-05-28 11:09:37
ESP_NODE_03,40,25,2026-05-28 11:10:06
ESP_NODE_01,26,69,2026-05-28 11:10:06
ESP_NODE_02,16,25,2026-05-28 11:10:06
ESP_NODE_04,16,25,2026-05-28 11:10:44
ESP_NODE_03,33,24,2026-05-28 11:12:26
ESP_NODE_01,22,66,2026-05-28 11:12:26
ESP_NODE_02,13,24,2026-05-28 11:12:26
ESP_NODE_04,9,23,2026-05-28 11:13:06
ESP_NODE_03,35,28,2026-05-28 11:13:32
ESP_NODE_01,23,76,2026-05-28 11:13:32
ESP_NODE_02,14,28,2026-05-28 11:13:32
ESP_NODE_03,31,27,2026-05-28 11:14:38
ESP_NODE_01,21,73,2026-05-28 11:14:38
ESP_NODE_02,12,27,2026-05-28 11:14:38
ESP_NODE_04,16,26,2026-05-28 11:15:27
ESP_NODE_03,33,27,2026-05-28 11:15:45
ESP_NODE_01,22,73,2026-05-28 11:15:45
ESP_NODE_02,13,27,2026-05-28 11:15:45
ESP_NODE_03,23,24,2026-05-28 11:16:51
ESP_NODE_01,15,64,2026-05-28 11:16:51
ESP_NODE_02,9,24,2026-05-28 11:16:51
ESP_NODE_03,30,30,2026-05-28 11:17:57
ESP_NODE_01,20,80,2026-05-28 11:17:57
ESP_NODE_02,12,30,2026-05-28 11:17:57
ESP_NODE_03,32,25,2026-05-28 11:19:03
ESP_NODE_01,22,67,2026-05-28 11:19:03
ESP_NODE_02,13,25,2026-05-28 11:19:03
ESP_NODE_03,25,28,2026-05-28 11:20:09
ESP_NODE_01,17,76,2026-05-28 11:20:09
ESP_NODE_02,10,28,2026-05-28 11:20:09
ESP_NODE_03,65,17,2026-05-28 11:21:15
ESP_NODE_01,44,47,2026-05-28 11:21:15
ESP_NODE_02,26,17,2026-05-28 11:21:15
ESP_NODE_03,37,19,2026-05-28 11:22:21
ESP_NODE_01,25,53,2026-05-28 11:22:21
ESP_NODE_02,15,19,2026-05-28 11:22:21
ESP_NODE_03,45,22,2026-05-28 11:23:28
ESP_NODE_01,30,59,2026-05-28 11:23:28
ESP_NODE_02,18,22,2026-05-28 11:23:28
ESP_NODE_04,11,21,2026-05-28 11:24:06
ESP_NODE_03,57,32,2026-05-28 11:24:34
ESP_NODE_01,38,87,2026-05-28 11:24:34
ESP_NODE_02,22,32,2026-05-28 11:24:34
ESP_NODE_04,16,18,2026-05-28 11:25:12
ESP_NODE_03,55,41,2026-05-28 11:25:40
ESP_NODE_01,37,112,2026-05-28 11:25:40
ESP_NODE_02,22,41,2026-05-28 11:25:40
ESP_NODE_04,11,17,2026-05-28 11:26:19
ESP_NODE_03,43,44,2026-05-28 11:26:46
ESP_NODE_01,29,119,2026-05-28 11:26:46
ESP_NODE_02,17,44,2026-05-28 11:26:46
ESP_NODE_04,20,20,2026-05-28 11:27:25
ESP_NODE_03,65,43,2026-05-28 11:27:53
ESP_NODE_01,43,117,2026-05-28 11:27:53
ESP_NODE_02,26,43,2026-05-28 11:27:53
ESP_NODE_04,20,11,2026-05-28 11:28:31
ESP_NODE_04,21,13,2026-05-28 11:29:37
ESP_NODE_03,34,38,2026-05-28 11:30:05
ESP_NODE_01,23,102,2026-05-28 11:30:05
ESP_NODE_02,13,38,2026-05-28 11:30:05
ESP_NODE_04,10,13,2026-05-28 11:30:48
ESP_NODE_03,27,39,2026-05-28 11:31:14
ESP_NODE_01,18,106,2026-05-28 11:31:14
ESP_NODE_02,11,39,2026-05-28 11:31:14
ESP_NODE_04,10,13,2026-05-28 11:31:56
ESP_NODE_03,53,38,2026-05-28 11:32:20
ESP_NODE_01,35,103,2026-05-28 11:32:20
ESP_NODE_02,21,38,2026-05-28 11:32:20
ESP_NODE_04,7,17,2026-05-28 11:33:03
ESP_NODE_03,43,38,2026-05-28 11:33:27
ESP_NODE_01,29,102,2026-05-28 11:33:27
ESP_NODE_02,17,38,2026-05-28 11:33:27
ESP_NODE_04,8,17,2026-05-28 11:34:19
ESP_NODE_03,46,48,2026-05-28 11:34:33
ESP_NODE_01,31,130,2026-05-28 11:34:33
ESP_NODE_02,18,48,2026-05-28 11:34:33
ESP_NODE_04,11,11,2026-05-28 11:35:35
ESP_NODE_03,36,57,2026-05-28 11:35:40
ESP_NODE_01,24,154,2026-05-28 11:35:40
ESP_NODE_02,14,57,2026-05-28 11:35:40
ESP_NODE_04,23,13,2026-05-28 11:36:45
ESP_NODE_03,49,45,2026-05-28 11:36:46
ESP_NODE_01,33,122,2026-05-28 11:36:46
ESP_NODE_02,19,45,2026-05-28 11:36:46
ESP_NODE_03,32,58,2026-05-28 11:37:53
ESP_NODE_01,21,156,2026-05-28 11:37:53
ESP_NODE_02,13,58,2026-05-28 11:37:53
ESP_NODE_04,2,12,2026-05-28 11:37:54
ESP_NODE_03,49,54,2026-05-28 11:38:59
ESP_NODE_01,32,145,2026-05-28 11:38:59
ESP_NODE_02,19,54,2026-05-28 11:38:59
ESP_NODE_04,18,13,2026-05-28 11:39:04
ESP_NODE_03,45,47,2026-05-28 11:40:05
ESP_NODE_01,30,127,2026-05-28 11:40:05
ESP_NODE_02,18,47,2026-05-28 11:40:05
ESP_NODE_04,7,14,2026-05-28 11:40:11
ESP_NODE_03,41,55,2026-05-28 11:41:12
ESP_NODE_01,27,147,2026-05-28 11:41:12
ESP_NODE_02,16,55,2026-05-28 11:41:12
ESP_NODE_04,10,10,2026-05-28 11:41:21
ESP_NODE_03,53,41,2026-05-28 11:42:24
ESP_NODE_01,36,111,2026-05-28 11:42:24
ESP_NODE_02,21,41,2026-05-28 11:42:24
ESP_NODE_04,7,13,2026-05-28 11:42:28
ESP_NODE_03,33,46,2026-05-28 11:43:30
ESP_NODE_01,22,125,2026-05-28 11:43:30
ESP_NODE_02,13,46,2026-05-28 11:43:30
ESP_NODE_04,13,17,2026-05-28 11:43:37
ESP_NODE_03,42,42,2026-05-28 11:44:36
ESP_NODE_01,28,114,2026-05-28 11:44:36
ESP_NODE_02,17,42,2026-05-28 11:44:36
ESP_NODE_04,6,17,2026-05-28 11:44:45
ESP_NODE_03,35,44,2026-05-28 11:45:43
ESP_NODE_01,23,119,2026-05-28 11:45:43
ESP_NODE_02,14,44,2026-05-28 11:45:43
ESP_NODE_04,9,11,2026-05-28 11:45:53
ESP_NODE_03,16,51,2026-05-28 11:46:48
ESP_NODE_01,11,139,2026-05-28 11:46:48
ESP_NODE_02,6,51,2026-05-28 11:46:48
ESP_NODE_03,49,51,2026-05-28 11:47:55
ESP_NODE_01,33,139,2026-05-28 11:47:55
ESP_NODE_02,19,51,2026-05-28 11:47:55
ESP_NODE_04,5,14,2026-05-28 11:48:14
ESP_NODE_03,56,46,2026-05-28 11:49:01
ESP_NODE_01,37,124,2026-05-28 11:49:01
ESP_NODE_02,22,46,2026-05-28 11:49:01
ESP_NODE_04,15,18,2026-05-28 11:49:22
ESP_NODE_03,35,48,2026-05-28 11:50:07
ESP_NODE_01,23,130,2026-05-28 11:50:07
ESP_NODE_02,14,48,2026-05-28 11:50:07
ESP_NODE_04,19,13,2026-05-28 11:50:33
ESP_NODE_03,69,40,2026-05-28 11:51:13
ESP_NODE_01,46,108,2026-05-28 11:51:13
ESP_NODE_02,27,40,2026-05-28 11:51:13
ESP_NODE_04,14,13,2026-05-28 11:51:42
ESP_NODE_03,42,45,2026-05-28 11:52:20
ESP_NODE_01,28,121,2026-05-28 11:52:20
ESP_NODE_02,17,45,2026-05-28 11:52:20
ESP_NODE_04,24,13,2026-05-28 11:52:54
ESP_NODE_03,74,49,2026-05-28 11:53:26
ESP_NODE_01,49,133,2026-05-28 11:53:26
ESP_NODE_02,29,49,2026-05-28 11:53:26
ESP_NODE_03,69,40,2026-05-28 11:54:39
ESP_NODE_01,46,109,2026-05-28 11:54:39
ESP_NODE_02,27,40,2026-05-28 11:54:39
ESP_NODE_04,6,15,2026-05-28 11:55:16
ESP_NODE_03,93,42,2026-05-28 11:55:45
ESP_NODE_01,62,112,2026-05-28 11:55:45
ESP_NODE_02,37,42,2026-05-28 11:55:45
ESP_NODE_04,7,19,2026-05-28 11:56:23
ESP_NODE_03,55,40,2026-05-28 11:56:52
ESP_NODE_01,37,107,2026-05-28 11:56:52
ESP_NODE_02,22,40,2026-05-28 11:56:52
ESP_NODE_04,17,15,2026-05-28 11:57:29
ESP_NODE_03,59,29,2026-05-28 11:58:09
ESP_NODE_01,39,78,2026-05-28 11:58:09
ESP_NODE_02,23,29,2026-05-28 11:58:09
ESP_NODE_04,7,13,2026-05-28 11:58:35
ESP_NODE_03,71,32,2026-05-28 11:59:21
ESP_NODE_01,47,88,2026-05-28 11:59:21
ESP_NODE_02,28,32,2026-05-28 11:59:21
ESP_NODE_03,57,33,2026-05-28 12:00:27
ESP_NODE_01,38,91,2026-05-28 12:00:27
ESP_NODE_02,23,33,2026-05-28 12:00:27
ESP_NODE_04,13,23,2026-05-28 12:00:56
ESP_NODE_03,62,39,2026-05-28 12:01:33
ESP_NODE_01,41,106,2026-05-28 12:01:33
ESP_NODE_02,24,39,2026-05-28 12:01:33
ESP_NODE_04,15,19,2026-05-28 12:03:17
ESP_NODE_03,48,37,2026-05-28 12:03:47
ESP_NODE_01,32,99,2026-05-28 12:03:47
ESP_NODE_02,19,37,2026-05-28 12:03:47
ESP_NODE_04,22,23,2026-05-28 12:04:23
ESP_NODE_03,60,39,2026-05-28 12:04:53
ESP_NODE_01,40,106,2026-05-28 12:04:53
ESP_NODE_02,24,39,2026-05-28 12:04:53
ESP_NODE_03,48,39,2026-05-28 12:06:00
ESP_NODE_01,32,105,2026-05-28 12:06:00
ESP_NODE_02,19,39,2026-05-28 12:06:00
ESP_NODE_04,3,19,2026-05-28 12:06:35
ESP_NODE_03,42,33,2026-05-28 12:07:06
ESP_NODE_01,28,90,2026-05-28 12:07:06
ESP_NODE_02,17,33,2026-05-28 12:07:06
ESP_NODE_04,7,20,2026-05-28 12:07:42
ESP_NODE_03,22,35,2026-05-28 12:08:13
ESP_NODE_01,15,95,2026-05-28 12:08:13
ESP_NODE_02,9,35,2026-05-28 12:08:13
ESP_NODE_04,2,14,2026-05-28 12:08:48
ESP_NODE_03,51,37,2026-05-28 12:09:20
ESP_NODE_01,34,100,2026-05-28 12:09:20
ESP_NODE_02,20,37,2026-05-28 12:09:20
ESP_NODE_04,9,20,2026-05-28 12:09:54
ESP_NODE_03,44,36,2026-05-28 12:10:26
ESP_NODE_01,29,97,2026-05-28 12:10:26
ESP_NODE_02,17,36,2026-05-28 12:10:26
ESP_NODE_04,12,17,2026-05-28 12:11:01
ESP_NODE_03,27,38,2026-05-28 12:11:33
ESP_NODE_01,18,103,2026-05-28 12:11:33
ESP_NODE_02,10,38,2026-05-28 12:11:33
ESP_NODE_04,9,15,2026-05-28 12:12:08
ESP_NODE_03,30,42,2026-05-28 12:12:39
ESP_NODE_01,20,112,2026-05-28 12:12:39
ESP_NODE_02,12,42,2026-05-28 12:12:39
ESP_NODE_04,8,18,2026-05-28 12:13:16
ESP_NODE_03,36,45,2026-05-28 12:13:46
ESP_NODE_01,24,120,2026-05-28 12:13:46
ESP_NODE_02,14,45,2026-05-28 12:13:46
ESP_NODE_04,8,20,2026-05-28 12:14:24
ESP_NODE_03,61,49,2026-05-28 12:14:53
ESP_NODE_01,41,132,2026-05-28 12:14:53
ESP_NODE_02,24,49,2026-05-28 12:14:53
ESP_NODE_04,16,21,2026-05-28 12:15:31
ESP_NODE_03,53,35,2026-05-28 12:15:59
ESP_NODE_01,36,96,2026-05-28 12:15:59
ESP_NODE_02,21,35,2026-05-28 12:15:59
ESP_NODE_04,9,24,2026-05-28 12:16:37
ESP_NODE_04,19,29,2026-05-28 12:17:43
ESP_NODE_04,12,26,2026-05-28 12:18:50
ESP_NODE_04,8,31,2026-05-28 12:19:56
ESP_NODE_03,66,36,2026-05-28 12:20:48
ESP_NODE_01,44,97,2026-05-28 12:20:48
ESP_NODE_02,26,36,2026-05-28 12:20:48
ESP_NODE_04,9,22,2026-05-28 12:21:03
ESP_NODE_03,41,34,2026-05-28 12:21:56
ESP_NODE_01,27,93,2026-05-28 12:21:56
ESP_NODE_02,16,34,2026-05-28 12:21:56
ESP_NODE_04,12,25,2026-05-28 12:22:09
ESP_NODE_03,119,34,2026-05-28 12:23:03
ESP_NODE_01,79,93,2026-05-28 12:23:03
ESP_NODE_02,47,34,2026-05-28 12:23:03
ESP_NODE_04,4,19,2026-05-28 12:23:16
ESP_NODE_03,47,40,2026-05-28 12:24:11
ESP_NODE_01,31,107,2026-05-28 12:24:11
ESP_NODE_02,19,40,2026-05-28 12:24:11
ESP_NODE_04,5,20,2026-05-28 12:24:22
ESP_NODE_03,50,34,2026-05-28 12:25:18
ESP_NODE_01,33,93,2026-05-28 12:25:18
ESP_NODE_02,20,34,2026-05-28 12:25:18
ESP_NODE_04,13,19,2026-05-28 12:25:30
ESP_NODE_03,31,38,2026-05-28 12:26:30
ESP_NODE_01,21,104,2026-05-28 12:26:30
ESP_NODE_02,12,38,2026-05-28 12:26:30
ESP_NODE_04,4,19,2026-05-28 12:26:37
ESP_NODE_03,30,31,2026-05-28 12:27:37
ESP_NODE_01,20,85,2026-05-28 12:27:37
ESP_NODE_02,12,31,2026-05-28 12:27:37
ESP_NODE_04,13,23,2026-05-28 12:27:44
ESP_NODE_03,27,36,2026-05-28 12:28:43
ESP_NODE_01,18,97,2026-05-28 12:28:43
ESP_NODE_02,10,36,2026-05-28 12:28:43
ESP_NODE_03,33,31,2026-05-28 12:29:50
ESP_NODE_01,22,84,2026-05-28 12:29:50
ESP_NODE_02,13,31,2026-05-28 12:29:50
ESP_NODE_04,8,20,2026-05-28 12:30:12
ESP_NODE_03,33,28,2026-05-28 12:30:56
ESP_NODE_01,22,75,2026-05-28 12:30:56
ESP_NODE_02,13,28,2026-05-28 12:30:56
ESP_NODE_04,15,19,2026-05-28 12:31:23
ESP_NODE_03,55,36,2026-05-28 12:32:03
ESP_NODE_01,37,96,2026-05-28 12:32:03
ESP_NODE_02,22,36,2026-05-28 12:32:03
ESP_NODE_04,5,17,2026-05-28 12:32:33
ESP_NODE_03,37,37,2026-05-28 12:33:09
ESP_NODE_01,25,101,2026-05-28 12:33:09
ESP_NODE_02,15,37,2026-05-28 12:33:09
ESP_NODE_03,36,42,2026-05-28 12:34:17
ESP_NODE_01,24,114,2026-05-28 12:34:17
ESP_NODE_02,14,42,2026-05-28 12:34:17
ESP_NODE_03,43,33,2026-05-28 12:35:24
ESP_NODE_01,29,89,2026-05-28 12:35:24
ESP_NODE_02,17,33,2026-05-28 12:35:24
ESP_NODE_04,6,20,2026-05-28 12:36:08
ESP_NODE_03,20,32,2026-05-28 12:36:31
ESP_NODE_01,13,86,2026-05-28 12:36:31
ESP_NODE_02,8,32,2026-05-28 12:36:31
ESP_NODE_04,1,17,2026-05-28 12:37:17
ESP_NODE_03,28,29,2026-05-28 12:37:41
ESP_NODE_01,18,80,2026-05-28 12:37:41
ESP_NODE_02,11,29,2026-05-28 12:37:41
ESP_NODE_04,2,19,2026-05-28 12:38:25
ESP_NODE_03,43,47,2026-05-28 12:38:49
ESP_NODE_01,29,127,2026-05-28 12:38:49
ESP_NODE_02,17,47,2026-05-28 12:38:49
ESP_NODE_03,46,36,2026-05-28 12:39:57
ESP_NODE_01,31,97,2026-05-28 12:39:57
ESP_NODE_02,18,36,2026-05-28 12:39:57
ESP_NODE_03,35,24,2026-05-28 12:41:05
ESP_NODE_01,23,64,2026-05-28 12:41:05
ESP_NODE_02,14,24,2026-05-28 12:41:05
ESP_NODE_04,10,14,2026-05-28 12:41:59
ESP_NODE_03,40,34,2026-05-28 12:42:13
ESP_NODE_01,27,92,2026-05-28 12:42:13
ESP_NODE_02,16,34,2026-05-28 12:42:13
ESP_NODE_04,18,17,2026-05-28 12:43:08
ESP_NODE_03,63,41,2026-05-28 12:43:22
ESP_NODE_01,42,111,2026-05-28 12:43:22
ESP_NODE_02,25,41,2026-05-28 12:43:22
ESP_NODE_03,58,42,2026-05-28 12:44:32
ESP_NODE_01,39,115,2026-05-28 12:44:32
ESP_NODE_02,23,42,2026-05-28 12:44:32
ESP_NODE_03,36,34,2026-05-28 12:45:42
ESP_NODE_01,24,91,2026-05-28 12:45:42
ESP_NODE_02,14,34,2026-05-28 12:45:42
ESP_NODE_04,2,14,2026-05-28 12:46:37
ESP_NODE_03,44,41,2026-05-28 12:46:49
ESP_NODE_01,29,110,2026-05-28 12:46:49
ESP_NODE_02,17,41,2026-05-28 12:46:49
ESP_NODE_03,29,29,2026-05-28 12:47:55
ESP_NODE_01,19,79,2026-05-28 12:47:55
ESP_NODE_02,11,29,2026-05-28 12:47:55
ESP_NODE_04,30,15,2026-05-28 12:48:51
ESP_NODE_03,38,45,2026-05-28 12:49:02
ESP_NODE_01,25,120,2026-05-28 12:49:02
ESP_NODE_02,15,45,2026-05-28 12:49:02
ESP_NODE_04,25,17,2026-05-28 12:49:57
ESP_NODE_03,53,45,2026-05-28 12:50:08
ESP_NODE_01,36,122,2026-05-28 12:50:08
ESP_NODE_02,21,45,2026-05-28 12:50:08
ESP_NODE_04,15,9,2026-05-28 12:51:04
ESP_NODE_03,44,35,2026-05-28 12:51:14
ESP_NODE_01,29,95,2026-05-28 12:51:14
ESP_NODE_02,17,35,2026-05-28 12:51:14
ESP_NODE_04,17,11,2026-05-28 12:52:10
ESP_NODE_03,50,41,2026-05-28 12:52:20
ESP_NODE_01,34,109,2026-05-28 12:52:20
ESP_NODE_02,20,41,2026-05-28 12:52:20
ESP_NODE_04,19,19,2026-05-28 12:53:16
ESP_NODE_03,43,44,2026-05-28 12:53:27
ESP_NODE_01,29,118,2026-05-28 12:53:27
ESP_NODE_02,17,44,2026-05-28 12:53:27
ESP_NODE_04,9,12,2026-05-28 12:54:23
ESP_NODE_03,52,34,2026-05-28 12:54:33
ESP_NODE_01,35,92,2026-05-28 12:54:33
ESP_NODE_02,20,34,2026-05-28 12:54:33
ESP_NODE_04,14,17,2026-05-28 12:55:29
ESP_NODE_03,46,33,2026-05-28 12:55:39
ESP_NODE_01,31,89,2026-05-28 12:55:39
ESP_NODE_02,18,33,2026-05-28 12:55:39
ESP_NODE_04,22,18,2026-05-28 12:56:35
ESP_NODE_03,54,43,2026-05-28 12:56:47
ESP_NODE_01,36,116,2026-05-28 12:56:47
ESP_NODE_02,21,43,2026-05-28 12:56:47
ESP_NODE_04,14,14,2026-05-28 12:57:41
ESP_NODE_03,52,48,2026-05-28 12:57:53
ESP_NODE_01,34,129,2026-05-28 12:57:53
ESP_NODE_02,20,48,2026-05-28 12:57:53
ESP_NODE_04,16,10,2026-05-28 12:58:48
ESP_NODE_03,38,35,2026-05-28 12:59:00
ESP_NODE_01,25,96,2026-05-28 12:59:00
ESP_NODE_02,15,35,2026-05-28 12:59:00
ESP_NODE_04,14,16,2026-05-28 12:59:54
ESP_NODE_03,63,43,2026-05-28 13:00:07
ESP_NODE_01,42,116,2026-05-28 13:00:07
ESP_NODE_02,25,43,2026-05-28 13:00:07
ESP_NODE_04,7,8,2026-05-28 13:01:02
ESP_NODE_03,55,37,2026-05-28 13:01:20
ESP_NODE_01,37,100,2026-05-28 13:01:20
ESP_NODE_02,22,37,2026-05-28 13:01:20
ESP_NODE_04,4,5,2026-05-28 13:02:08
ESP_NODE_03,60,40,2026-05-28 13:02:27
ESP_NODE_01,40,107,2026-05-28 13:02:27
ESP_NODE_02,24,40,2026-05-28 13:02:27
ESP_NODE_04,13,7,2026-05-28 13:03:15
ESP_NODE_03,41,41,2026-05-28 13:03:34
ESP_NODE_01,27,111,2026-05-28 13:03:34
ESP_NODE_02,16,41,2026-05-28 13:03:34
ESP_NODE_04,11,7,2026-05-28 13:04:25
ESP_NODE_03,42,46,2026-05-28 13:04:41
ESP_NODE_01,28,124,2026-05-28 13:04:41
ESP_NODE_02,17,46,2026-05-28 13:04:41
ESP_NODE_04,11,5,2026-05-28 13:05:37
ESP_NODE_04,10,9,2026-05-28 13:06:50
ESP_NODE_03,43,39,2026-05-28 13:06:54
ESP_NODE_01,28,104,2026-05-28 13:06:54
ESP_NODE_02,17,39,2026-05-28 13:06:54
ESP_NODE_04,11,3,2026-05-28 13:07:59
ESP_NODE_03,32,43,2026-05-28 13:08:02
ESP_NODE_01,21,116,2026-05-28 13:08:02
ESP_NODE_02,13,43,2026-05-28 13:08:02
ESP_NODE_04,9,5,2026-05-28 13:09:07
ESP_NODE_03,41,54,2026-05-28 13:09:11
ESP_NODE_01,27,146,2026-05-28 13:09:11
ESP_NODE_02,16,54,2026-05-28 13:09:11
ESP_NODE_04,13,9,2026-05-28 13:10:15
ESP_NODE_03,84,49,2026-05-28 13:10:18
ESP_NODE_01,56,131,2026-05-28 13:10:18
ESP_NODE_02,33,49,2026-05-28 13:10:18
ESP_NODE_03,36,35,2026-05-28 13:11:25
ESP_NODE_01,24,94,2026-05-28 13:11:25
ESP_NODE_02,14,35,2026-05-28 13:11:25
ESP_NODE_04,5,9,2026-05-28 13:11:31
ESP_NODE_04,6,8,2026-05-28 13:12:40
ESP_NODE_03,61,43,2026-05-28 13:13:37
ESP_NODE_01,41,115,2026-05-28 13:13:37
ESP_NODE_02,24,43,2026-05-28 13:13:37
ESP_NODE_04,6,7,2026-05-28 13:13:50
ESP_NODE_03,52,38,2026-05-28 13:14:44
ESP_NODE_01,35,102,2026-05-28 13:14:44
ESP_NODE_02,20,38,2026-05-28 13:14:44
ESP_NODE_03,34,34,2026-05-28 13:15:50
ESP_NODE_01,23,92,2026-05-28 13:15:50
ESP_NODE_02,13,34,2026-05-28 13:15:50
ESP_NODE_04,2,5,2026-05-28 13:16:21
ESP_NODE_03,44,36,2026-05-28 13:18:11
ESP_NODE_01,30,97,2026-05-28 13:18:11
ESP_NODE_02,17,36,2026-05-28 13:18:11
ESP_NODE_04,7,8,2026-05-28 13:18:45
ESP_NODE_03,47,29,2026-05-28 13:19:18
ESP_NODE_01,31,79,2026-05-28 13:19:18
ESP_NODE_02,18,29,2026-05-28 13:19:18
ESP_NODE_04,6,13,2026-05-28 13:19:52
ESP_NODE_03,68,21,2026-05-28 13:20:24
ESP_NODE_01,46,58,2026-05-28 13:20:24
ESP_NODE_02,27,21,2026-05-28 13:20:24
ESP_NODE_04,2,7,2026-05-28 13:21:01
ESP_NODE_03,52,26,2026-05-28 13:21:30
ESP_NODE_01,34,69,2026-05-28 13:21:30
ESP_NODE_02,20,26,2026-05-28 13:21:30
ESP_NODE_03,53,36,2026-05-28 13:22:36
ESP_NODE_01,35,98,2026-05-28 13:22:36
ESP_NODE_02,21,36,2026-05-28 13:22:36
ESP_NODE_04,19,9,2026-05-28 13:23:33
ESP_NODE_03,69,29,2026-05-28 13:23:42
ESP_NODE_01,46,77,2026-05-28 13:23:42
ESP_NODE_02,27,29,2026-05-28 13:23:42
ESP_NODE_04,3,7,2026-05-28 13:24:43
ESP_NODE_03,48,31,2026-05-28 13:24:48
ESP_NODE_01,32,83,2026-05-28 13:24:48
ESP_NODE_02,19,31,2026-05-28 13:24:48
ESP_NODE_04,3,5,2026-05-28 13:25:52
ESP_NODE_03,54,28,2026-05-28 13:25:54
ESP_NODE_01,36,75,2026-05-28 13:25:54
ESP_NODE_02,21,28,2026-05-28 13:25:54
ESP_NODE_03,57,24,2026-05-28 13:27:00
ESP_NODE_01,38,66,2026-05-28 13:27:00
ESP_NODE_02,22,24,2026-05-28 13:27:00
ESP_NODE_04,4,6,2026-05-28 13:27:05
ESP_NODE_03,37,27,2026-05-28 13:28:05
ESP_NODE_01,25,73,2026-05-28 13:28:05
ESP_NODE_02,14,27,2026-05-28 13:28:05
ESP_NODE_03,28,29,2026-05-28 13:29:12
ESP_NODE_01,19,78,2026-05-28 13:29:12
ESP_NODE_02,11,29,2026-05-28 13:29:12
ESP_NODE_04,1,5,2026-05-28 13:29:31
ESP_NODE_03,56,29,2026-05-28 13:30:17
ESP_NODE_01,37,78,2026-05-28 13:30:17
ESP_NODE_02,22,29,2026-05-28 13:30:17
ESP_NODE_04,0,6,2026-05-28 13:30:41
ESP_NODE_03,39,25,2026-05-28 13:31:23
ESP_NODE_01,26,68,2026-05-28 13:31:23
ESP_NODE_02,15,25,2026-05-28 13:31:23
ESP_NODE_04,0,12,2026-05-28 13:31:55
ESP_NODE_03,33,26,2026-05-28 13:32:29
ESP_NODE_01,22,69,2026-05-28 13:32:29
ESP_NODE_02,13,26,2026-05-28 13:32:29
ESP_NODE_04,6,4,2026-05-28 13:33:06
ESP_NODE_03,27,22,2026-05-28 13:33:35
ESP_NODE_01,18,59,2026-05-28 13:33:35
ESP_NODE_02,11,22,2026-05-28 13:33:35
ESP_NODE_04,0,9,2026-05-28 13:34:13
ESP_NODE_03,36,30,2026-05-28 13:34:41
ESP_NODE_01,24,82,2026-05-28 13:34:41
ESP_NODE_02,14,30,2026-05-28 13:34:41
ESP_NODE_03,19,23,2026-05-28 13:35:47
ESP_NODE_01,12,63,2026-05-28 13:35:47
ESP_NODE_02,7,23,2026-05-28 13:35:47
ESP_NODE_03,33,26,2026-05-28 13:36:53
ESP_NODE_01,22,70,2026-05-28 13:36:53
ESP_NODE_02,13,26,2026-05-28 13:36:53
ESP_NODE_03,40,23,2026-05-28 13:37:59
ESP_NODE_01,27,64,2026-05-28 13:37:59
ESP_NODE_02,16,23,2026-05-28 13:37:59
ESP_NODE_04,9,7,2026-05-28 13:39:02
ESP_NODE_03,32,21,2026-05-28 13:39:04
ESP_NODE_01,21,57,2026-05-28 13:39:04
ESP_NODE_02,12,21,2026-05-28 13:39:04
ESP_NODE_04,7,12,2026-05-28 13:40:09
ESP_NODE_03,43,23,2026-05-28 13:40:10
ESP_NODE_01,29,63,2026-05-28 13:40:10
ESP_NODE_02,17,23,2026-05-28 13:40:10
ESP_NODE_03,28,20,2026-05-28 13:41:18
ESP_NODE_01,19,54,2026-05-28 13:41:18
ESP_NODE_02,11,20,2026-05-28 13:41:18
ESP_NODE_04,2,11,2026-05-28 13:41:18
ESP_NODE_03,45,23,2026-05-28 13:42:24
ESP_NODE_01,30,63,2026-05-28 13:42:24
ESP_NODE_02,18,23,2026-05-28 13:42:24
ESP_NODE_03,45,19,2026-05-28 13:43:30
ESP_NODE_01,30,51,2026-05-28 13:43:30
ESP_NODE_02,18,19,2026-05-28 13:43:30
ESP_NODE_03,27,19,2026-05-28 13:44:36
ESP_NODE_01,18,51,2026-05-28 13:44:36
ESP_NODE_02,10,19,2026-05-28 13:44:36
ESP_NODE_04,5,4,2026-05-28 13:44:48
ESP_NODE_03,39,22,2026-05-28 13:45:43
ESP_NODE_01,26,60,2026-05-28 13:45:43
ESP_NODE_02,15,22,2026-05-28 13:45:43
ESP_NODE_03,63,21,2026-05-28 13:46:49
ESP_NODE_01,42,58,2026-05-28 13:46:49
ESP_NODE_02,25,21,2026-05-28 13:46:49
ESP_NODE_04,5,2,2026-05-28 13:47:13
ESP_NODE_03,75,25,2026-05-28 13:47:55
ESP_NODE_01,50,69,2026-05-28 13:47:55
ESP_NODE_02,30,25,2026-05-28 13:47:55
ESP_NODE_04,5,4,2026-05-28 13:48:19
ESP_NODE_03,56,18,2026-05-28 13:49:00
ESP_NODE_01,37,48,2026-05-28 13:49:00
ESP_NODE_02,22,18,2026-05-28 13:49:00
ESP_NODE_04,3,2,2026-05-28 13:49:30
ESP_NODE_03,66,16,2026-05-28 13:50:06
ESP_NODE_01,44,43,2026-05-28 13:50:06
ESP_NODE_02,26,16,2026-05-28 13:50:06
ESP_NODE_04,5,7,2026-05-28 13:50:43
ESP_NODE_03,45,23,2026-05-28 13:51:13
ESP_NODE_01,30,63,2026-05-28 13:51:13
ESP_NODE_02,18,23,2026-05-28 13:51:13
ESP_NODE_04,5,5,2026-05-28 13:51:49
ESP_NODE_03,58,19,2026-05-28 13:52:20
ESP_NODE_01,39,52,2026-05-28 13:52:20
ESP_NODE_02,23,19,2026-05-28 13:52:20
ESP_NODE_04,13,5,2026-05-28 13:52:55
ESP_NODE_03,29,15,2026-05-28 13:53:26
ESP_NODE_01,20,42,2026-05-28 13:53:26
ESP_NODE_02,11,15,2026-05-28 13:53:26
ESP_NODE_04,5,6,2026-05-28 13:54:02
ESP_NODE_03,41,18,2026-05-28 13:54:32
ESP_NODE_01,27,49,2026-05-28 13:54:32
ESP_NODE_02,16,18,2026-05-28 13:54:32
ESP_NODE_04,3,9,2026-05-28 13:55:16
ESP_NODE_04,3,7,2026-05-28 13:56:25
ESP_NODE_03,73,16,2026-05-28 13:56:44
ESP_NODE_01,49,43,2026-05-28 13:56:44
ESP_NODE_02,29,16,2026-05-28 13:56:44
ESP_NODE_03,61,14,2026-05-28 13:57:50
ESP_NODE_01,41,39,2026-05-28 13:57:50
ESP_NODE_02,24,14,2026-05-28 13:57:50
ESP_NODE_04,6,8,2026-05-28 13:58:39
ESP_NODE_03,34,15,2026-05-28 13:58:56
ESP_NODE_01,23,40,2026-05-28 13:58:56
ESP_NODE_02,13,15,2026-05-28 13:58:56
ESP_NODE_04,7,7,2026-05-28 13:59:45
ESP_NODE_03,38,15,2026-05-28 14:00:02
ESP_NODE_01,25,40,2026-05-28 14:00:02
ESP_NODE_02,15,15,2026-05-28 14:00:02
ESP_NODE_04,3,7,2026-05-28 14:00:52
ESP_NODE_03,36,14,2026-05-28 14:01:08
ESP_NODE_01,24,38,2026-05-28 14:01:08
ESP_NODE_02,14,14,2026-05-28 14:01:08
ESP_NODE_04,8,9,2026-05-28 14:02:01
ESP_NODE_03,24,13,2026-05-28 14:02:14
ESP_NODE_01,16,37,2026-05-28 14:02:14
ESP_NODE_02,9,13,2026-05-28 14:02:14
ESP_NODE_04,13,13,2026-05-28 14:03:09
ESP_NODE_03,29,13,2026-05-28 14:03:20
ESP_NODE_01,20,36,2026-05-28 14:03:20
ESP_NODE_02,11,13,2026-05-28 14:03:20
ESP_NODE_04,4,15,2026-05-28 14:04:17
ESP_NODE_03,55,15,2026-05-28 14:04:26
ESP_NODE_01,37,41,2026-05-28 14:04:26
ESP_NODE_02,22,15,2026-05-28 14:04:26
ESP_NODE_04,8,10,2026-05-28 14:05:23
ESP_NODE_03,89,15,2026-05-28 14:05:32
ESP_NODE_01,59,42,2026-05-28 14:05:32
ESP_NODE_02,35,15,2026-05-28 14:05:32
ESP_NODE_04,4,8,2026-05-28 14:06:29
ESP_NODE_03,78,15,2026-05-28 14:06:38
ESP_NODE_01,52,40,2026-05-28 14:06:38
ESP_NODE_02,31,15,2026-05-28 14:06:38
ESP_NODE_04,7,8,2026-05-28 14:07:36
ESP_NODE_03,75,17,2026-05-28 14:07:44
ESP_NODE_01,50,46,2026-05-28 14:07:44
ESP_NODE_02,30,17,2026-05-28 14:07:44
ESP_NODE_04,12,14,2026-05-28 14:08:43
ESP_NODE_03,73,17,2026-05-28 14:08:53
ESP_NODE_01,49,46,2026-05-28 14:08:53
ESP_NODE_02,29,17,2026-05-28 14:08:53
ESP_NODE_04,5,15,2026-05-28 14:09:50
ESP_NODE_03,40,12,2026-05-28 14:10:00
ESP_NODE_01,27,34,2026-05-28 14:10:00
ESP_NODE_02,16,12,2026-05-28 14:10:00
ESP_NODE_04,9,14,2026-05-28 14:10:56
ESP_NODE_03,51,13,2026-05-28 14:11:07
ESP_NODE_01,34,37,2026-05-28 14:11:07
ESP_NODE_02,20,13,2026-05-28 14:11:07
ESP_NODE_04,10,16,2026-05-28 14:12:04
ESP_NODE_03,64,13,2026-05-28 14:13:20
ESP_NODE_01,43,37,2026-05-28 14:13:20
ESP_NODE_02,25,13,2026-05-28 14:13:20
ESP_NODE_03,51,17,2026-05-28 14:14:26
ESP_NODE_01,34,46,2026-05-28 14:14:26
ESP_NODE_02,20,17,2026-05-28 14:14:26
ESP_NODE_04,10,14,2026-05-28 14:14:27
ESP_NODE_03,29,16,2026-05-28 14:15:32
ESP_NODE_01,19,45,2026-05-28 14:15:32
ESP_NODE_02,11,16,2026-05-28 14:15:32
ESP_NODE_04,15,13,2026-05-28 14:15:34
ESP_NODE_03,36,20,2026-05-28 14:16:38
ESP_NODE_01,24,56,2026-05-28 14:16:38
ESP_NODE_02,14,20,2026-05-28 14:16:38
ESP_NODE_04,8,13,2026-05-28 14:16:41
ESP_NODE_03,53,17,2026-05-28 14:17:45
ESP_NODE_01,35,47,2026-05-28 14:17:45
ESP_NODE_02,21,17,2026-05-28 14:17:45
ESP_NODE_03,30,16,2026-05-28 14:18:52
ESP_NODE_01,20,43,2026-05-28 14:18:52
ESP_NODE_02,12,16,2026-05-28 14:18:52
ESP_NODE_04,7,16,2026-05-28 14:18:53
ESP_NODE_03,53,19,2026-05-28 14:19:58
ESP_NODE_01,35,51,2026-05-28 14:19:58
ESP_NODE_02,21,19,2026-05-28 14:19:58
ESP_NODE_03,35,15,2026-05-28 14:21:04
ESP_NODE_01,24,41,2026-05-28 14:21:04
ESP_NODE_02,14,15,2026-05-28 14:21:04
ESP_NODE_04,7,9,2026-05-28 14:21:05
ESP_NODE_03,29,12,2026-05-28 14:22:10
ESP_NODE_01,19,32,2026-05-28 14:22:10
ESP_NODE_02,11,12,2026-05-28 14:22:10
ESP_NODE_04,11,13,2026-05-28 14:22:11
ESP_NODE_03,16,14,2026-05-28 14:23:16
ESP_NODE_01,11,39,2026-05-28 14:23:16
ESP_NODE_02,6,14,2026-05-28 14:23:16
ESP_NODE_04,12,7,2026-05-28 14:23:16
ESP_NODE_03,20,13,2026-05-28 14:24:22
ESP_NODE_01,13,35,2026-05-28 14:24:22
ESP_NODE_02,8,13,2026-05-28 14:24:22
ESP_NODE_04,11,8,2026-05-28 14:24:22
ESP_NODE_03,40,21,2026-05-28 14:25:28
ESP_NODE_01,26,58,2026-05-28 14:25:28
ESP_NODE_02,16,21,2026-05-28 14:25:28
ESP_NODE_03,29,18,2026-05-28 14:26:34
ESP_NODE_01,19,50,2026-05-28 14:26:34
ESP_NODE_02,11,18,2026-05-28 14:26:34
ESP_NODE_03,18,13,2026-05-28 14:27:40
ESP_NODE_01,12,37,2026-05-28 14:27:40
ESP_NODE_02,7,13,2026-05-28 14:27:40
ESP_NODE_04,11,7,2026-05-28 14:27:58
ESP_NODE_03,36,12,2026-05-28 14:28:46
ESP_NODE_01,24,32,2026-05-28 14:28:46
ESP_NODE_02,14,12,2026-05-28 14:28:46
ESP_NODE_04,0,7,2026-05-28 14:29:04
ESP_NODE_03,26,18,2026-05-28 14:29:52
ESP_NODE_01,17,50,2026-05-28 14:29:52
ESP_NODE_02,10,18,2026-05-28 14:29:52
ESP_NODE_04,5,6,2026-05-28 14:30:10
ESP_NODE_03,26,14,2026-05-28 14:30:58
ESP_NODE_01,18,40,2026-05-28 14:30:58
ESP_NODE_02,10,14,2026-05-28 14:30:58
ESP_NODE_04,3,9,2026-05-28 14:31:16
ESP_NODE_03,26,16,2026-05-28 14:32:04
ESP_NODE_01,17,43,2026-05-28 14:32:04
ESP_NODE_02,10,16,2026-05-28 14:32:04
ESP_NODE_03,28,16,2026-05-28 14:33:10
ESP_NODE_01,19,43,2026-05-28 14:33:10
ESP_NODE_02,11,16,2026-05-28 14:33:10
ESP_NODE_03,16,13,2026-05-28 14:34:16
ESP_NODE_01,11,36,2026-05-28 14:34:16
ESP_NODE_02,6,13,2026-05-28 14:34:16
ESP_NODE_03,29,17,2026-05-28 14:35:23
ESP_NODE_01,20,48,2026-05-28 14:35:23
ESP_NODE_02,11,17,2026-05-28 14:35:23
ESP_NODE_04,10,5,2026-05-28 14:35:58
ESP_NODE_03,24,17,2026-05-28 14:36:30
ESP_NODE_01,16,45,2026-05-28 14:36:30
ESP_NODE_02,9,17,2026-05-28 14:36:30
ESP_NODE_04,7,9,2026-05-28 14:37:04
ESP_NODE_03,26,11,2026-05-28 14:37:36
ESP_NODE_01,17,31,2026-05-28 14:37:36
ESP_NODE_02,10,11,2026-05-28 14:37:36
ESP_NODE_04,3,8,2026-05-28 14:38:10
ESP_NODE_03,18,21,2026-05-28 14:38:42
ESP_NODE_01,12,57,2026-05-28 14:38:42
ESP_NODE_02,7,21,2026-05-28 14:38:42
ESP_NODE_04,3,5,2026-05-28 14:39:16
ESP_NODE_03,22,18,2026-05-28 14:39:48
ESP_NODE_01,14,49,2026-05-28 14:39:48
ESP_NODE_02,8,18,2026-05-28 14:39:48
ESP_NODE_04,2,7,2026-05-28 14:40:22
ESP_NODE_03,24,19,2026-05-28 14:40:54
ESP_NODE_01,16,51,2026-05-28 14:40:54
ESP_NODE_02,9,19,2026-05-28 14:40:54
ESP_NODE_04,6,4,2026-05-28 14:41:28
ESP_NODE_03,14,15,2026-05-28 14:42:00
ESP_NODE_01,9,42,2026-05-28 14:42:00
ESP_NODE_02,5,15,2026-05-28 14:42:00
ESP_NODE_04,4,10,2026-05-28 14:42:34
ESP_NODE_03,19,15,2026-05-28 14:43:08
ESP_NODE_01,12,40,2026-05-28 14:43:08
ESP_NODE_02,7,15,2026-05-28 14:43:08
ESP_NODE_04,3,7,2026-05-28 14:43:40
ESP_NODE_03,23,16,2026-05-28 14:44:14
ESP_NODE_01,15,44,2026-05-28 14:44:14
ESP_NODE_02,9,16,2026-05-28 14:44:14
ESP_NODE_04,5,11,2026-05-28 14:44:46
ESP_NODE_03,19,12,2026-05-28 14:45:20
ESP_NODE_01,13,33,2026-05-28 14:45:20
ESP_NODE_02,7,12,2026-05-28 14:45:20
ESP_NODE_04,0,9,2026-05-28 14:45:52
ESP_NODE_03,29,14,2026-05-28 14:46:26
ESP_NODE_01,19,38,2026-05-28 14:46:26
ESP_NODE_02,11,14,2026-05-28 14:46:26
ESP_NODE_04,9,9,2026-05-28 14:47:11
ESP_NODE_04,37,9,2026-05-28 14:48:17
ESP_NODE_04,14,9,2026-05-28 14:49:23
ESP_NODE_03,15,14,2026-05-28 14:49:44
ESP_NODE_01,10,39,2026-05-28 14:49:44
ESP_NODE_02,6,14,2026-05-28 14:49:44
ESP_NODE_04,5,9,2026-05-28 14:50:29
ESP_NODE_03,34,9,2026-05-28 14:50:50
ESP_NODE_01,23,25,2026-05-28 14:50:50
ESP_NODE_02,13,9,2026-05-28 14:50:50
ESP_NODE_04,5,10,2026-05-28 14:51:35
ESP_NODE_03,15,15,2026-05-28 14:51:56
ESP_NODE_01,10,40,2026-05-28 14:51:56
ESP_NODE_02,6,15,2026-05-28 14:51:56
ESP_NODE_03,21,8,2026-05-28 14:53:02
ESP_NODE_01,14,24,2026-05-28 14:53:02
ESP_NODE_02,8,8,2026-05-28 14:53:02
ESP_NODE_04,4,8,2026-05-28 14:53:47
ESP_NODE_03,25,8,2026-05-28 14:54:08
ESP_NODE_01,17,23,2026-05-28 14:54:08
ESP_NODE_02,10,8,2026-05-28 14:54:08
ESP_NODE_04,7,12,2026-05-28 14:54:53
ESP_NODE_03,13,7,2026-05-28 14:55:14
ESP_NODE_01,9,19,2026-05-28 14:55:14
ESP_NODE_02,5,11,2026-05-28 14:55:14
ESP_NODE_04,3,10,2026-05-28 14:55:59
ESP_NODE_03,25,7,2026-05-28 14:56:20
ESP_NODE_01,17,20,2026-05-28 14:56:20
ESP_NODE_02,10,10,2026-05-28 14:56:20
ESP_NODE_04,11,12,2026-05-28 14:57:04
ESP_NODE_03,15,9,2026-05-28 14:57:26
ESP_NODE_01,10,26,2026-05-28 14:57:26
ESP_NODE_02,6,9,2026-05-28 14:57:26
ESP_NODE_04,9,10,2026-05-28 14:58:10
ESP_NODE_03,14,10,2026-05-28 14:58:31
ESP_NODE_01,9,28,2026-05-28 14:58:31
ESP_NODE_02,5,10,2026-05-28 14:58:31
ESP_NODE_04,9,10,2026-05-28 14:59:16
ESP_NODE_04,5,11,2026-05-28 15:00:34
ESP_NODE_03,12,10,2026-05-28 15:00:43
ESP_NODE_01,8,29,2026-05-28 15:00:43
ESP_NODE_02,5,10,2026-05-28 15:00:43
ESP_NODE_04,18,8,2026-05-28 15:01:40
ESP_NODE_03,15,12,2026-05-28 15:01:49
ESP_NODE_01,10,32,2026-05-28 15:01:49
ESP_NODE_02,6,12,2026-05-28 15:01:49
ESP_NODE_04,12,7,2026-05-28 15:02:46
ESP_NODE_03,19,9,2026-05-28 15:02:56
ESP_NODE_01,12,25,2026-05-28 15:02:56
ESP_NODE_02,7,9,2026-05-28 15:02:56
ESP_NODE_04,10,9,2026-05-28 15:03:52
ESP_NODE_03,28,9,2026-05-28 15:04:02
ESP_NODE_01,18,26,2026-05-28 15:04:02
ESP_NODE_02,11,9,2026-05-28 15:04:02
ESP_NODE_04,10,12,2026-05-28 15:04:58
ESP_NODE_03,21,10,2026-05-28 15:05:07
ESP_NODE_01,14,27,2026-05-28 15:05:07
ESP_NODE_02,8,10,2026-05-28 15:05:07
ESP_NODE_04,15,6,2026-05-28 15:06:03
ESP_NODE_03,25,9,2026-05-28 15:06:13
ESP_NODE_01,17,25,2026-05-28 15:06:13
ESP_NODE_02,10,9,2026-05-28 15:06:13
ESP_NODE_04,8,10,2026-05-28 15:07:09
ESP_NODE_03,16,4,2026-05-28 15:07:19
ESP_NODE_01,11,12,2026-05-28 15:07:19
ESP_NODE_02,6,12,2026-05-28 15:07:19
ESP_NODE_04,4,9,2026-05-28 15:08:16
ESP_NODE_03,11,11,2026-05-28 15:08:25
ESP_NODE_01,7,29,2026-05-28 15:08:25
ESP_NODE_02,7,11,2026-05-28 15:08:25
ESP_NODE_04,5,12,2026-05-28 15:09:22
ESP_NODE_03,18,9,2026-05-28 15:09:31
ESP_NODE_01,12,25,2026-05-28 15:09:31
ESP_NODE_02,7,9,2026-05-28 15:09:31
ESP_NODE_04,8,11,2026-05-28 15:10:27
ESP_NODE_03,11,7,2026-05-28 15:10:37
ESP_NODE_01,7,19,2026-05-28 15:10:37
ESP_NODE_02,8,12,2026-05-28 15:10:37
ESP_NODE_04,8,9,2026-05-28 15:11:33
ESP_NODE_03,23,11,2026-05-28 15:11:43
ESP_NODE_01,15,31,2026-05-28 15:11:43
ESP_NODE_02,9,11,2026-05-28 15:11:43
ESP_NODE_04,2,8,2026-05-28 15:12:39
ESP_NODE_03,42,11,2026-05-28 15:12:49
ESP_NODE_01,28,31,2026-05-28 15:12:49
ESP_NODE_02,16,11,2026-05-28 15:12:49
ESP_NODE_04,4,8,2026-05-28 15:13:44
ESP_NODE_03,18,11,2026-05-28 15:13:55
ESP_NODE_01,12,29,2026-05-28 15:13:55
ESP_NODE_02,7,11,2026-05-28 15:13:55
ESP_NODE_04,7,10,2026-05-28 15:14:51
ESP_NODE_03,27,9,2026-05-28 15:15:01
ESP_NODE_01,18,25,2026-05-28 15:15:01
ESP_NODE_02,11,9,2026-05-28 15:15:01
ESP_NODE_04,5,9,2026-05-28 15:15:56
ESP_NODE_03,25,6,2026-05-28 15:16:07
ESP_NODE_01,17,17,2026-05-28 15:16:07
ESP_NODE_02,10,11,2026-05-28 15:16:07
ESP_NODE_04,8,10,2026-05-28 15:17:02
ESP_NODE_03,23,6,2026-05-28 15:17:14
ESP_NODE_01,15,17,2026-05-28 15:17:14
ESP_NODE_02,9,10,2026-05-28 15:17:14
ESP_NODE_04,12,11,2026-05-28 15:18:08
ESP_NODE_03,25,5,2026-05-28 15:18:21
ESP_NODE_01,17,15,2026-05-28 15:18:21
ESP_NODE_02,10,12,2026-05-28 15:18:21
ESP_NODE_04,8,6,2026-05-28 15:19:14
ESP_NODE_03,40,8,2026-05-28 15:19:27
ESP_NODE_01,27,23,2026-05-28 15:19:27
ESP_NODE_02,16,8,2026-05-28 15:19:27
ESP_NODE_04,5,9,2026-05-28 15:20:20
ESP_NODE_03,22,11,2026-05-28 15:20:34
ESP_NODE_01,14,31,2026-05-28 15:20:34
ESP_NODE_02,8,11,2026-05-28 15:20:34
ESP_NODE_04,2,10,2026-05-28 15:21:26
ESP_NODE_03,37,7,2026-05-28 15:21:40
ESP_NODE_01,24,21,2026-05-28 15:21:40
ESP_NODE_02,14,8,2026-05-28 15:21:40
ESP_NODE_04,3,9,2026-05-28 15:22:32
ESP_NODE_03,69,5,2026-05-28 15:22:46
ESP_NODE_01,46,15,2026-05-28 15:22:46
ESP_NODE_02,27,8,2026-05-28 15:22:46
ESP_NODE_04,5,6,2026-05-28 15:23:38
ESP_NODE_03,64,9,2026-05-28 15:23:52
ESP_NODE_01,43,26,2026-05-28 15:23:52
ESP_NODE_02,25,9,2026-05-28 15:23:52
ESP_NODE_04,8,7,2026-05-28 15:24:44
ESP_NODE_03,43,9,2026-05-28 15:25:00
ESP_NODE_01,29,25,2026-05-28 15:25:00
ESP_NODE_02,17,9,2026-05-28 15:25:00
ESP_NODE_04,3,4,2026-05-28 15:25:50
ESP_NODE_03,15,8,2026-05-28 15:26:06
ESP_NODE_01,10,22,2026-05-28 15:26:06
ESP_NODE_02,6,8,2026-05-28 15:26:06
ESP_NODE_04,5,8,2026-05-28 15:26:57
ESP_NODE_03,25,13,2026-05-28 15:27:13
ESP_NODE_01,17,37,2026-05-28 15:27:13
ESP_NODE_02,10,13,2026-05-28 15:27:13
ESP_NODE_04,8,10,2026-05-28 15:28:03
ESP_NODE_03,18,12,2026-05-28 15:28:19
ESP_NODE_01,12,32,2026-05-28 15:28:19
ESP_NODE_02,7,12,2026-05-28 15:28:19
ESP_NODE_04,7,8,2026-05-28 15:29:09
ESP_NODE_03,51,10,2026-05-28 15:29:25
ESP_NODE_01,34,28,2026-05-28 15:29:25
ESP_NODE_02,20,10,2026-05-28 15:29:25
ESP_NODE_03,30,6,2026-05-28 15:30:31
ESP_NODE_01,20,17,2026-05-28 15:30:31
ESP_NODE_02,12,9,2026-05-28 15:30:31
ESP_NODE_04,8,9,2026-05-28 15:31:20
ESP_NODE_03,33,15,2026-05-28 15:31:37
ESP_NODE_01,22,41,2026-05-28 15:31:37
ESP_NODE_02,13,15,2026-05-28 15:31:37
ESP_NODE_04,8,7,2026-05-28 15:32:26
ESP_NODE_03,21,11,2026-05-28 15:32:43
ESP_NODE_01,14,31,2026-05-28 15:32:43
ESP_NODE_02,8,11,2026-05-28 15:32:43
ESP_NODE_04,4,6,2026-05-28 15:33:32
ESP_NODE_03,46,13,2026-05-28 15:33:48
ESP_NODE_01,31,37,2026-05-28 15:33:48
ESP_NODE_02,18,13,2026-05-28 15:33:48
ESP_NODE_04,4,14,2026-05-28 15:34:38
ESP_NODE_03,31,13,2026-05-28 15:34:55
ESP_NODE_01,20,36,2026-05-28 15:34:55
ESP_NODE_02,12,13,2026-05-28 15:34:55
ESP_NODE_04,6,9,2026-05-28 15:35:44
ESP_NODE_03,13,10,2026-05-28 15:36:00
ESP_NODE_01,9,29,2026-05-28 15:36:00
ESP_NODE_02,5,10,2026-05-28 15:36:00
ESP_NODE_04,8,9,2026-05-28 15:36:50
ESP_NODE_03,16,13,2026-05-28 15:37:07
ESP_NODE_01,11,36,2026-05-28 15:37:07
ESP_NODE_02,6,13,2026-05-28 15:37:07
ESP_NODE_04,11,5,2026-05-28 15:37:56
ESP_NODE_03,17,16,2026-05-28 15:38:13
ESP_NODE_01,11,44,2026-05-28 15:38:13
ESP_NODE_02,7,16,2026-05-28 15:38:13
ESP_NODE_03,33,18,2026-05-28 15:39:19
ESP_NODE_01,22,50,2026-05-28 15:39:19
ESP_NODE_02,13,18,2026-05-28 15:39:19
ESP_NODE_03,46,8,2026-05-28 15:40:25
ESP_NODE_01,31,23,2026-05-28 15:40:25
ESP_NODE_02,18,8,2026-05-28 15:40:25
ESP_NODE_03,47,8,2026-05-28 15:41:31
ESP_NODE_01,31,21,2026-05-28 15:41:31
ESP_NODE_02,18,8,2026-05-28 15:41:31
ESP_NODE_04,9,11,2026-05-28 15:41:32
ESP_NODE_03,29,8,2026-05-28 15:42:37
ESP_NODE_01,19,23,2026-05-28 15:42:37
ESP_NODE_02,11,8,2026-05-28 15:42:37
ESP_NODE_04,3,9,2026-05-28 15:42:38
ESP_NODE_03,59,10,2026-05-28 15:43:43
ESP_NODE_01,39,28,2026-05-28 15:43:43
ESP_NODE_02,23,10,2026-05-28 15:43:43
ESP_NODE_04,8,11,2026-05-28 15:43:44
ESP_NODE_03,50,7,2026-05-28 15:44:50
ESP_NODE_01,33,20,2026-05-28 15:44:50
ESP_NODE_02,20,12,2026-05-28 15:44:50
ESP_NODE_04,11,18,2026-05-28 15:44:50
ESP_NODE_03,28,8,2026-05-28 15:45:56
ESP_NODE_01,19,23,2026-05-28 15:45:56
ESP_NODE_02,11,8,2026-05-28 15:45:56
ESP_NODE_04,6,11,2026-05-28 15:45:56
ESP_NODE_03,15,7,2026-05-28 15:47:02
ESP_NODE_01,10,20,2026-05-28 15:47:02
ESP_NODE_02,6,10,2026-05-28 15:47:02
ESP_NODE_04,7,16,2026-05-28 15:47:02
ESP_NODE_04,9,18,2026-05-28 15:48:07
ESP_NODE_03,26,10,2026-05-28 15:48:08
ESP_NODE_01,17,26,2026-05-28 15:48:08
ESP_NODE_02,10,10,2026-05-28 15:48:08
ESP_NODE_04,3,18,2026-05-28 15:49:14
ESP_NODE_04,10,15,2026-05-28 15:50:19
ESP_NODE_03,25,14,2026-05-28 15:50:20
ESP_NODE_01,17,40,2026-05-28 15:50:20
ESP_NODE_02,10,14,2026-05-28 15:50:20
ESP_NODE_04,9,14,2026-05-28 15:51:25
ESP_NODE_03,44,12,2026-05-28 15:52:31
ESP_NODE_01,29,34,2026-05-28 15:52:31
ESP_NODE_02,17,12,2026-05-28 15:52:31
ESP_NODE_04,12,12,2026-05-28 15:52:31
ESP_NODE_03,35,10,2026-05-28 15:53:37
ESP_NODE_01,24,28,2026-05-28 15:53:37
ESP_NODE_02,14,10,2026-05-28 15:53:37
ESP_NODE_04,3,11,2026-05-28 15:53:37
ESP_NODE_03,36,12,2026-05-28 15:54:43
ESP_NODE_01,24,34,2026-05-28 15:54:43
ESP_NODE_02,14,12,2026-05-28 15:54:43
ESP_NODE_04,5,9,2026-05-28 15:54:43
ESP_NODE_04,5,12,2026-05-28 15:55:48
ESP_NODE_03,60,16,2026-05-28 15:55:49
ESP_NODE_01,40,45,2026-05-28 15:55:49
ESP_NODE_02,24,16,2026-05-28 15:55:49
ESP_NODE_04,17,11,2026-05-28 15:56:54
ESP_NODE_03,21,14,2026-05-28 15:56:55
ESP_NODE_01,14,37,2026-05-28 15:56:55
ESP_NODE_02,8,14,2026-05-28 15:56:55
ESP_NODE_04,11,11,2026-05-28 15:58:00
ESP_NODE_03,25,13,2026-05-28 15:58:02
ESP_NODE_01,17,37,2026-05-28 15:58:02
ESP_NODE_02,10,13,2026-05-28 15:58:02
ESP_NODE_04,16,13,2026-05-28 15:59:06
ESP_NODE_03,51,15,2026-05-28 15:59:08
ESP_NODE_01,34,42,2026-05-28 15:59:08
ESP_NODE_02,20,15,2026-05-28 15:59:08
ESP_NODE_04,2,12,2026-05-28 16:00:12
ESP_NODE_03,24,11,2026-05-28 16:00:14
ESP_NODE_01,16,31,2026-05-28 16:00:14
ESP_NODE_02,9,11,2026-05-28 16:00:14
ESP_NODE_03,19,15,2026-05-28 16:01:20
ESP_NODE_01,13,42,2026-05-28 16:01:20
ESP_NODE_02,7,15,2026-05-28 16:01:20
ESP_NODE_03,35,19,2026-05-28 16:02:26
ESP_NODE_01,23,51,2026-05-28 16:02:26
ESP_NODE_02,14,19,2026-05-28 16:02:26
ESP_NODE_04,11,11,2026-05-28 16:02:33
ESP_NODE_03,27,17,2026-05-28 16:03:32
ESP_NODE_01,18,46,2026-05-28 16:03:32
ESP_NODE_02,11,17,2026-05-28 16:03:32
ESP_NODE_04,12,13,2026-05-28 16:03:39
ESP_NODE_03,22,15,2026-05-28 16:04:38
ESP_NODE_01,14,42,2026-05-28 16:04:38
ESP_NODE_02,8,15,2026-05-28 16:04:38
ESP_NODE_04,20,22,2026-05-28 16:04:45
ESP_NODE_03,25,16,2026-05-28 16:05:44
ESP_NODE_01,16,44,2026-05-28 16:05:44
ESP_NODE_02,10,16,2026-05-28 16:05:44
ESP_NODE_04,18,17,2026-05-28 16:05:50
ESP_NODE_04,11,17,2026-05-28 16:06:56
ESP_NODE_03,26,16,2026-05-28 16:07:56
ESP_NODE_01,17,44,2026-05-28 16:07:56
ESP_NODE_02,10,16,2026-05-28 16:07:56
ESP_NODE_04,8,15,2026-05-28 16:08:02
ESP_NODE_03,12,15,2026-05-28 16:09:02
ESP_NODE_01,8,42,2026-05-28 16:09:02
ESP_NODE_02,5,15,2026-05-28 16:09:02
ESP_NODE_04,10,17,2026-05-28 16:09:08
ESP_NODE_03,33,19,2026-05-28 16:10:07
ESP_NODE_01,22,52,2026-05-28 16:10:07
ESP_NODE_02,13,19,2026-05-28 16:10:07
ESP_NODE_03,32,15,2026-05-28 16:11:14
ESP_NODE_01,21,40,2026-05-28 16:11:14
ESP_NODE_02,12,15,2026-05-28 16:11:14
ESP_NODE_04,4,17,2026-05-28 16:11:29
ESP_NODE_03,23,15,2026-05-28 16:12:20
ESP_NODE_01,15,41,2026-05-28 16:12:20
ESP_NODE_02,9,15,2026-05-28 16:12:20
ESP_NODE_04,6,14,2026-05-28 16:12:36
ESP_NODE_03,12,13,2026-05-28 16:13:26
ESP_NODE_01,8,36,2026-05-28 16:13:26
ESP_NODE_02,5,13,2026-05-28 16:13:26
ESP_NODE_04,12,14,2026-05-28 16:13:42
ESP_NODE_03,28,19,2026-05-28 16:14:32
ESP_NODE_01,19,51,2026-05-28 16:14:32
ESP_NODE_02,11,19,2026-05-28 16:14:32
ESP_NODE_04,8,18,2026-05-28 16:14:48
ESP_NODE_03,13,12,2026-05-28 16:15:38
ESP_NODE_01,9,34,2026-05-28 16:15:38
ESP_NODE_02,5,12,2026-05-28 16:15:38
ESP_NODE_04,9,15,2026-05-28 16:15:53
ESP_NODE_03,28,13,2026-05-28 16:16:45
ESP_NODE_01,19,36,2026-05-28 16:16:45
ESP_NODE_02,11,13,2026-05-28 16:16:45
ESP_NODE_04,15,18,2026-05-28 16:16:59
ESP_NODE_03,14,18,2026-05-28 16:17:51
ESP_NODE_01,9,50,2026-05-28 16:17:51
ESP_NODE_02,5,18,2026-05-28 16:17:51
ESP_NODE_04,16,16,2026-05-28 16:18:05
ESP_NODE_03,18,15,2026-05-28 16:18:57
ESP_NODE_01,12,41,2026-05-28 16:18:57
ESP_NODE_02,7,15,2026-05-28 16:18:57
ESP_NODE_04,11,13,2026-05-28 16:19:11
ESP_NODE_03,12,19,2026-05-28 16:20:03
ESP_NODE_01,8,53,2026-05-28 16:20:03
ESP_NODE_02,8,19,2026-05-28 16:20:03
ESP_NODE_03,11,15,2026-05-28 16:21:09
ESP_NODE_01,7,41,2026-05-28 16:21:09
ESP_NODE_02,5,15,2026-05-28 16:21:09
ESP_NODE_04,16,16,2026-05-28 16:21:32
ESP_NODE_03,7,15,2026-05-28 16:22:15
ESP_NODE_01,5,40,2026-05-28 16:22:15
ESP_NODE_02,8,15,2026-05-28 16:22:15
ESP_NODE_04,22,12,2026-05-28 16:22:38
ESP_NODE_03,23,17,2026-05-28 16:23:22
ESP_NODE_01,15,46,2026-05-28 16:23:22
ESP_NODE_02,9,17,2026-05-28 16:23:22
ESP_NODE_04,8,12,2026-05-28 16:23:44
ESP_NODE_03,15,15,2026-05-28 16:24:28
ESP_NODE_01,10,40,2026-05-28 16:24:28
ESP_NODE_02,6,15,2026-05-28 16:24:28
ESP_NODE_04,24,13,2026-05-28 16:24:50
ESP_NODE_03,20,16,2026-05-28 16:25:34
ESP_NODE_01,13,45,2026-05-28 16:25:34
ESP_NODE_02,8,16,2026-05-28 16:25:34
ESP_NODE_04,12,10,2026-05-28 16:25:56
ESP_NODE_03,16,11,2026-05-28 16:26:40
ESP_NODE_01,10,30,2026-05-28 16:26:40
ESP_NODE_02,6,11,2026-05-28 16:26:40
ESP_NODE_04,6,10,2026-05-28 16:27:01
ESP_NODE_03,18,17,2026-05-28 16:27:46
ESP_NODE_01,12,46,2026-05-28 16:27:46
ESP_NODE_02,7,17,2026-05-28 16:27:46
ESP_NODE_04,11,14,2026-05-28 16:28:07
ESP_NODE_03,8,16,2026-05-28 16:28:52
ESP_NODE_01,5,44,2026-05-28 16:28:52
ESP_NODE_02,6,16,2026-05-28 16:28:52
ESP_NODE_04,21,15,2026-05-28 16:29:13
ESP_NODE_03,16,19,2026-05-28 16:29:58
ESP_NODE_01,11,52,2026-05-28 16:29:58
ESP_NODE_02,6,19,2026-05-28 16:29:58
ESP_NODE_04,13,12,2026-05-28 16:30:18
ESP_NODE_03,10,20,2026-05-28 16:31:04
ESP_NODE_01,6,55,2026-05-28 16:31:04
ESP_NODE_02,5,20,2026-05-28 16:31:04
ESP_NODE_04,8,12,2026-05-28 16:31:24
ESP_NODE_03,8,16,2026-05-28 16:32:10
ESP_NODE_01,5,43,2026-05-28 16:32:10
ESP_NODE_02,5,16,2026-05-28 16:32:10
ESP_NODE_03,8,14,2026-05-28 16:33:16
ESP_NODE_01,5,39,2026-05-28 16:33:16
ESP_NODE_02,5,14,2026-05-28 16:33:16
ESP_NODE_04,5,13,2026-05-28 16:33:45
ESP_NODE_03,18,23,2026-05-28 16:34:22
ESP_NODE_01,12,64,2026-05-28 16:34:22
ESP_NODE_02,7,23,2026-05-28 16:34:22
ESP_NODE_04,9,13,2026-05-28 16:34:51
ESP_NODE_03,8,17,2026-05-28 16:35:28
ESP_NODE_01,5,47,2026-05-28 16:35:28
ESP_NODE_02,5,17,2026-05-28 16:35:28
ESP_NODE_04,15,12,2026-05-28 16:35:57
ESP_NODE_04,8,14,2026-05-28 16:37:03
ESP_NODE_04,12,13,2026-05-28 16:38:09
ESP_NODE_03,10,14,2026-05-28 16:38:47
ESP_NODE_01,7,39,2026-05-28 16:38:47
ESP_NODE_02,7,14,2026-05-28 16:38:47
ESP_NODE_03,13,10,2026-05-28 16:39:53
ESP_NODE_01,8,27,2026-05-28 16:39:53
ESP_NODE_02,5,10,2026-05-28 16:39:53
ESP_NODE_04,11,16,2026-05-28 16:40:21
ESP_NODE_03,15,13,2026-05-28 16:40:59
ESP_NODE_01,10,35,2026-05-28 16:40:59
ESP_NODE_02,6,13,2026-05-28 16:40:59
ESP_NODE_04,7,14,2026-05-28 16:41:27
ESP_NODE_03,11,12,2026-05-28 16:42:05
ESP_NODE_01,7,33,2026-05-28 16:42:05
ESP_NODE_02,6,12,2026-05-28 16:42:05
ESP_NODE_04,3,14,2026-05-28 16:42:33
ESP_NODE_04,2,14,2026-05-28 16:43:39
ESP_NODE_03,25,14,2026-05-28 16:44:17
ESP_NODE_01,17,40,2026-05-28 16:44:17
ESP_NODE_02,10,14,2026-05-28 16:44:17
ESP_NODE_03,9,7,2026-05-28 16:45:23
ESP_NODE_01,6,21,2026-05-28 16:45:23
ESP_NODE_02,6,10,2026-05-28 16:45:23
ESP_NODE_03,9,9,2026-05-28 16:46:29
ESP_NODE_01,6,24,2026-05-28 16:46:29
ESP_NODE_02,8,9,2026-05-28 16:46:29
ESP_NODE_04,5,14,2026-05-28 16:47:06
ESP_NODE_03,19,11,2026-05-28 16:47:35
ESP_NODE_01,13,31,2026-05-28 16:47:35
ESP_NODE_02,7,11,2026-05-28 16:47:35
ESP_NODE_04,5,14,2026-05-28 16:48:12
ESP_NODE_03,11,11,2026-05-28 16:48:40
ESP_NODE_01,7,29,2026-05-28 16:48:40
ESP_NODE_02,6,11,2026-05-28 16:48:40
ESP_NODE_03,10,13,2026-05-28 16:49:47
ESP_NODE_01,7,35,2026-05-28 16:49:47
ESP_NODE_02,6,13,2026-05-28 16:49:47
ESP_NODE_04,3,13,2026-05-28 16:50:33
ESP_NODE_03,15,16,2026-05-28 16:50:52
ESP_NODE_01,10,42,2026-05-28 16:50:52
ESP_NODE_02,6,16,2026-05-28 16:50:52
ESP_NODE_04,4,15,2026-05-28 16:51:40
ESP_NODE_03,23,14,2026-05-28 16:51:58
ESP_NODE_01,15,39,2026-05-28 16:51:58
ESP_NODE_02,9,14,2026-05-28 16:51:58
ESP_NODE_04,1,17,2026-05-28 16:52:45
ESP_NODE_03,12,13,2026-05-28 16:53:04
ESP_NODE_01,8,36,2026-05-28 16:53:04
ESP_NODE_02,5,13,2026-05-28 16:53:04
ESP_NODE_04,2,15,2026-05-28 16:53:51
ESP_NODE_03,26,14,2026-05-28 16:54:10
ESP_NODE_01,17,39,2026-05-28 16:54:10
ESP_NODE_02,10,14,2026-05-28 16:54:10
ESP_NODE_04,9,15,2026-05-28 16:54:58
ESP_NODE_03,22,14,2026-05-28 16:55:17
ESP_NODE_01,15,37,2026-05-28 16:55:17
ESP_NODE_02,9,14,2026-05-28 16:55:17
ESP_NODE_04,9,13,2026-05-28 16:56:04
ESP_NODE_03,23,10,2026-05-28 16:56:22
ESP_NODE_01,15,29,2026-05-28 16:56:22
ESP_NODE_02,9,10,2026-05-28 16:56:22
ESP_NODE_04,2,15,2026-05-28 16:57:10
ESP_NODE_03,25,19,2026-05-28 16:57:32
ESP_NODE_01,16,51,2026-05-28 16:57:32
ESP_NODE_02,10,19,2026-05-28 16:57:32
ESP_NODE_04,4,13,2026-05-28 16:58:16
ESP_NODE_03,17,13,2026-05-28 16:58:38
ESP_NODE_01,11,36,2026-05-28 16:58:38
ESP_NODE_02,6,13,2026-05-28 16:58:38
ESP_NODE_03,16,9,2026-05-28 16:59:43
ESP_NODE_01,11,26,2026-05-28 16:59:43
ESP_NODE_02,6,9,2026-05-28 16:59:43
ESP_NODE_04,9,13,2026-05-28 17:00:37
ESP_NODE_03,22,9,2026-05-28 17:00:49
ESP_NODE_01,15,26,2026-05-28 17:00:49
ESP_NODE_02,9,9,2026-05-28 17:00:49
ESP_NODE_04,3,16,2026-05-28 17:01:43
ESP_NODE_03,7,12,2026-05-28 17:01:55
ESP_NODE_01,5,34,2026-05-28 17:01:55
ESP_NODE_02,7,12,2026-05-28 17:01:55
ESP_NODE_04,6,15,2026-05-28 17:02:49
ESP_NODE_03,22,13,2026-05-28 17:03:01
ESP_NODE_01,14,36,2026-05-28 17:03:01
ESP_NODE_02,8,13,2026-05-28 17:03:01
ESP_NODE_04,6,17,2026-05-28 17:03:54
ESP_NODE_03,20,10,2026-05-28 17:04:07
ESP_NODE_01,13,28,2026-05-28 17:04:07
ESP_NODE_02,8,10,2026-05-28 17:04:07
ESP_NODE_04,14,8,2026-05-28 17:05:01
ESP_NODE_03,21,15,2026-05-28 17:05:13
ESP_NODE_01,14,42,2026-05-28 17:05:13
ESP_NODE_02,8,15,2026-05-28 17:05:13
ESP_NODE_04,6,9,2026-05-28 17:06:07
ESP_NODE_03,23,14,2026-05-28 17:06:19
ESP_NODE_01,15,40,2026-05-28 17:06:19
ESP_NODE_02,9,14,2026-05-28 17:06:19
ESP_NODE_04,6,14,2026-05-28 17:07:13
ESP_NODE_03,14,12,2026-05-28 17:07:25
ESP_NODE_01,9,34,2026-05-28 17:07:25
ESP_NODE_02,5,12,2026-05-28 17:07:25
ESP_NODE_04,11,14,2026-05-28 17:08:19
ESP_NODE_03,23,12,2026-05-28 17:08:30
ESP_NODE_01,15,32,2026-05-28 17:08:30
ESP_NODE_02,9,12,2026-05-28 17:08:30
ESP_NODE_04,10,13,2026-05-28 17:09:25
ESP_NODE_03,16,11,2026-05-28 17:09:36
ESP_NODE_01,10,30,2026-05-28 17:09:36
ESP_NODE_02,6,11,2026-05-28 17:09:36
ESP_NODE_04,7,12,2026-05-28 17:10:31
ESP_NODE_03,21,10,2026-05-28 17:10:42
ESP_NODE_01,14,28,2026-05-28 17:10:42
ESP_NODE_02,8,10,2026-05-28 17:10:42
ESP_NODE_04,7,9,2026-05-28 17:11:37
ESP_NODE_03,18,12,2026-05-28 17:11:49
ESP_NODE_01,12,34,2026-05-28 17:11:49
ESP_NODE_02,7,12,2026-05-28 17:11:49
ESP_NODE_04,2,9,2026-05-28 17:12:43
ESP_NODE_03,15,8,2026-05-28 17:12:55
ESP_NODE_01,10,23,2026-05-28 17:12:55
ESP_NODE_02,6,8,2026-05-28 17:12:55
ESP_NODE_04,12,10,2026-05-28 17:13:48
ESP_NODE_03,19,9,2026-05-28 17:14:02
ESP_NODE_01,13,24,2026-05-28 17:14:02
ESP_NODE_02,7,9,2026-05-28 17:14:02
ESP_NODE_04,6,10,2026-05-28 17:14:54
ESP_NODE_03,14,9,2026-05-28 17:15:08
ESP_NODE_01,9,24,2026-05-28 17:15:08
ESP_NODE_02,5,9,2026-05-28 17:15:08
ESP_NODE_04,6,8,2026-05-28 17:16:00
ESP_NODE_03,16,4,2026-05-28 17:16:14
ESP_NODE_01,11,12,2026-05-28 17:16:14
ESP_NODE_02,6,9,2026-05-28 17:16:14
ESP_NODE_04,0,8,2026-05-28 17:17:06
ESP_NODE_03,12,9,2026-05-28 17:17:20
ESP_NODE_01,8,25,2026-05-28 17:17:20
ESP_NODE_02,8,9,2026-05-28 17:17:20
ESP_NODE_04,3,6,2026-05-28 17:18:12
ESP_NODE_03,16,8,2026-05-28 17:18:26
ESP_NODE_01,10,23,2026-05-28 17:18:26
ESP_NODE_02,6,8,2026-05-28 17:18:26
ESP_NODE_04,2,10,2026-05-28 17:19:18
ESP_NODE_03,33,9,2026-05-28 17:19:32
ESP_NODE_01,22,26,2026-05-28 17:19:32
ESP_NODE_02,13,9,2026-05-28 17:19:32
ESP_NODE_04,3,7,2026-05-28 17:20:24
ESP_NODE_03,15,9,2026-05-28 17:20:38
ESP_NODE_01,10,25,2026-05-28 17:20:38
ESP_NODE_02,6,9,2026-05-28 17:20:38
ESP_NODE_04,10,10,2026-05-28 17:21:30
ESP_NODE_03,26,7,2026-05-28 17:21:44
ESP_NODE_01,17,20,2026-05-28 17:21:44
ESP_NODE_02,10,12,2026-05-28 17:21:44
ESP_NODE_04,4,10,2026-05-28 17:22:36
ESP_NODE_03,18,11,2026-05-28 17:22:50
ESP_NODE_01,12,31,2026-05-28 17:22:50
ESP_NODE_02,7,11,2026-05-28 17:22:50
ESP_NODE_04,3,6,2026-05-28 17:23:42
ESP_NODE_03,15,9,2026-05-28 17:23:56
ESP_NODE_01,10,26,2026-05-28 17:23:56
ESP_NODE_02,6,9,2026-05-28 17:23:56
ESP_NODE_03,10,9,2026-05-28 17:25:02
ESP_NODE_01,7,26,2026-05-28 17:25:02
ESP_NODE_02,5,9,2026-05-28 17:25:02
ESP_NODE_03,35,10,2026-05-28 17:26:08
ESP_NODE_01,23,27,2026-05-28 17:26:08
ESP_NODE_02,14,10,2026-05-28 17:26:08
ESP_NODE_04,6,10,2026-05-28 17:27:09
ESP_NODE_03,17,10,2026-05-28 17:27:14
ESP_NODE_01,11,28,2026-05-28 17:27:14
ESP_NODE_02,6,10,2026-05-28 17:27:14
ESP_NODE_04,5,12,2026-05-28 17:28:15
ESP_NODE_03,39,9,2026-05-28 17:28:20
ESP_NODE_01,26,26,2026-05-28 17:28:20
ESP_NODE_02,15,9,2026-05-28 17:28:20
ESP_NODE_03,25,11,2026-05-28 17:29:26
ESP_NODE_01,16,30,2026-05-28 17:29:26
ESP_NODE_02,10,11,2026-05-28 17:29:26
ESP_NODE_04,12,14,2026-05-28 17:30:36
ESP_NODE_03,22,7,2026-05-28 17:31:40
ESP_NODE_01,14,20,2026-05-28 17:31:40
ESP_NODE_02,8,8,2026-05-28 17:31:40
ESP_NODE_04,10,11,2026-05-28 17:31:42
ESP_NODE_03,14,5,2026-05-28 17:32:46
ESP_NODE_01,9,14,2026-05-28 17:32:46
ESP_NODE_02,5,10,2026-05-28 17:32:46
ESP_NODE_04,7,7,2026-05-28 17:32:48
ESP_NODE_03,12,3,2026-05-28 17:33:52
ESP_NODE_01,8,9,2026-05-28 17:33:52
ESP_NODE_02,5,11,2026-05-28 17:33:52
ESP_NODE_04,6,11,2026-05-28 17:33:54
ESP_NODE_03,10,4,2026-05-28 17:34:58
ESP_NODE_01,6,12,2026-05-28 17:34:58
ESP_NODE_02,5,11,2026-05-28 17:34:58
ESP_NODE_03,9,6,2026-05-28 17:36:04
ESP_NODE_01,6,17,2026-05-28 17:36:04
ESP_NODE_02,5,11,2026-05-28 17:36:04
ESP_NODE_04,8,11,2026-05-28 17:36:15
ESP_NODE_03,25,5,2026-05-28 17:37:10
ESP_NODE_01,16,15,2026-05-28 17:37:10
ESP_NODE_02,10,8,2026-05-28 17:37:10
ESP_NODE_04,8,8,2026-05-28 17:37:21
ESP_NODE_03,24,3,2026-05-28 17:38:16
ESP_NODE_01,16,10,2026-05-28 17:38:16
ESP_NODE_02,9,12,2026-05-28 17:38:16
ESP_NODE_04,3,10,2026-05-28 17:38:26
ESP_NODE_03,19,3,2026-05-28 17:39:22
ESP_NODE_01,13,9,2026-05-28 17:39:22
ESP_NODE_02,7,12,2026-05-28 17:39:22
ESP_NODE_04,6,9,2026-05-28 17:39:32
ESP_NODE_03,22,5,2026-05-28 17:40:28
ESP_NODE_01,14,15,2026-05-28 17:40:28
ESP_NODE_02,8,8,2026-05-28 17:40:28
ESP_NODE_04,10,9,2026-05-28 17:40:38
ESP_NODE_03,23,3,2026-05-28 17:41:34
ESP_NODE_01,16,9,2026-05-28 17:41:34
ESP_NODE_02,9,9,2026-05-28 17:41:34
ESP_NODE_03,19,6,2026-05-28 17:42:40
ESP_NODE_01,13,18,2026-05-28 17:42:40
ESP_NODE_02,7,8,2026-05-28 17:42:40
ESP_NODE_04,5,12,2026-05-28 17:42:59
ESP_NODE_03,24,4,2026-05-28 17:43:46
ESP_NODE_01,16,12,2026-05-28 17:43:46
ESP_NODE_02,9,12,2026-05-28 17:43:46
ESP_NODE_04,3,11,2026-05-28 17:44:05
ESP_NODE_03,23,4,2026-05-28 17:44:52
ESP_NODE_01,15,13,2026-05-28 17:44:52
ESP_NODE_02,9,12,2026-05-28 17:44:52
ESP_NODE_04,1,11,2026-05-28 17:45:11
ESP_NODE_03,14,4,2026-05-28 17:45:58
ESP_NODE_01,9,12,2026-05-28 17:45:58
ESP_NODE_02,5,10,2026-05-28 17:45:58
ESP_NODE_04,1,10,2026-05-28 17:46:17
ESP_NODE_03,18,5,2026-05-28 17:47:03
ESP_NODE_01,12,15,2026-05-28 17:47:03
ESP_NODE_02,7,12,2026-05-28 17:47:03
ESP_NODE_04,3,8,2026-05-28 17:47:23
ESP_NODE_04,2,9,2026-05-28 17:48:29
ESP_NODE_03,13,3,2026-05-28 17:49:15
ESP_NODE_01,8,10,2026-05-28 17:49:15
ESP_NODE_02,5,12,2026-05-28 17:49:15
ESP_NODE_04,5,10,2026-05-28 17:49:35
ESP_NODE_03,20,5,2026-05-28 17:50:21
ESP_NODE_01,13,15,2026-05-28 17:50:21
ESP_NODE_02,8,11,2026-05-28 17:50:21
ESP_NODE_04,6,6,2026-05-28 17:50:40
ESP_NODE_03,18,1,2026-05-28 17:51:27
ESP_NODE_01,12,5,2026-05-28 17:51:27
ESP_NODE_02,7,11,2026-05-28 17:51:27
ESP_NODE_04,3,7,2026-05-28 17:51:46
ESP_NODE_03,10,1,2026-05-28 17:52:33
ESP_NODE_01,6,5,2026-05-28 17:52:33
ESP_NODE_02,8,9,2026-05-28 17:52:33
ESP_NODE_04,5,10,2026-05-28 17:52:52
ESP_NODE_03,9,4,2026-05-28 17:54:45
ESP_NODE_01,6,12,2026-05-28 17:54:45
ESP_NODE_02,5,11,2026-05-28 17:54:45
ESP_NODE_04,3,8,2026-05-28 17:55:04
ESP_NODE_03,12,5,2026-05-28 17:55:51
ESP_NODE_01,8,16,2026-05-28 17:55:51
ESP_NODE_02,5,9,2026-05-28 17:55:51
ESP_NODE_04,5,8,2026-05-28 17:56:10
ESP_NODE_03,18,5,2026-05-28 17:56:57
ESP_NODE_01,12,15,2026-05-28 17:56:57
ESP_NODE_02,7,12,2026-05-28 17:56:57
ESP_NODE_04,5,9,2026-05-28 17:57:16
ESP_NODE_03,21,6,2026-05-28 17:58:03
ESP_NODE_01,14,18,2026-05-28 17:58:03
ESP_NODE_02,8,12,2026-05-28 17:58:03
ESP_NODE_04,4,8,2026-05-28 17:58:22
ESP_NODE_03,24,5,2026-05-28 17:59:10
ESP_NODE_01,16,15,2026-05-28 17:59:10
ESP_NODE_02,9,8,2026-05-28 17:59:10
ESP_NODE_04,14,9,2026-05-28 17:59:27
ESP_NODE_03,25,7,2026-05-28 18:00:15
ESP_NODE_01,16,20,2026-05-28 18:00:15
ESP_NODE_02,10,11,2026-05-28 18:00:15
ESP_NODE_04,12,10,2026-05-28 18:00:33
ESP_NODE_03,10,4,2026-05-28 18:01:21
ESP_NODE_01,7,13,2026-05-28 18:01:21
ESP_NODE_02,5,12,2026-05-28 18:01:21
ESP_NODE_04,5,6,2026-05-28 18:01:39
ESP_NODE_03,11,6,2026-05-28 18:02:27
ESP_NODE_01,7,17,2026-05-28 18:02:27
ESP_NODE_02,7,9,2026-05-28 18:02:27
ESP_NODE_04,2,7,2026-05-28 18:02:45
ESP_NODE_03,20,7,2026-05-28 18:03:33
ESP_NODE_01,13,20,2026-05-28 18:03:33
ESP_NODE_02,8,10,2026-05-28 18:03:33
ESP_NODE_03,11,3,2026-05-28 18:04:39
ESP_NODE_01,7,9,2026-05-28 18:04:39
ESP_NODE_02,5,12,2026-05-28 18:04:39
ESP_NODE_04,4,8,2026-05-28 18:04:56
ESP_NODE_03,17,1,2026-05-28 18:05:45
ESP_NODE_01,11,4,2026-05-28 18:05:45
ESP_NODE_02,6,11,2026-05-28 18:05:45
ESP_NODE_04,12,10,2026-05-28 18:06:02
ESP_NODE_03,19,3,2026-05-28 18:06:51
ESP_NODE_01,13,9,2026-05-28 18:06:51
ESP_NODE_02,7,9,2026-05-28 18:06:51
ESP_NODE_03,23,2,2026-05-28 18:07:57
ESP_NODE_01,15,7,2026-05-28 18:07:57
ESP_NODE_02,9,11,2026-05-28 18:07:57
ESP_NODE_04,0,7,2026-05-28 18:08:24
ESP_NODE_03,20,2,2026-05-28 18:09:04
ESP_NODE_01,13,7,2026-05-28 18:09:04
ESP_NODE_02,8,12,2026-05-28 18:09:04
ESP_NODE_04,8,8,2026-05-28 18:09:29
ESP_NODE_03,28,2,2026-05-28 18:10:09
ESP_NODE_01,18,7,2026-05-28 18:10:09
ESP_NODE_02,11,10,2026-05-28 18:10:09
ESP_NODE_04,2,8,2026-05-28 18:10:36
ESP_NODE_03,14,1,2026-05-28 18:11:15
ESP_NODE_01,9,4,2026-05-28 18:11:15
ESP_NODE_02,5,9,2026-05-28 18:11:15
ESP_NODE_04,5,5,2026-05-28 18:11:42
ESP_NODE_03,13,0,2026-05-28 18:12:21
ESP_NODE_01,9,2,2026-05-28 18:12:21
ESP_NODE_02,5,12,2026-05-28 18:12:21
ESP_NODE_04,7,6,2026-05-28 18:12:47
ESP_NODE_03,14,2,2026-05-28 18:13:28
ESP_NODE_01,9,7,2026-05-28 18:13:28
ESP_NODE_02,5,10,2026-05-28 18:13:28
ESP_NODE_03,13,1,2026-05-28 18:14:33
ESP_NODE_01,8,5,2026-05-28 18:14:33
ESP_NODE_02,5,12,2026-05-28 18:14:33
ESP_NODE_04,8,8,2026-05-28 18:15:08
ESP_NODE_03,17,1,2026-05-28 18:15:39
ESP_NODE_01,11,4,2026-05-28 18:15:39
ESP_NODE_02,7,11,2026-05-28 18:15:39
ESP_NODE_04,11,9,2026-05-28 18:16:14
ESP_NODE_03,13,1,2026-05-28 18:16:45
ESP_NODE_01,8,5,2026-05-28 18:16:45
ESP_NODE_02,5,9,2026-05-28 18:16:45
ESP_NODE_04,7,6,2026-05-28 18:17:20
ESP_NODE_03,34,1,2026-05-28 18:18:57
ESP_NODE_01,23,5,2026-05-28 18:18:57
ESP_NODE_02,13,9,2026-05-28 18:18:57
ESP_NODE_04,4,13,2026-05-28 18:19:32
ESP_NODE_03,9,0,2026-05-28 18:20:03
ESP_NODE_01,6,2,2026-05-28 18:20:03
ESP_NODE_02,7,8,2026-05-28 18:20:03
ESP_NODE_04,0,7,2026-05-28 18:20:37
ESP_NODE_03,13,2,2026-05-28 18:21:08
ESP_NODE_01,9,8,2026-05-28 18:21:08
ESP_NODE_02,5,12,2026-05-28 18:21:08
ESP_NODE_04,7,8,2026-05-28 18:21:43
ESP_NODE_03,11,2,2026-05-28 18:22:14
ESP_NODE_01,7,7,2026-05-28 18:22:14
ESP_NODE_02,8,8,2026-05-28 18:22:14
ESP_NODE_04,8,6,2026-05-28 18:22:49
ESP_NODE_03,5,2,2026-05-28 18:23:20
ESP_NODE_01,3,7,2026-05-28 18:23:20
ESP_NODE_02,7,11,2026-05-28 18:23:20
ESP_NODE_04,2,5,2026-05-28 18:23:55
ESP_NODE_03,17,3,2026-05-28 18:25:32
ESP_NODE_01,11,10,2026-05-28 18:25:32
ESP_NODE_02,7,10,2026-05-28 18:25:32
ESP_NODE_04,13,8,2026-05-28 18:26:16
ESP_NODE_03,12,2,2026-05-28 18:26:37
ESP_NODE_01,8,7,2026-05-28 18:26:37
ESP_NODE_02,5,11,2026-05-28 18:26:37
ESP_NODE_04,13,10,2026-05-28 18:27:22
ESP_NODE_03,11,0,2026-05-28 18:27:43
ESP_NODE_01,7,2,2026-05-28 18:27:43
ESP_NODE_02,5,11,2026-05-28 18:27:43
ESP_NODE_03,8,1,2026-05-28 18:28:49
ESP_NODE_01,5,5,2026-05-28 18:28:49
ESP_NODE_02,5,11,2026-05-28 18:28:49
ESP_NODE_03,9,0,2026-05-28 18:29:55
ESP_NODE_01,6,2,2026-05-28 18:29:55
ESP_NODE_02,5,12,2026-05-28 18:29:55
ESP_NODE_04,15,7,2026-05-28 18:30:58
ESP_NODE_03,4,2,2026-05-28 18:31:01
ESP_NODE_01,3,7,2026-05-28 18:31:01
ESP_NODE_02,5,10,2026-05-28 18:31:01
ESP_NODE_04,12,8,2026-05-28 18:32:04
ESP_NODE_03,10,0,2026-05-28 18:32:07
ESP_NODE_01,7,2,2026-05-28 18:32:07
ESP_NODE_02,5,11,2026-05-28 18:32:07
ESP_NODE_03,6,0,2026-05-28 18:33:13
ESP_NODE_01,4,2,2026-05-28 18:33:13
ESP_NODE_02,5,10,2026-05-28 18:33:13
ESP_NODE_03,11,1,2026-05-28 18:34:19
ESP_NODE_01,8,5,2026-05-28 18:34:19
ESP_NODE_02,5,9,2026-05-28 18:34:19
ESP_NODE_04,4,10,2026-05-28 18:34:25
ESP_NODE_03,16,0,2026-05-28 18:35:25
ESP_NODE_01,10,2,2026-05-28 18:35:25
ESP_NODE_02,6,10,2026-05-28 18:35:25
ESP_NODE_04,3,8,2026-05-28 18:35:31
ESP_NODE_03,3,0,2026-05-28 18:36:30
ESP_NODE_01,2,0,2026-05-28 18:36:30
ESP_NODE_02,5,11,2026-05-28 18:36:30
ESP_NODE_04,1,7,2026-05-28 18:36:36
ESP_NODE_03,6,0,2026-05-28 18:37:36
ESP_NODE_01,4,0,2026-05-28 18:37:36
ESP_NODE_02,7,12,2026-05-28 18:37:36
ESP_NODE_04,12,8,2026-05-28 18:37:42
ESP_NODE_03,9,1,2026-05-28 18:38:43
ESP_NODE_01,6,5,2026-05-28 18:38:43
ESP_NODE_02,6,8,2026-05-28 18:38:43
ESP_NODE_04,6,12,2026-05-28 18:38:48
ESP_NODE_03,4,0,2026-05-28 18:39:48
ESP_NODE_01,3,0,2026-05-28 18:39:48
ESP_NODE_02,8,10,2026-05-28 18:39:48
ESP_NODE_04,1,12,2026-05-28 18:39:54
ESP_NODE_04,5,11,2026-05-28 18:41:00
ESP_NODE_03,1,0,2026-05-28 18:42:00
ESP_NODE_01,1,0,2026-05-28 18:42:00
ESP_NODE_02,6,9,2026-05-28 18:42:00
ESP_NODE_04,5,9,2026-05-28 18:42:06
ESP_NODE_03,2,0,2026-05-28 18:43:06
ESP_NODE_01,2,2,2026-05-28 18:43:06
ESP_NODE_02,5,10,2026-05-28 18:43:06
ESP_NODE_04,3,12,2026-05-28 18:43:12
ESP_NODE_03,4,0,2026-05-28 18:44:12
ESP_NODE_01,3,0,2026-05-28 18:44:12
ESP_NODE_02,7,10,2026-05-28 18:44:12
ESP_NODE_04,2,9,2026-05-28 18:44:18
ESP_NODE_04,12,12,2026-05-28 18:45:24
ESP_NODE_04,10,11,2026-05-28 18:46:30
ESP_NODE_04,9,10,2026-05-28 18:47:36
ESP_NODE_04,16,13,2026-05-28 18:48:42
ESP_NODE_04,7,13,2026-05-28 18:49:48
ESP_NODE_04,2,13,2026-05-28 18:50:54
ESP_NODE_04,12,11,2026-05-28 18:52:00
ESP_NODE_04,10,11,2026-05-28 18:53:06
ESP_NODE_04,13,11,2026-05-28 18:54:12
ESP_NODE_04,1,12,2026-05-28 18:55:18
ESP_NODE_04,3,13,2026-05-28 18:56:24
ESP_NODE_04,6,12,2026-05-28 18:57:30
ESP_NODE_04,7,12,2026-05-28 18:58:36
ESP_NODE_04,8,12,2026-05-28 18:59:42
ESP_NODE_04,3,11,2026-05-28 19:00:48
ESP_NODE_04,1,8,2026-05-28 19:03:09
ESP_NODE_04,3,10,2026-05-28 19:04:15
ESP_NODE_04,11,13,2026-05-28 19:05:20
ESP_NODE_04,4,14,2026-05-28 19:06:26
ESP_NODE_04,5,16,2026-05-28 19:07:32
ESP_NODE_04,4,12,2026-05-28 19:08:38
ESP_NODE_04,4,14,2026-05-28 19:09:44
ESP_NODE_04,1,14,2026-05-28 19:10:50
ESP_NODE_04,2,11,2026-05-28 19:11:56
ESP_NODE_04,2,14,2026-05-28 19:13:02
ESP_NODE_04,13,14,2026-05-28 19:14:09
ESP_NODE_04,4,12,2026-05-28 19:15:15
ESP_NODE_04,2,15,2026-05-28 19:16:21
ESP_NODE_04,7,13,2026-05-28 19:17:27
ESP_NODE_04,4,18,2026-05-28 19:19:55
ESP_NODE_04,0,14,2026-05-28 19:21:01
ESP_NODE_04,8,10,2026-05-28 19:22:07
ESP_NODE_04,10,16,2026-05-28 19:23:12
ESP_NODE_04,1,14,2026-05-28 19:24:18
ESP_NODE_04,9,15,2026-05-28 19:25:25
ESP_NODE_04,3,15,2026-05-28 19:26:31
ESP_NODE_04,9,14,2026-05-28 19:27:37
ESP_NODE_04,6,11,2026-05-28 19:28:43
ESP_NODE_04,5,11,2026-05-28 19:29:49
ESP_NODE_04,3,11,2026-05-28 19:30:55
ESP_NODE_04,5,10,2026-05-28 19:32:01
ESP_NODE_04,12,14,2026-05-28 19:33:07
ESP_NODE_04,0,14,2026-05-28 19:34:13
ESP_NODE_04,5,10,2026-05-28 19:35:19
ESP_NODE_04,4,6,2026-05-28 19:36:25
ESP_NODE_04,6,10,2026-05-28 19:38:46
ESP_NODE_04,2,7,2026-05-28 19:39:52
ESP_NODE_04,4,12,2026-05-28 19:40:58
ESP_NODE_04,10,10,2026-05-28 19:42:04
ESP_NODE_04,10,11,2026-05-28 19:43:10
ESP_NODE_04,6,10,2026-05-28 19:44:16
ESP_NODE_04,4,9,2026-05-28 19:45:22
ESP_NODE_04,6,12,2026-05-28 19:46:28
ESP_NODE_04,2,10,2026-05-28 19:47:34
ESP_NODE_04,5,15,2026-05-28 19:48:40
ESP_NODE_04,5,16,2026-05-28 19:49:46
ESP_NODE_04,0,10,2026-05-28 19:50:52
ESP_NODE_04,0,8,2026-05-28 19:51:58
ESP_NODE_04,0,14,2026-05-28 19:53:04
ESP_NODE_04,2,12,2026-05-28 19:54:10
ESP_NODE_04,3,11,2026-05-28 19:55:16
ESP_NODE_04,1,11,2026-05-28 19:56:22
ESP_NODE_04,3,12,2026-05-28 19:57:28
ESP_NODE_04,1,12,2026-05-28 19:58:43
ESP_NODE_04,2,12,2026-05-28 19:59:49
ESP_NODE_04,1,11,2026-05-28 20:00:55
ESP_NODE_04,4,13,2026-05-28 20:04:22
ESP_NODE_04,0,13,2026-05-28 20:05:28
ESP_NODE_04,9,13,2026-05-28 20:06:34
ESP_NODE_04,5,14,2026-05-28 20:07:39
ESP_NODE_04,6,12,2026-05-28 20:08:45
ESP_NODE_04,3,11,2026-05-28 20:09:52
ESP_NODE_04,3,11,2026-05-28 20:10:58
ESP_NODE_04,2,9,2026-05-28 20:12:04
ESP_NODE_04,2,11,2026-05-28 20:15:40
ESP_NODE_04,10,9,2026-05-28 20:16:46
ESP_NODE_04,6,9,2026-05-28 20:17:52
ESP_NODE_04,3,9,2026-05-28 20:18:58
ESP_NODE_04,4,13,2026-05-28 20:20:04
ESP_NODE_04,4,13,2026-05-28 20:22:16
ESP_NODE_04,7,11,2026-05-28 20:23:22
ESP_NODE_04,13,13,2026-05-28 20:24:28
ESP_NODE_04,9,10,2026-05-28 20:25:34
ESP_NODE_04,1,11,2026-05-28 20:26:40
ESP_NODE_04,2,9,2026-05-28 20:27:46
ESP_NODE_04,5,11,2026-05-28 20:28:52
ESP_NODE_04,0,11,2026-05-28 20:29:58
ESP_NODE_04,5,9,2026-05-28 20:31:04
ESP_NODE_04,3,9,2026-05-28 20:32:10
ESP_NODE_04,9,12,2026-05-28 20:33:16
ESP_NODE_04,4,10,2026-05-28 20:34:21
ESP_NODE_04,0,8,2026-05-28 20:35:27
ESP_NODE_04,4,6,2026-05-28 20:36:47
ESP_NODE_04,3,9,2026-05-28 20:37:53
ESP_NODE_04,2,8,2026-05-28 20:40:14
ESP_NODE_04,5,8,2026-05-28 20:41:20
ESP_NODE_04,2,8,2026-05-28 20:42:26
ESP_NODE_04,2,7,2026-05-28 20:43:32
ESP_NODE_04,6,12,2026-05-28 20:44:39
ESP_NODE_04,7,10,2026-05-28 20:45:45
ESP_NODE_04,0,11,2026-05-28 20:46:50
ESP_NODE_04,4,11,2026-05-28 20:47:56
ESP_NODE_04,2,10,2026-05-28 20:49:02
ESP_NODE_04,1,10,2026-05-28 20:52:29
ESP_NODE_04,3,11,2026-05-28 20:54:41
ESP_NODE_04,8,8,2026-05-28 20:55:47
ESP_NODE_04,9,8,2026-05-28 20:59:23
ESP_NODE_04,6,12,2026-05-28 21:02:59
ESP_NODE_04,7,13,2026-05-28 21:04:05
ESP_NODE_04,5,11,2026-05-28 21:05:11
ESP_NODE_04,1,13,2026-05-28 21:06:17
ESP_NODE_04,1,15,2026-05-28 21:07:23
ESP_NODE_04,5,12,2026-05-28 21:08:29
ESP_NODE_04,3,12,2026-05-28 21:09:34
ESP_NODE_04,6,11,2026-05-28 21:10:40
ESP_NODE_04,14,15,2026-05-28 21:11:46
ESP_NODE_04,4,20,2026-05-28 21:12:52
ESP_NODE_04,11,15,2026-05-28 21:13:58
ESP_NODE_04,3,14,2026-05-28 21:15:04
ESP_NODE_04,8,14,2026-05-28 21:16:10
ESP_NODE_04,6,12,2026-05-28 21:17:16
ESP_NODE_04,6,16,2026-05-28 21:18:22
ESP_NODE_04,1,19,2026-05-28 21:19:28
ESP_NODE_04,5,11,2026-05-28 21:20:34
ESP_NODE_04,7,13,2026-05-28 21:24:02
ESP_NODE_04,14,14,2026-05-28 21:26:23
ESP_NODE_04,3,12,2026-05-28 21:27:29
ESP_NODE_04,4,9,2026-05-28 21:28:35
ESP_NODE_04,1,11,2026-05-28 21:29:41
ESP_NODE_04,5,14,2026-05-28 21:30:47
ESP_NODE_04,0,13,2026-05-28 21:31:53
ESP_NODE_04,5,12,2026-05-28 21:32:59
ESP_NODE_04,6,13,2026-05-28 21:34:05
ESP_NODE_04,7,12,2026-05-28 21:35:11
ESP_NODE_04,6,12,2026-05-28 21:36:17
ESP_NODE_04,7,13,2026-05-28 21:37:23
ESP_NODE_04,2,12,2026-05-28 21:39:35
ESP_NODE_04,4,10,2026-05-28 21:40:41
ESP_NODE_04,4,16,2026-05-28 21:41:47
ESP_NODE_04,4,12,2026-05-28 21:42:53
ESP_NODE_04,6,11,2026-05-28 21:43:59
ESP_NODE_04,4,12,2026-05-28 21:45:05
ESP_NODE_04,3,11,2026-05-28 21:46:11
ESP_NODE_04,0,9,2026-05-28 21:47:17
ESP_NODE_04,3,8,2026-05-28 21:48:23
ESP_NODE_04,4,7,2026-05-28 21:50:44
ESP_NODE_04,3,8,2026-05-28 21:51:50
ESP_NODE_04,4,9,2026-05-28 21:52:56
ESP_NODE_04,3,9,2026-05-28 21:54:02
ESP_NODE_04,3,8,2026-05-28 21:55:08
ESP_NODE_04,6,11,2026-05-28 21:56:14
ESP_NODE_04,4,8,2026-05-28 21:57:29
ESP_NODE_04,1,10,2026-05-28 21:58:36
ESP_NODE_04,7,10,2026-05-28 21:59:42
ESP_NODE_04,7,8,2026-05-28 22:00:48
ESP_NODE_04,4,7,2026-05-28 22:03:09
ESP_NODE_04,1,8,2026-05-28 22:04:15
ESP_NODE_04,0,6,2026-05-28 22:06:36
ESP_NODE_04,1,7,2026-05-28 22:08:57
ESP_NODE_04,3,7,2026-05-28 22:10:03
ESP_NODE_04,0,7,2026-05-28 22:11:09
ESP_NODE_04,2,6,2026-05-28 22:13:30
ESP_NODE_04,2,7,2026-05-28 22:14:36
ESP_NODE_04,0,8,2026-05-28 22:15:42
ESP_NODE_04,4,6,2026-05-28 22:16:48
ESP_NODE_04,1,5,2026-05-28 22:17:54
ESP_NODE_04,3,6,2026-05-28 22:19:00
ESP_NODE_04,7,5,2026-05-28 22:20:06
ESP_NODE_04,0,7,2026-05-28 22:21:12
ESP_NODE_04,0,4,2026-05-28 22:22:18
ESP_NODE_04,6,7,2026-05-28 22:23:24
ESP_NODE_04,0,6,2026-05-28 22:24:30
ESP_NODE_04,4,4,2026-05-28 22:25:36
ESP_NODE_04,2,4,2026-05-28 22:26:42
ESP_NODE_04,2,6,2026-05-28 22:29:03
ESP_NODE_04,1,5,2026-05-28 22:30:09
ESP_NODE_04,0,6,2026-05-28 22:31:15
ESP_NODE_04,1,6,2026-05-28 22:32:21
ESP_NODE_04,0,4,2026-05-28 22:33:27
ESP_NODE_04,3,10,2026-05-28 22:34:33
ESP_NODE_04,2,4,2026-05-28 22:35:39
ESP_NODE_04,1,8,2026-05-28 22:36:45
ESP_NODE_04,1,4,2026-05-28 22:37:51
ESP_NODE_04,1,6,2026-05-28 22:38:57
ESP_NODE_04,1,6,2026-05-28 22:40:03
ESP_NODE_04,3,4,2026-05-28 22:41:09
ESP_NODE_04,2,3,2026-05-28 22:42:15
ESP_NODE_04,0,3,2026-05-28 22:43:21
ESP_NODE_04,1,6,2026-05-28 22:44:27
ESP_NODE_04,1,4,2026-05-28 22:45:33
ESP_NODE_04,1,6,2026-05-28 22:46:39
ESP_NODE_04,1,6,2026-05-28 22:47:45
ESP_NODE_04,1,3,2026-05-28 22:48:51
ESP_NODE_04,0,3,2026-05-28 22:49:57
ESP_NODE_04,0,6,2026-05-28 22:51:03
ESP_NODE_04,3,7,2026-05-28 22:52:09
ESP_NODE_04,0,8,2026-05-28 22:53:15
ESP_NODE_04,0,7,2026-05-28 22:54:21
ESP_NODE_04,2,10,2026-05-28 22:55:27
ESP_NODE_04,3,9,2026-05-28 22:56:33
ESP_NODE_04,2,6,2026-05-28 22:57:39
ESP_NODE_04,0,6,2026-05-28 22:58:45
ESP_NODE_04,0,4,2026-05-28 23:01:07
ESP_NODE_04,5,4,2026-05-28 23:02:13
ESP_NODE_04,5,6,2026-05-28 23:03:19
ESP_NODE_04,3,3,2026-05-28 23:04:25
ESP_NODE_04,0,4,2026-05-28 23:05:31
ESP_NODE_04,0,5,2026-05-28 23:06:37
ESP_NODE_04,4,4,2026-05-28 23:07:43
ESP_NODE_04,2,5,2026-05-28 23:10:04
ESP_NODE_04,4,3,2026-05-28 23:11:10
ESP_NODE_04,3,5,2026-05-28 23:12:16
ESP_NODE_04,0,4,2026-05-28 23:14:28
ESP_NODE_04,0,4,2026-05-28 23:15:34
ESP_NODE_04,0,2,2026-05-28 23:17:55
ESP_NODE_04,0,1,2026-05-28 23:19:01
ESP_NODE_04,0,4,2026-05-28 23:21:22
ESP_NODE_04,0,4,2026-05-28 23:23:34
ESP_NODE_04,0,3,2026-05-28 23:24:40
ESP_NODE_04,0,2,2026-05-28 23:25:46
ESP_NODE_04,0,3,2026-05-28 23:28:08
ESP_NODE_04,0,3,2026-05-28 23:29:14
ESP_NODE_04,0,2,2026-05-28 23:30:19
ESP_NODE_04,0,2,2026-05-28 23:32:32
ESP_NODE_04,0,3,2026-05-28 23:33:37
ESP_NODE_04,3,6,2026-05-28 23:48:55
ESP_NODE_04,1,3,2026-05-28 23:50:01
ESP_NODE_04,2,4,2026-05-28 23:52:22
ESP_NODE_04,3,3,2026-05-28 23:53:29
ESP_NODE_04,4,5,2026-05-28 23:55:41
ESP_NODE_04,0,3,2026-05-29 00:00:24
ESP_NODE_04,0,3,2026-05-29 00:01:30
ESP_NODE_04,2,5,2026-05-29 00:03:51
ESP_NODE_04,2,3,2026-05-29 00:04:58
ESP_NODE_04,0,3,2026-05-29 00:06:04
ESP_NODE_04,2,3,2026-05-29 00:08:25
ESP_NODE_04,1,3,2026-05-29 00:09:31
ESP_NODE_04,0,3,2026-05-29 00:10:38
ESP_NODE_04,1,3,2026-05-29 00:11:44
ESP_NODE_04,0,3,2026-05-29 00:16:35
ESP_NODE_04,0,3,2026-05-29 00:17:41
ESP_NODE_04,2,3,2026-05-29 00:20:03
ESP_NODE_04,0,3,2026-05-29 00:21:09
ESP_NODE_04,0,3,2026-05-29 00:22:15
ESP_NODE_04,0,3,2026-05-29 00:23:22
ESP_NODE_04,0,4,2026-05-29 00:24:28
ESP_NODE_04,0,2,2026-05-29 00:25:35
ESP_NODE_04,2,2,2026-05-29 00:26:41
ESP_NODE_04,2,3,2026-05-29 00:27:47
ESP_NODE_04,3,4,2026-05-29 00:28:54
ESP_NODE_04,0,6,2026-05-29 00:32:30
ESP_NODE_04,0,7,2026-05-29 00:33:36
ESP_NODE_04,0,4,2026-05-29 00:34:42
ESP_NODE_04,8,6,2026-05-29 00:35:48
ESP_NODE_04,0,5,2026-05-29 00:36:54
ESP_NODE_04,0,6,2026-05-29 00:38:01
ESP_NODE_04,2,5,2026-05-29 00:39:07
ESP_NODE_04,0,3,2026-05-29 00:40:13
ESP_NODE_04,0,1,2026-05-29 00:42:34
ESP_NODE_04,1,0,2026-05-29 00:43:41
ESP_NODE_04,1,0,2026-05-29 00:44:47
ESP_NODE_04,1,0,2026-05-29 00:45:54
ESP_NODE_04,2,0,2026-05-29 00:47:00
ESP_NODE_04,0,0,2026-05-29 00:49:21
ESP_NODE_04,0,0,2026-05-29 00:50:28
ESP_NODE_04,0,2,2026-05-29 00:51:34
ESP_NODE_04,0,1,2026-05-29 00:52:40
ESP_NODE_04,6,1,2026-05-29 00:53:46
ESP_NODE_04,0,0,2026-05-29 00:54:53
ESP_NODE_04,3,1,2026-05-29 00:57:14
ESP_NODE_04,0,0,2026-05-29 00:58:20
ESP_NODE_04,2,1,2026-05-29 00:59:27
ESP_NODE_04,2,0,2026-05-29 01:01:39
ESP_NODE_04,0,0,2026-05-29 01:02:45
ESP_NODE_04,2,1,2026-05-29 01:03:52
ESP_NODE_04,0,0,2026-05-29 01:06:13
ESP_NODE_04,0,0,2026-05-29 01:07:19
ESP_NODE_04,0,1,2026-05-29 01:08:26
ESP_NODE_04,1,0,2026-05-29 01:09:32
ESP_NODE_04,4,0,2026-05-29 01:11:53
ESP_NODE_04,0,0,2026-05-29 01:13:00
ESP_NODE_04,0,1,2026-05-29 01:15:21
ESP_NODE_04,1,0,2026-05-29 01:16:27
ESP_NODE_04,0,0,2026-05-29 01:17:34
ESP_NODE_04,2,0,2026-05-29 01:18:40
ESP_NODE_04,1,0,2026-05-29 01:22:07
ESP_NODE_04,2,0,2026-05-29 01:23:14
ESP_NODE_04,4,0,2026-05-29 01:24:20
ESP_NODE_04,0,0,2026-05-29 01:25:26
ESP_NODE_04,1,2,2026-05-29 01:26:32
ESP_NODE_04,0,0,2026-05-29 01:27:39
ESP_NODE_04,4,0,2026-05-29 01:30:00
ESP_NODE_04,0,1,2026-05-29 01:32:21
ESP_NODE_04,1,0,2026-05-29 01:33:28
ESP_NODE_04,1,0,2026-05-29 01:34:34
ESP_NODE_04,0,1,2026-05-29 01:35:40
ESP_NODE_04,3,1,2026-05-29 01:36:46
ESP_NODE_04,0,1,2026-05-29 01:37:53
ESP_NODE_04,1,1,2026-05-29 01:40:14
ESP_NODE_04,1,1,2026-05-29 01:41:20
ESP_NODE_04,0,0,2026-05-29 01:42:26
ESP_NODE_04,2,1,2026-05-29 01:45:54
ESP_NODE_04,3,0,2026-05-29 01:47:00
ESP_NODE_04,0,1,2026-05-29 01:48:07
ESP_NODE_04,1,0,2026-05-29 01:49:13
ESP_NODE_04,0,1,2026-05-29 01:50:19
ESP_NODE_04,0,2,2026-05-29 01:51:25
ESP_NODE_04,1,1,2026-05-29 01:52:32
ESP_NODE_04,2,0,2026-05-29 01:53:38
ESP_NODE_04,1,1,2026-05-29 01:54:45
ESP_NODE_04,0,0,2026-05-29 01:57:06
ESP_NODE_04,0,1,2026-05-29 01:58:13
ESP_NODE_04,2,0,2026-05-29 01:59:19
ESP_NODE_04,0,0,2026-05-29 02:00:25
ESP_NODE_04,1,0,2026-05-29 02:01:32
ESP_NODE_04,3,0,2026-05-29 02:02:38
ESP_NODE_04,2,1,2026-05-29 02:03:44
ESP_NODE_04,0,1,2026-05-29 02:04:51
ESP_NODE_04,2,0,2026-05-29 02:05:57
ESP_NODE_04,0,0,2026-05-29 02:08:19
ESP_NODE_04,2,0,2026-05-29 02:09:25
ESP_NODE_04,0,2,2026-05-29 02:10:32
ESP_NODE_04,0,1,2026-05-29 02:11:38
ESP_NODE_04,1,0,2026-05-29 02:12:45
ESP_NODE_04,2,0,2026-05-29 02:13:51
ESP_NODE_04,0,1,2026-05-29 02:14:57
ESP_NODE_04,1,1,2026-05-29 02:17:10
ESP_NODE_04,1,1,2026-05-29 02:19:32
ESP_NODE_04,0,2,2026-05-29 02:20:38
ESP_NODE_04,0,1,2026-05-29 02:21:44
ESP_NODE_04,3,1,2026-05-29 02:22:51
ESP_NODE_04,1,2,2026-05-29 02:23:57
ESP_NODE_04,0,1,2026-05-29 02:25:03
ESP_NODE_04,0,2,2026-05-29 02:27:24
ESP_NODE_04,0,1,2026-05-29 02:29:45
ESP_NODE_04,0,0,2026-05-29 02:32:07
ESP_NODE_04,2,1,2026-05-29 02:34:28
ESP_NODE_04,0,0,2026-05-29 02:35:34
ESP_NODE_04,1,1,2026-05-29 02:36:40
ESP_NODE_04,0,1,2026-05-29 02:37:46
ESP_NODE_04,0,1,2026-05-29 02:38:53
ESP_NODE_04,0,0,2026-05-29 02:39:59
ESP_NODE_04,0,0,2026-05-29 02:42:20
ESP_NODE_04,0,2,2026-05-29 02:44:41
ESP_NODE_04,0,1,2026-05-29 02:45:48
ESP_NODE_04,0,0,2026-05-29 02:46:54
ESP_NODE_04,0,0,2026-05-29 02:48:00
ESP_NODE_04,3,1,2026-05-29 02:50:21
ESP_NODE_04,1,1,2026-05-29 02:51:28
ESP_NODE_04,2,1,2026-05-29 02:53:49
ESP_NODE_04,0,1,2026-05-29 02:56:11
ESP_NODE_04,3,1,2026-05-29 02:57:17
ESP_NODE_04,0,1,2026-05-29 02:58:23
ESP_NODE_04,0,1,2026-05-29 02:59:30
ESP_NODE_04,0,1,2026-05-29 03:00:36
ESP_NODE_04,2,1,2026-05-29 03:04:12
ESP_NODE_04,0,1,2026-05-29 03:06:24
ESP_NODE_04,0,0,2026-05-29 03:09:52
ESP_NODE_04,3,2,2026-05-29 03:10:58
ESP_NODE_04,0,1,2026-05-29 03:12:05
ESP_NODE_04,0,1,2026-05-29 03:14:26
ESP_NODE_04,0,1,2026-05-29 03:15:32
ESP_NODE_04,0,1,2026-05-29 03:16:38
ESP_NODE_04,0,1,2026-05-29 03:17:45
ESP_NODE_04,5,2,2026-05-29 03:18:51
ESP_NODE_04,1,0,2026-05-29 03:21:12
ESP_NODE_04,1,0,2026-05-29 03:23:34
ESP_NODE_04,1,0,2026-05-29 03:24:40
ESP_NODE_04,1,0,2026-05-29 03:25:46
ESP_NODE_04,1,0,2026-05-29 03:26:52
ESP_NODE_04,0,0,2026-05-29 03:27:58
ESP_NODE_04,0,0,2026-05-29 03:29:04
ESP_NODE_04,0,0,2026-05-29 03:31:26
ESP_NODE_04,1,0,2026-05-29 03:32:32
ESP_NODE_04,1,0,2026-05-29 03:33:38
ESP_NODE_04,1,0,2026-05-29 03:34:44
ESP_NODE_04,1,0,2026-05-29 03:35:51
ESP_NODE_04,0,0,2026-05-29 03:36:57
ESP_NODE_04,3,0,2026-05-29 03:38:03
ESP_NODE_04,1,0,2026-05-29 03:39:10
ESP_NODE_04,2,1,2026-05-29 03:40:15
ESP_NODE_04,2,0,2026-05-29 03:42:37
ESP_NODE_04,2,0,2026-05-29 03:44:49
ESP_NODE_04,0,0,2026-05-29 03:45:56
ESP_NODE_04,3,0,2026-05-29 03:47:02
ESP_NODE_04,0,0,2026-05-29 03:48:13
ESP_NODE_04,2,0,2026-05-29 03:49:19
ESP_NODE_04,0,0,2026-05-29 03:50:25
ESP_NODE_04,0,0,2026-05-29 03:51:32
ESP_NODE_04,0,0,2026-05-29 03:52:38
ESP_NODE_04,6,0,2026-05-29 03:53:44
ESP_NODE_04,2,0,2026-05-29 03:56:06
ESP_NODE_04,0,0,2026-05-29 03:57:12
ESP_NODE_04,2,0,2026-05-29 03:58:18
ESP_NODE_04,2,0,2026-05-29 03:59:24
ESP_NODE_04,0,0,2026-05-29 04:00:30
ESP_NODE_04,0,0,2026-05-29 04:01:36
ESP_NODE_04,0,0,2026-05-29 04:03:58
ESP_NODE_04,0,0,2026-05-29 04:05:04
ESP_NODE_04,0,0,2026-05-29 04:06:10
ESP_NODE_04,0,0,2026-05-29 04:07:16
ESP_NODE_04,1,0,2026-05-29 04:08:22
ESP_NODE_04,2,0,2026-05-29 04:09:28
ESP_NODE_04,0,0,2026-05-29 04:10:34
ESP_NODE_04,0,0,2026-05-29 04:12:55
ESP_NODE_04,0,0,2026-05-29 04:14:02
ESP_NODE_04,1,0,2026-05-29 04:15:08
ESP_NODE_04,0,0,2026-05-29 04:16:14
ESP_NODE_04,2,0,2026-05-29 04:17:20
ESP_NODE_04,0,0,2026-05-29 04:19:32
ESP_NODE_04,0,0,2026-05-29 04:20:38
ESP_NODE_04,1,0,2026-05-29 04:23:04
ESP_NODE_04,0,0,2026-05-29 04:24:10
ESP_NODE_04,1,0,2026-05-29 04:25:16
ESP_NODE_04,0,0,2026-05-29 04:26:22
ESP_NODE_04,1,0,2026-05-29 04:28:35
ESP_NODE_04,2,0,2026-05-29 04:30:56
ESP_NODE_04,0,0,2026-05-29 04:32:02
ESP_NODE_04,1,0,2026-05-29 04:33:09
ESP_NODE_04,0,0,2026-05-29 04:35:30
ESP_NODE_04,0,0,2026-05-29 04:36:36
ESP_NODE_04,0,0,2026-05-29 04:37:42
ESP_NODE_04,0,0,2026-05-29 04:40:03
ESP_NODE_04,1,0,2026-05-29 04:42:25
ESP_NODE_04,3,0,2026-05-29 04:44:37
ESP_NODE_04,1,0,2026-05-29 04:46:49
ESP_NODE_04,0,0,2026-05-29 04:47:55
ESP_NODE_04,0,0,2026-05-29 04:49:02
ESP_NODE_04,1,0,2026-05-29 04:52:38
ESP_NODE_04,1,0,2026-05-29 04:53:44
ESP_NODE_04,0,0,2026-05-29 04:56:05
ESP_NODE_04,0,0,2026-05-29 04:57:12
ESP_NODE_04,0,0,2026-05-29 04:58:18
ESP_NODE_04,1,0,2026-05-29 04:59:24
ESP_NODE_04,1,0,2026-05-29 05:00:30
ESP_NODE_04,4,1,2026-05-29 05:01:36
ESP_NODE_04,2,1,2026-05-29 05:02:42
ESP_NODE_04,5,1,2026-05-29 05:03:49
ESP_NODE_04,0,1,2026-05-29 05:04:55
ESP_NODE_04,3,1,2026-05-29 05:06:01
ESP_NODE_04,3,2,2026-05-29 05:07:07
ESP_NODE_04,2,1,2026-05-29 05:08:13
ESP_NODE_04,4,2,2026-05-29 05:09:19
ESP_NODE_04,4,2,2026-05-29 05:10:25
ESP_NODE_04,0,2,2026-05-29 05:11:32
ESP_NODE_04,2,1,2026-05-29 05:12:38
ESP_NODE_04,3,2,2026-05-29 05:13:44
ESP_NODE_04,1,2,2026-05-29 05:14:50
ESP_NODE_04,2,3,2026-05-29 05:15:56
ESP_NODE_04,1,3,2026-05-29 05:17:02
ESP_NODE_04,2,2,2026-05-29 05:18:08
ESP_NODE_04,0,2,2026-05-29 05:22:42
ESP_NODE_04,0,3,2026-05-29 05:25:03
ESP_NODE_04,0,2,2026-05-29 05:26:08
ESP_NODE_04,1,2,2026-05-29 05:27:14
ESP_NODE_04,0,2,2026-05-29 05:28:21
ESP_NODE_04,1,2,2026-05-29 05:29:27
ESP_NODE_04,2,2,2026-05-29 05:30:33
ESP_NODE_04,1,2,2026-05-29 05:31:39
ESP_NODE_04,1,2,2026-05-29 05:34:00
ESP_NODE_04,8,6,2026-05-29 05:35:06
ESP_NODE_04,1,3,2026-05-29 05:36:12
ESP_NODE_04,1,2,2026-05-29 05:37:18
ESP_NODE_04,2,6,2026-05-29 05:38:24
ESP_NODE_04,2,4,2026-05-29 05:39:30
ESP_NODE_04,2,3,2026-05-29 05:40:37
ESP_NODE_04,1,4,2026-05-29 05:41:43
ESP_NODE_04,0,4,2026-05-29 05:42:49
ESP_NODE_04,5,5,2026-05-29 05:44:07
ESP_NODE_04,1,5,2026-05-29 05:45:13
ESP_NODE_04,3,5,2026-05-29 05:46:20
ESP_NODE_04,0,5,2026-05-29 05:47:26
ESP_NODE_04,17,6,2026-05-29 05:48:32
ESP_NODE_04,11,5,2026-05-29 05:49:38
ESP_NODE_04,5,5,2026-05-29 05:50:44
ESP_NODE_04,6,4,2026-05-29 05:51:50
ESP_NODE_04,0,6,2026-05-29 05:52:56
ESP_NODE_04,0,3,2026-05-29 05:54:02
ESP_NODE_04,0,2,2026-05-29 05:55:08
ESP_NODE_04,1,4,2026-05-29 05:56:14
ESP_NODE_04,0,3,2026-05-29 05:57:20
ESP_NODE_04,7,4,2026-05-29 05:58:26
ESP_NODE_04,2,2,2026-05-29 05:59:32
ESP_NODE_04,0,3,2026-05-29 06:00:38
ESP_NODE_04,3,1,2026-05-29 06:01:44
ESP_NODE_04,2,2,2026-05-29 06:02:50
ESP_NODE_04,2,2,2026-05-29 06:03:56
ESP_NODE_04,1,2,2026-05-29 06:05:02
ESP_NODE_04,0,2,2026-05-29 06:06:08
ESP_NODE_04,6,3,2026-05-29 06:07:14
ESP_NODE_04,0,3,2026-05-29 06:09:36
ESP_NODE_04,3,3,2026-05-29 06:10:42
ESP_NODE_04,0,4,2026-05-29 06:11:48
ESP_NODE_04,0,2,2026-05-29 06:12:54
ESP_NODE_04,2,3,2026-05-29 06:14:00
ESP_NODE_04,27,3,2026-05-29 06:15:06
ESP_NODE_04,4,4,2026-05-29 06:16:12
ESP_NODE_04,2,4,2026-05-29 06:17:17
ESP_NODE_04,12,8,2026-05-29 06:18:23
ESP_NODE_04,0,5,2026-05-29 06:19:29
ESP_NODE_04,0,5,2026-05-29 06:20:35
ESP_NODE_04,3,5,2026-05-29 06:21:42
ESP_NODE_04,2,3,2026-05-29 06:24:03
ESP_NODE_04,1,4,2026-05-29 06:25:09
ESP_NODE_04,1,4,2026-05-29 06:26:15
ESP_NODE_04,0,4,2026-05-29 06:27:21
ESP_NODE_04,3,3,2026-05-29 06:29:42
ESP_NODE_04,0,4,2026-05-29 06:30:48
ESP_NODE_04,2,5,2026-05-29 06:31:54
ESP_NODE_04,10,5,2026-05-29 06:33:00
ESP_NODE_04,0,5,2026-05-29 06:34:06
ESP_NODE_04,2,4,2026-05-29 06:35:12
ESP_NODE_04,3,4,2026-05-29 06:36:18
ESP_NODE_04,9,3,2026-05-29 06:37:24
ESP_NODE_04,17,4,2026-05-29 06:40:42
ESP_NODE_04,3,1,2026-05-29 06:41:49
ESP_NODE_04,2,2,2026-05-29 06:42:55
ESP_NODE_04,2,2,2026-05-29 06:45:16
ESP_NODE_04,3,2,2026-05-29 06:46:22
ESP_NODE_04,0,2,2026-05-29 06:47:28
ESP_NODE_04,6,5,2026-05-29 06:48:34
ESP_NODE_04,5,5,2026-05-29 06:49:40
ESP_NODE_04,0,4,2026-05-29 06:51:00
ESP_NODE_04,1,5,2026-05-29 06:52:07
ESP_NODE_04,8,4,2026-05-29 06:54:28
ESP_NODE_04,1,5,2026-05-29 06:55:34
ESP_NODE_04,1,5,2026-05-29 06:56:41
ESP_NODE_04,0,5,2026-05-29 06:57:47
ESP_NODE_04,1,2,2026-05-29 06:58:53
ESP_NODE_04,0,4,2026-05-29 06:59:59
ESP_NODE_04,1,4,2026-05-29 07:01:05
ESP_NODE_04,2,2,2026-05-29 07:02:11
ESP_NODE_04,14,4,2026-05-29 07:03:17
ESP_NODE_04,5,8,2026-05-29 07:05:29
ESP_NODE_04,1,4,2026-05-29 07:06:36
ESP_NODE_04,2,4,2026-05-29 07:07:42
ESP_NODE_04,2,5,2026-05-29 07:08:48
ESP_NODE_04,4,4,2026-05-29 07:09:54
ESP_NODE_04,0,5,2026-05-29 07:11:00
ESP_NODE_04,2,3,2026-05-29 07:12:06
ESP_NODE_04,18,5,2026-05-29 07:13:12
ESP_NODE_04,6,7,2026-05-29 07:14:18
ESP_NODE_04,8,7,2026-05-29 07:15:24
ESP_NODE_04,1,8,2026-05-29 07:16:31
ESP_NODE_04,1,7,2026-05-29 07:17:37
ESP_NODE_04,1,11,2026-05-29 07:18:43
ESP_NODE_04,0,8,2026-05-29 07:23:16
ESP_NODE_04,1,8,2026-05-29 07:24:22
ESP_NODE_04,1,7,2026-05-29 07:25:28
ESP_NODE_04,0,8,2026-05-29 07:26:34
ESP_NODE_04,5,7,2026-05-29 07:27:40
ESP_NODE_04,8,7,2026-05-29 07:28:46
ESP_NODE_04,2,8,2026-05-29 07:29:52
ESP_NODE_04,7,8,2026-05-29 07:30:59
ESP_NODE_04,0,7,2026-05-29 07:32:05
ESP_NODE_04,4,13,2026-05-29 07:33:10
ESP_NODE_04,1,9,2026-05-29 07:34:17
ESP_NODE_04,4,8,2026-05-29 07:35:23
ESP_NODE_04,3,8,2026-05-29 07:36:29
ESP_NODE_04,7,9,2026-05-29 07:37:35
ESP_NODE_04,5,10,2026-05-29 07:38:41
ESP_NODE_04,2,6,2026-05-29 07:39:47
ESP_NODE_04,2,7,2026-05-29 07:40:53
ESP_NODE_04,1,7,2026-05-29 07:43:14
ESP_NODE_04,6,8,2026-05-29 07:44:21
ESP_NODE_04,1,8,2026-05-29 07:45:27
ESP_NODE_04,0,8,2026-05-29 07:46:33
ESP_NODE_04,6,9,2026-05-29 07:47:39
ESP_NODE_04,23,11,2026-05-29 07:48:45
ESP_NODE_04,1,5,2026-05-29 07:49:51
ESP_NODE_04,10,6,2026-05-29 07:52:04
ESP_NODE_04,5,7,2026-05-29 07:53:10
ESP_NODE_04,18,7,2026-05-29 07:54:16
ESP_NODE_04,5,4,2026-05-29 07:55:22
ESP_NODE_04,0,6,2026-05-29 07:56:28
ESP_NODE_04,20,8,2026-05-29 07:57:34
ESP_NODE_04,5,4,2026-05-29 07:58:40
ESP_NODE_04,3,4,2026-05-29 07:59:47
ESP_NODE_04,0,4,2026-05-29 08:00:52
ESP_NODE_04,1,4,2026-05-29 08:01:58
ESP_NODE_04,1,5,2026-05-29 08:03:04
ESP_NODE_04,0,3,2026-05-29 08:06:32
ESP_NODE_04,0,3,2026-05-29 08:07:38
ESP_NODE_04,3,6,2026-05-29 08:08:44
ESP_NODE_04,5,7,2026-05-29 08:09:50
ESP_NODE_04,1,7,2026-05-29 08:10:56
ESP_NODE_04,10,5,2026-05-29 08:12:02
ESP_NODE_04,4,3,2026-05-29 08:13:08
ESP_NODE_04,2,4,2026-05-29 08:14:14
ESP_NODE_04,5,8,2026-05-29 08:15:21
ESP_NODE_04,2,6,2026-05-29 08:17:33
ESP_NODE_04,4,10,2026-05-29 08:18:39
ESP_NODE_04,7,6,2026-05-29 08:19:45
ESP_NODE_04,2,7,2026-05-29 08:20:51
ESP_NODE_04,6,7,2026-05-29 08:21:58
ESP_NODE_04,6,13,2026-05-29 08:23:04
ESP_NODE_04,13,8,2026-05-29 08:24:10
ESP_NODE_04,10,10,2026-05-29 08:25:16
ESP_NODE_04,2,7,2026-05-29 08:26:22
ESP_NODE_04,6,7,2026-05-29 08:27:28
ESP_NODE_04,6,8,2026-05-29 08:28:34
ESP_NODE_04,6,8,2026-05-29 08:29:40
ESP_NODE_04,5,7,2026-05-29 08:32:02
ESP_NODE_04,4,6,2026-05-29 08:33:07
ESP_NODE_04,1,6,2026-05-29 08:34:14
ESP_NODE_04,6,4,2026-05-29 08:35:20
ESP_NODE_04,4,3,2026-05-29 08:36:26
ESP_NODE_04,8,4,2026-05-29 08:38:47
ESP_NODE_04,4,7,2026-05-29 08:39:53
ESP_NODE_04,5,5,2026-05-29 08:40:59
ESP_NODE_04,5,1,2026-05-29 08:42:05
ESP_NODE_04,6,2,2026-05-29 08:44:26
ESP_NODE_04,7,0,2026-05-29 08:45:32
ESP_NODE_04,1,13,2026-05-29 08:46:38
ESP_NODE_04,2,0,2026-05-29 08:47:44
ESP_NODE_04,1,2,2026-05-29 08:48:49
ESP_NODE_04,3,0,2026-05-29 08:49:55
ESP_NODE_04,3,0,2026-05-29 08:51:02
ESP_NODE_04,2,2,2026-05-29 08:53:14
ESP_NODE_04,3,0,2026-05-29 08:54:20
ESP_NODE_04,2,0,2026-05-29 08:55:27
ESP_NODE_04,2,0,2026-05-29 08:56:33
ESP_NODE_04,3,0,2026-05-29 08:57:39
ESP_NODE_04,2,2,2026-05-29 08:58:45
ESP_NODE_04,2,1,2026-05-29 08:59:51
ESP_NODE_04,1,0,2026-05-29 09:00:57
ESP_NODE_04,1,0,2026-05-29 09:02:03
ESP_NODE_03,0,0,2026-05-29 09:03:48
ESP_NODE_01,0,0,2026-05-29 09:03:48
ESP_NODE_02,6,10,2026-05-29 09:03:48
ESP_NODE_03,2,2,2026-05-29 09:04:55
ESP_NODE_01,1,5,2026-05-29 09:04:55
ESP_NODE_02,6,9,2026-05-29 09:04:55
ESP_NODE_04,2,0,2026-05-29 09:05:39
ESP_NODE_03,4,1,2026-05-29 09:06:01
ESP_NODE_01,2,2,2026-05-29 09:06:01
ESP_NODE_02,8,10,2026-05-29 09:06:01
ESP_NODE_04,0,0,2026-05-29 09:06:45
ESP_NODE_03,0,1,2026-05-29 09:07:07
ESP_NODE_01,0,3,2026-05-29 09:07:07
ESP_NODE_02,6,8,2026-05-29 09:07:07
ESP_NODE_04,0,0,2026-05-29 09:07:51
ESP_NODE_03,1,1,2026-05-29 09:08:13
ESP_NODE_01,0,2,2026-05-29 09:08:13
ESP_NODE_02,6,10,2026-05-29 09:08:13
ESP_NODE_04,3,2,2026-05-29 09:08:57
ESP_NODE_03,2,1,2026-05-29 09:09:19
ESP_NODE_01,1,2,2026-05-29 09:09:19
ESP_NODE_02,5,10,2026-05-29 09:09:19
ESP_NODE_04,4,4,2026-05-29 09:10:03
ESP_NODE_04,0,0,2026-05-29 09:11:09
ESP_NODE_03,5,1,2026-05-29 09:11:31
ESP_NODE_01,3,2,2026-05-29 09:11:31
ESP_NODE_02,7,8,2026-05-29 09:11:31
ESP_NODE_04,0,2,2026-05-29 09:12:17
ESP_NODE_03,2,1,2026-05-29 09:12:37
ESP_NODE_01,1,2,2026-05-29 09:12:37
ESP_NODE_02,5,11,2026-05-29 09:12:37
ESP_NODE_04,0,0,2026-05-29 09:13:23
ESP_NODE_03,5,1,2026-05-29 09:13:43
ESP_NODE_01,3,2,2026-05-29 09:13:43
ESP_NODE_02,6,11,2026-05-29 09:13:43
ESP_NODE_04,1,0,2026-05-29 09:14:29
ESP_NODE_03,2,2,2026-05-29 09:14:49
ESP_NODE_01,1,5,2026-05-29 09:14:49
ESP_NODE_02,8,10,2026-05-29 09:14:49
ESP_NODE_04,2,0,2026-05-29 09:15:35
ESP_NODE_03,2,1,2026-05-29 09:15:55
ESP_NODE_01,1,2,2026-05-29 09:15:55
ESP_NODE_02,7,8,2026-05-29 09:15:55
ESP_NODE_04,3,2,2026-05-29 09:16:42
ESP_NODE_03,2,2,2026-05-29 09:17:02
ESP_NODE_01,1,5,2026-05-29 09:17:02
ESP_NODE_02,5,9,2026-05-29 09:17:02
ESP_NODE_04,5,1,2026-05-29 09:17:47
ESP_NODE_03,2,2,2026-05-29 09:18:08
ESP_NODE_01,1,5,2026-05-29 09:18:08
ESP_NODE_02,7,8,2026-05-29 09:18:08
ESP_NODE_04,1,2,2026-05-29 09:18:54
ESP_NODE_03,5,1,2026-05-29 09:19:14
ESP_NODE_01,3,2,2026-05-29 09:19:14
ESP_NODE_02,6,8,2026-05-29 09:19:14
ESP_NODE_04,1,1,2026-05-29 09:20:00
ESP_NODE_03,3,1,2026-05-29 09:20:20
ESP_NODE_01,2,2,2026-05-29 09:20:20
ESP_NODE_02,8,10,2026-05-29 09:20:20
ESP_NODE_04,1,2,2026-05-29 09:21:06
ESP_NODE_03,2,1,2026-05-29 09:21:26
ESP_NODE_01,1,2,2026-05-29 09:21:26
ESP_NODE_02,8,12,2026-05-29 09:21:26
ESP_NODE_03,3,1,2026-05-29 09:22:32
ESP_NODE_01,2,2,2026-05-29 09:22:32
ESP_NODE_02,6,8,2026-05-29 09:22:32
ESP_NODE_04,1,1,2026-05-29 09:23:27
ESP_NODE_03,3,2,2026-05-29 09:23:38
ESP_NODE_01,2,5,2026-05-29 09:23:38
ESP_NODE_02,8,8,2026-05-29 09:23:38
ESP_NODE_04,2,2,2026-05-29 09:24:34
ESP_NODE_03,5,3,2026-05-29 09:24:44
ESP_NODE_01,3,8,2026-05-29 09:24:44
ESP_NODE_02,8,8,2026-05-29 09:24:44
ESP_NODE_04,1,1,2026-05-29 09:25:40
ESP_NODE_03,2,1,2026-05-29 09:25:50
ESP_NODE_01,1,2,2026-05-29 09:25:50
ESP_NODE_02,5,9,2026-05-29 09:25:50
ESP_NODE_04,2,1,2026-05-29 09:26:46
ESP_NODE_03,5,1,2026-05-29 09:26:56
ESP_NODE_01,3,2,2026-05-29 09:26:56
ESP_NODE_02,8,10,2026-05-29 09:26:56
ESP_NODE_04,4,3,2026-05-29 09:27:53
ESP_NODE_04,1,0,2026-05-29 09:28:59
ESP_NODE_03,2,1,2026-05-29 09:29:17
ESP_NODE_01,1,2,2026-05-29 09:29:17
ESP_NODE_02,6,8,2026-05-29 09:29:17
ESP_NODE_04,1,0,2026-05-29 09:30:05
ESP_NODE_03,2,1,2026-05-29 09:30:23
ESP_NODE_01,1,2,2026-05-29 09:30:23
ESP_NODE_02,6,9,2026-05-29 09:30:23
ESP_NODE_03,2,2,2026-05-29 09:31:29
ESP_NODE_01,1,5,2026-05-29 09:31:29
ESP_NODE_02,7,8,2026-05-29 09:31:29
ESP_NODE_03,3,1,2026-05-29 09:32:34
ESP_NODE_01,2,2,2026-05-29 09:32:34
ESP_NODE_02,5,8,2026-05-29 09:32:34
ESP_NODE_04,7,1,2026-05-29 09:33:32
ESP_NODE_03,5,1,2026-05-29 09:33:41
ESP_NODE_01,3,2,2026-05-29 09:33:41
ESP_NODE_02,5,8,2026-05-29 09:33:41
ESP_NODE_04,4,2,2026-05-29 09:34:38
ESP_NODE_03,10,2,2026-05-29 09:34:47
ESP_NODE_01,7,5,2026-05-29 09:34:47
ESP_NODE_02,7,9,2026-05-29 09:34:47
ESP_NODE_04,3,3,2026-05-29 09:35:45
ESP_NODE_03,4,1,2026-05-29 09:35:53
ESP_NODE_01,2,2,2026-05-29 09:35:53
ESP_NODE_02,5,9,2026-05-29 09:35:53
ESP_NODE_04,7,3,2026-05-29 09:36:51
ESP_NODE_03,5,2,2026-05-29 09:36:59
ESP_NODE_01,3,5,2026-05-29 09:36:59
ESP_NODE_02,5,8,2026-05-29 09:36:59
ESP_NODE_04,2,1,2026-05-29 09:37:57
ESP_NODE_03,2,2,2026-05-29 09:38:05
ESP_NODE_01,1,5,2026-05-29 09:38:05
ESP_NODE_02,5,8,2026-05-29 09:38:05
ESP_NODE_04,3,2,2026-05-29 09:39:03
ESP_NODE_03,4,1,2026-05-29 09:39:11
ESP_NODE_01,2,2,2026-05-29 09:39:11
ESP_NODE_02,5,10,2026-05-29 09:39:11
ESP_NODE_04,2,0,2026-05-29 09:40:09
ESP_NODE_03,0,1,2026-05-29 09:40:17
ESP_NODE_01,0,2,2026-05-29 09:40:17
ESP_NODE_02,6,8,2026-05-29 09:40:17
ESP_NODE_04,2,0,2026-05-29 09:41:15
ESP_NODE_03,4,1,2026-05-29 09:41:23
ESP_NODE_01,2,2,2026-05-29 09:41:23
ESP_NODE_02,8,12,2026-05-29 09:41:23
ESP_NODE_04,2,0,2026-05-29 09:42:21
ESP_NODE_03,0,2,2026-05-29 09:42:29
ESP_NODE_01,0,5,2026-05-29 09:42:29
ESP_NODE_02,6,9,2026-05-29 09:42:29
ESP_NODE_04,7,0,2026-05-29 09:43:27
ESP_NODE_03,3,1,2026-05-29 09:43:35
ESP_NODE_01,2,2,2026-05-29 09:43:35
ESP_NODE_02,8,11,2026-05-29 09:43:35
ESP_NODE_03,3,4,2026-05-29 09:45:47
ESP_NODE_01,2,11,2026-05-29 09:45:47
ESP_NODE_02,6,9,2026-05-29 09:45:47
ESP_NODE_04,4,1,2026-05-29 09:45:50
ESP_NODE_03,4,2,2026-05-29 09:46:53
ESP_NODE_01,2,5,2026-05-29 09:46:53
ESP_NODE_02,5,12,2026-05-29 09:46:53
ESP_NODE_04,5,0,2026-05-29 09:46:56
ESP_NODE_03,3,2,2026-05-29 09:47:59
ESP_NODE_01,2,5,2026-05-29 09:47:59
ESP_NODE_02,7,8,2026-05-29 09:47:59
ESP_NODE_04,2,0,2026-05-29 09:48:03
ESP_NODE_03,6,4,2026-05-29 09:49:05
ESP_NODE_01,4,11,2026-05-29 09:49:05
ESP_NODE_02,8,10,2026-05-29 09:49:05
ESP_NODE_03,10,4,2026-05-29 09:50:11
ESP_NODE_01,7,11,2026-05-29 09:50:11
ESP_NODE_02,7,10,2026-05-29 09:50:11
ESP_NODE_04,7,6,2026-05-29 09:50:27
ESP_NODE_03,10,3,2026-05-29 09:51:18
ESP_NODE_01,7,8,2026-05-29 09:51:18
ESP_NODE_02,5,11,2026-05-29 09:51:18
ESP_NODE_04,9,6,2026-05-29 09:51:38
ESP_NODE_04,4,6,2026-05-29 09:52:46
ESP_NODE_03,25,17,2026-05-29 09:53:30
ESP_NODE_01,17,46,2026-05-29 09:53:30
ESP_NODE_02,10,17,2026-05-29 09:53:30
ESP_NODE_04,5,8,2026-05-29 09:54:00
ESP_NODE_03,39,17,2026-05-29 09:54:36
ESP_NODE_01,26,46,2026-05-29 09:54:36
ESP_NODE_02,15,17,2026-05-29 09:54:36
ESP_NODE_04,4,5,2026-05-29 09:55:06
ESP_NODE_03,60,27,2026-05-29 09:55:42
ESP_NODE_01,40,74,2026-05-29 09:55:42
ESP_NODE_02,24,27,2026-05-29 09:55:42
ESP_NODE_04,5,6,2026-05-29 09:56:15
ESP_NODE_03,60,24,2026-05-29 09:56:49
ESP_NODE_01,40,65,2026-05-29 09:56:49
ESP_NODE_02,24,24,2026-05-29 09:56:49
ESP_NODE_04,11,5,2026-05-29 09:57:28
ESP_NODE_03,66,24,2026-05-29 09:57:55
ESP_NODE_01,44,66,2026-05-29 09:57:55
ESP_NODE_02,26,24,2026-05-29 09:57:55
ESP_NODE_04,10,7,2026-05-29 09:58:40
ESP_NODE_03,21,23,2026-05-29 09:59:01
ESP_NODE_01,14,62,2026-05-29 09:59:01
ESP_NODE_02,8,23,2026-05-29 09:59:01
ESP_NODE_04,7,7,2026-05-29 09:59:50
ESP_NODE_03,50,33,2026-05-29 10:00:07
ESP_NODE_01,33,90,2026-05-29 10:00:07
ESP_NODE_02,20,33,2026-05-29 10:00:07
ESP_NODE_04,5,7,2026-05-29 10:00:56
ESP_NODE_03,39,34,2026-05-29 10:01:13
ESP_NODE_01,26,93,2026-05-29 10:01:13
ESP_NODE_02,15,34,2026-05-29 10:01:13
ESP_NODE_04,5,7,2026-05-29 10:02:05
ESP_NODE_03,62,32,2026-05-29 10:02:20
ESP_NODE_01,42,88,2026-05-29 10:02:20
ESP_NODE_02,25,32,2026-05-29 10:02:20
ESP_NODE_04,4,10,2026-05-29 10:03:11
ESP_NODE_04,5,9,2026-05-29 10:04:17
ESP_NODE_03,42,36,2026-05-29 10:04:32
ESP_NODE_01,28,98,2026-05-29 10:04:32
ESP_NODE_02,17,36,2026-05-29 10:04:32
ESP_NODE_04,6,11,2026-05-29 10:05:23
ESP_NODE_03,40,39,2026-05-29 10:05:39
ESP_NODE_01,27,105,2026-05-29 10:05:39
ESP_NODE_02,16,39,2026-05-29 10:05:39
ESP_NODE_04,8,11,2026-05-29 10:06:30
ESP_NODE_03,54,42,2026-05-29 10:06:45
ESP_NODE_01,36,114,2026-05-29 10:06:45
ESP_NODE_02,21,42,2026-05-29 10:06:45
ESP_NODE_04,9,9,2026-05-29 10:07:37
ESP_NODE_04,25,12,2026-05-29 10:08:43
ESP_NODE_04,12,12,2026-05-29 10:09:49
ESP_NODE_03,76,30,2026-05-29 10:10:05
ESP_NODE_01,51,82,2026-05-29 10:10:05
ESP_NODE_02,30,30,2026-05-29 10:10:05
ESP_NODE_04,11,9,2026-05-29 10:10:55
ESP_NODE_03,59,33,2026-05-29 10:11:12
ESP_NODE_01,39,90,2026-05-29 10:11:12
ESP_NODE_02,23,33,2026-05-29 10:11:12
ESP_NODE_04,4,11,2026-05-29 10:12:01
ESP_NODE_03,56,31,2026-05-29 10:12:18
ESP_NODE_01,37,83,2026-05-29 10:12:18
ESP_NODE_02,22,31,2026-05-29 10:12:18
ESP_NODE_04,11,10,2026-05-29 10:13:07
ESP_NODE_03,32,33,2026-05-29 10:13:25
ESP_NODE_01,22,90,2026-05-29 10:13:25
ESP_NODE_02,13,33,2026-05-29 10:13:25
ESP_NODE_04,8,8,2026-05-29 10:14:14
ESP_NODE_03,74,42,2026-05-29 10:14:31
ESP_NODE_01,50,114,2026-05-29 10:14:31
ESP_NODE_02,29,42,2026-05-29 10:14:31
ESP_NODE_04,11,10,2026-05-29 10:15:24
ESP_NODE_03,55,44,2026-05-29 10:15:38
ESP_NODE_01,36,119,2026-05-29 10:15:38
ESP_NODE_02,22,44,2026-05-29 10:15:38
ESP_NODE_04,10,11,2026-05-29 10:16:30
ESP_NODE_03,101,38,2026-05-29 10:16:45
ESP_NODE_01,67,104,2026-05-29 10:16:45
ESP_NODE_02,40,38,2026-05-29 10:16:45
ESP_NODE_04,13,17,2026-05-29 10:17:41
ESP_NODE_03,67,43,2026-05-29 10:17:51
ESP_NODE_01,45,115,2026-05-29 10:17:51
ESP_NODE_02,26,43,2026-05-29 10:17:51
ESP_NODE_04,40,24,2026-05-29 10:18:50
ESP_NODE_03,34,47,2026-05-29 10:18:57
ESP_NODE_01,23,127,2026-05-29 10:18:57
ESP_NODE_02,13,47,2026-05-29 10:18:57
ESP_NODE_04,36,13,2026-05-29 10:20:01
ESP_NODE_03,30,31,2026-05-29 10:20:03
ESP_NODE_01,20,83,2026-05-29 10:20:03
ESP_NODE_02,12,31,2026-05-29 10:20:03
ESP_NODE_03,46,40,2026-05-29 10:21:10
ESP_NODE_01,31,107,2026-05-29 10:21:10
ESP_NODE_02,18,40,2026-05-29 10:21:10
ESP_NODE_04,11,15,2026-05-29 10:21:19
ESP_NODE_03,26,34,2026-05-29 10:22:16
ESP_NODE_01,17,91,2026-05-29 10:22:16
ESP_NODE_02,10,34,2026-05-29 10:22:16
ESP_NODE_04,10,14,2026-05-29 10:22:30
ESP_NODE_03,82,38,2026-05-29 10:23:22
ESP_NODE_01,55,101,2026-05-29 10:23:22
ESP_NODE_02,33,38,2026-05-29 10:23:22
ESP_NODE_04,24,14,2026-05-29 10:23:37
ESP_NODE_03,37,34,2026-05-29 10:24:29
ESP_NODE_01,25,91,2026-05-29 10:24:29
ESP_NODE_02,14,34,2026-05-29 10:24:29
ESP_NODE_04,12,10,2026-05-29 10:24:43
ESP_NODE_03,44,31,2026-05-29 10:25:35
ESP_NODE_01,30,85,2026-05-29 10:25:35
ESP_NODE_02,17,31,2026-05-29 10:25:35
ESP_NODE_04,3,9,2026-05-29 10:25:51
ESP_NODE_03,36,32,2026-05-29 10:26:42
ESP_NODE_01,24,86,2026-05-29 10:26:42
ESP_NODE_02,14,32,2026-05-29 10:26:42
ESP_NODE_04,2,9,2026-05-29 10:26:57
ESP_NODE_03,32,25,2026-05-29 10:27:48
ESP_NODE_01,21,68,2026-05-29 10:27:48
ESP_NODE_02,12,25,2026-05-29 10:27:48
ESP_NODE_04,16,11,2026-05-29 10:28:03
ESP_NODE_03,35,32,2026-05-29 10:28:54
ESP_NODE_01,23,86,2026-05-29 10:28:54
ESP_NODE_02,14,32,2026-05-29 10:28:54
ESP_NODE_04,13,13,2026-05-29 10:29:12
ESP_NODE_03,38,37,2026-05-29 10:30:00
ESP_NODE_01,25,99,2026-05-29 10:30:00
ESP_NODE_02,15,37,2026-05-29 10:30:00
ESP_NODE_04,12,18,2026-05-29 10:30:19
ESP_NODE_03,26,34,2026-05-29 10:31:06
ESP_NODE_01,17,91,2026-05-29 10:31:06
ESP_NODE_02,10,34,2026-05-29 10:31:06
ESP_NODE_04,12,12,2026-05-29 10:31:27
ESP_NODE_03,40,30,2026-05-29 10:32:12
ESP_NODE_01,27,82,2026-05-29 10:32:12
ESP_NODE_02,16,30,2026-05-29 10:32:12
ESP_NODE_04,5,16,2026-05-29 10:32:33
ESP_NODE_03,38,39,2026-05-29 10:33:18
ESP_NODE_01,25,105,2026-05-29 10:33:18
ESP_NODE_02,15,39,2026-05-29 10:33:18
ESP_NODE_04,7,12,2026-05-29 10:33:40
ESP_NODE_03,27,27,2026-05-29 10:34:24
ESP_NODE_01,18,74,2026-05-29 10:34:24
ESP_NODE_02,11,27,2026-05-29 10:34:24
ESP_NODE_04,4,17,2026-05-29 10:34:47
ESP_NODE_03,24,32,2026-05-29 10:35:30
ESP_NODE_01,16,86,2026-05-29 10:35:30
ESP_NODE_02,9,32,2026-05-29 10:35:30
ESP_NODE_04,8,12,2026-05-29 10:35:55
ESP_NODE_03,42,38,2026-05-29 10:36:37
ESP_NODE_01,28,102,2026-05-29 10:36:37
ESP_NODE_02,17,38,2026-05-29 10:36:37
ESP_NODE_04,17,9,2026-05-29 10:37:03
ESP_NODE_03,27,33,2026-05-29 10:37:43
ESP_NODE_01,18,89,2026-05-29 10:37:43
ESP_NODE_02,10,33,2026-05-29 10:37:43
ESP_NODE_04,9,9,2026-05-29 10:38:09
ESP_NODE_03,30,41,2026-05-29 10:38:50
ESP_NODE_01,20,110,2026-05-29 10:38:50
ESP_NODE_02,12,41,2026-05-29 10:38:50
ESP_NODE_03,18,34,2026-05-29 10:39:56
ESP_NODE_01,12,93,2026-05-29 10:39:56
ESP_NODE_02,7,34,2026-05-29 10:39:56
ESP_NODE_04,13,14,2026-05-29 10:40:31
ESP_NODE_03,37,32,2026-05-29 10:41:02
ESP_NODE_01,25,86,2026-05-29 10:41:02
ESP_NODE_02,14,32,2026-05-29 10:41:02
ESP_NODE_04,19,12,2026-05-29 10:41:37
ESP_NODE_04,8,12,2026-05-29 10:42:43
ESP_NODE_03,24,24,2026-05-29 10:43:15
ESP_NODE_01,16,66,2026-05-29 10:43:15
ESP_NODE_02,9,24,2026-05-29 10:43:15
ESP_NODE_04,13,18,2026-05-29 10:43:52
ESP_NODE_03,22,25,2026-05-29 10:44:21
ESP_NODE_01,15,68,2026-05-29 10:44:21
ESP_NODE_02,9,25,2026-05-29 10:44:21
ESP_NODE_04,12,16,2026-05-29 10:45:00
ESP_NODE_03,44,20,2026-05-29 10:45:28
ESP_NODE_01,30,54,2026-05-29 10:45:28
ESP_NODE_02,17,20,2026-05-29 10:45:28
ESP_NODE_04,12,14,2026-05-29 10:46:06
ESP_NODE_03,27,14,2026-05-29 10:46:35
ESP_NODE_01,18,38,2026-05-29 10:46:35
ESP_NODE_02,11,14,2026-05-29 10:46:35
ESP_NODE_04,11,17,2026-05-29 10:47:15
ESP_NODE_03,35,11,2026-05-29 10:47:41
ESP_NODE_01,24,30,2026-05-29 10:47:41
ESP_NODE_02,14,11,2026-05-29 10:47:41
ESP_NODE_04,13,22,2026-05-29 10:48:25
ESP_NODE_03,19,22,2026-05-29 10:48:47
ESP_NODE_01,13,61,2026-05-29 10:48:47
ESP_NODE_02,7,22,2026-05-29 10:48:47
ESP_NODE_04,10,12,2026-05-29 10:49:34
ESP_NODE_03,14,17,2026-05-29 10:49:54
ESP_NODE_01,9,47,2026-05-29 10:49:54
ESP_NODE_02,5,17,2026-05-29 10:49:54
ESP_NODE_04,14,13,2026-05-29 10:50:40
ESP_NODE_03,17,12,2026-05-29 10:51:00
ESP_NODE_01,11,33,2026-05-29 10:51:00
ESP_NODE_02,7,12,2026-05-29 10:51:00
ESP_NODE_04,11,13,2026-05-29 10:51:50
ESP_NODE_03,26,18,2026-05-29 10:52:06
ESP_NODE_01,17,48,2026-05-29 10:52:06
ESP_NODE_02,10,18,2026-05-29 10:52:06
ESP_NODE_04,13,13,2026-05-29 10:52:56
ESP_NODE_03,18,23,2026-05-29 10:53:12
ESP_NODE_01,12,62,2026-05-29 10:53:12
ESP_NODE_02,7,23,2026-05-29 10:53:12
ESP_NODE_04,8,19,2026-05-29 10:54:06
ESP_NODE_03,38,17,2026-05-29 10:54:19
ESP_NODE_01,25,48,2026-05-29 10:54:19
ESP_NODE_02,15,17,2026-05-29 10:54:19
ESP_NODE_04,14,19,2026-05-29 10:55:15
ESP_NODE_03,17,17,2026-05-29 10:55:26
ESP_NODE_01,11,47,2026-05-29 10:55:26
ESP_NODE_02,7,17,2026-05-29 10:55:26
ESP_NODE_04,19,25,2026-05-29 10:56:21
ESP_NODE_03,25,23,2026-05-29 10:56:32
ESP_NODE_01,17,63,2026-05-29 10:56:32
ESP_NODE_02,10,23,2026-05-29 10:56:32
ESP_NODE_04,25,18,2026-05-29 10:57:29
ESP_NODE_03,21,14,2026-05-29 10:57:38
ESP_NODE_01,14,38,2026-05-29 10:57:38
ESP_NODE_02,8,14,2026-05-29 10:57:38
ESP_NODE_04,20,22,2026-05-29 10:58:42
ESP_NODE_03,27,12,2026-05-29 10:58:44
ESP_NODE_01,18,34,2026-05-29 10:58:44
ESP_NODE_02,11,12,2026-05-29 10:58:44
ESP_NODE_03,30,14,2026-05-29 10:59:50
ESP_NODE_01,20,38,2026-05-29 10:59:50
ESP_NODE_02,12,14,2026-05-29 10:59:50
ESP_NODE_04,18,19,2026-05-29 10:59:51
ESP_NODE_03,19,20,2026-05-29 11:00:56
ESP_NODE_01,12,54,2026-05-29 11:00:56
ESP_NODE_02,7,20,2026-05-29 11:00:56
ESP_NODE_04,11,15,2026-05-29 11:00:57
ESP_NODE_03,37,21,2026-05-29 11:02:02
ESP_NODE_01,25,57,2026-05-29 11:02:02
ESP_NODE_02,15,21,2026-05-29 11:02:02
ESP_NODE_04,12,19,2026-05-29 11:02:03
ESP_NODE_03,20,20,2026-05-29 11:03:10
ESP_NODE_01,13,53,2026-05-29 11:03:10
ESP_NODE_02,8,20,2026-05-29 11:03:10
ESP_NODE_04,6,16,2026-05-29 11:03:10
ESP_NODE_03,27,17,2026-05-29 11:04:16
ESP_NODE_01,18,46,2026-05-29 11:04:16
ESP_NODE_02,10,17,2026-05-29 11:04:16
ESP_NODE_04,7,16,2026-05-29 11:04:22
ESP_NODE_03,19,13,2026-05-29 11:05:22
ESP_NODE_01,13,35,2026-05-29 11:05:22
ESP_NODE_02,7,13,2026-05-29 11:05:22
ESP_NODE_04,8,13,2026-05-29 11:05:33
ESP_NODE_03,28,13,2026-05-29 11:06:28
ESP_NODE_01,18,34,2026-05-29 11:06:28
ESP_NODE_02,11,13,2026-05-29 11:06:28
ESP_NODE_03,25,17,2026-05-29 11:07:34
ESP_NODE_01,16,47,2026-05-29 11:07:34
ESP_NODE_02,10,17,2026-05-29 11:07:34
ESP_NODE_04,12,21,2026-05-29 11:07:59
ESP_NODE_03,28,16,2026-05-29 11:08:40
ESP_NODE_01,19,43,2026-05-29 11:08:40
ESP_NODE_02,11,16,2026-05-29 11:08:40
ESP_NODE_04,6,19,2026-05-29 11:09:06
ESP_NODE_03,32,11,2026-05-29 11:09:47
ESP_NODE_01,21,31,2026-05-29 11:09:47
ESP_NODE_02,12,11,2026-05-29 11:09:47
ESP_NODE_04,5,17,2026-05-29 11:10:14
ESP_NODE_04,12,24,2026-05-29 11:11:21
ESP_NODE_03,27,18,2026-05-29 11:11:59
ESP_NODE_01,18,49,2026-05-29 11:11:59
ESP_NODE_02,11,18,2026-05-29 11:11:59
ESP_NODE_04,13,24,2026-05-29 11:12:28
ESP_NODE_03,29,16,2026-05-29 11:13:05
ESP_NODE_01,19,44,2026-05-29 11:13:05
ESP_NODE_02,11,16,2026-05-29 11:13:05
ESP_NODE_04,9,22,2026-05-29 11:13:36
ESP_NODE_03,24,25,2026-05-29 11:14:11
ESP_NODE_01,16,69,2026-05-29 11:14:11
ESP_NODE_02,9,25,2026-05-29 11:14:11
ESP_NODE_04,13,26,2026-05-29 11:14:42
ESP_NODE_03,24,22,2026-05-29 11:15:17
ESP_NODE_01,16,60,2026-05-29 11:15:17
ESP_NODE_02,9,22,2026-05-29 11:15:17
ESP_NODE_04,20,23,2026-05-29 11:15:48
ESP_NODE_03,22,15,2026-05-29 11:16:23
ESP_NODE_01,14,42,2026-05-29 11:16:23
ESP_NODE_02,8,15,2026-05-29 11:16:23
ESP_NODE_04,21,32,2026-05-29 11:16:55
ESP_NODE_03,29,20,2026-05-29 11:17:29
ESP_NODE_01,19,55,2026-05-29 11:17:29
ESP_NODE_02,11,20,2026-05-29 11:17:29
ESP_NODE_04,23,26,2026-05-29 11:18:02
ESP_NODE_03,22,19,2026-05-29 11:18:35
ESP_NODE_01,15,51,2026-05-29 11:18:35
ESP_NODE_02,9,19,2026-05-29 11:18:35
ESP_NODE_03,25,24,2026-05-29 11:19:41
ESP_NODE_01,17,65,2026-05-29 11:19:41
ESP_NODE_02,10,24,2026-05-29 11:19:41
ESP_NODE_04,26,25,2026-05-29 11:20:15
ESP_NODE_03,31,28,2026-05-29 11:20:48
ESP_NODE_01,20,77,2026-05-29 11:20:48
ESP_NODE_02,12,28,2026-05-29 11:20:48
ESP_NODE_04,21,32,2026-05-29 11:21:22
ESP_NODE_03,27,26,2026-05-29 11:21:54
ESP_NODE_01,18,71,2026-05-29 11:21:54
ESP_NODE_02,11,26,2026-05-29 11:21:54
ESP_NODE_04,14,28,2026-05-29 11:22:30
ESP_NODE_03,51,26,2026-05-29 11:23:00
ESP_NODE_01,34,70,2026-05-29 11:23:00
ESP_NODE_02,20,26,2026-05-29 11:23:00
ESP_NODE_04,20,26,2026-05-29 11:23:37
ESP_NODE_03,45,29,2026-05-29 11:24:06
ESP_NODE_01,30,78,2026-05-29 11:24:06
ESP_NODE_02,18,29,2026-05-29 11:24:06
ESP_NODE_04,19,29,2026-05-29 11:24:44
ESP_NODE_03,38,28,2026-05-29 11:26:26
ESP_NODE_01,25,75,2026-05-29 11:26:26
ESP_NODE_02,15,28,2026-05-29 11:26:26
ESP_NODE_04,10,26,2026-05-29 11:27:06
ESP_NODE_03,40,32,2026-05-29 11:27:32
ESP_NODE_01,26,86,2026-05-29 11:27:32
ESP_NODE_02,16,32,2026-05-29 11:27:32
ESP_NODE_03,34,30,2026-05-29 11:28:38
ESP_NODE_01,23,80,2026-05-29 11:28:38
ESP_NODE_02,13,30,2026-05-29 11:28:38
ESP_NODE_04,17,28,2026-05-29 11:29:27
ESP_NODE_03,37,30,2026-05-29 11:29:45
ESP_NODE_01,24,82,2026-05-29 11:29:45
ESP_NODE_02,14,30,2026-05-29 11:29:45
ESP_NODE_03,27,28,2026-05-29 11:30:51
ESP_NODE_01,18,76,2026-05-29 11:30:51
ESP_NODE_02,11,28,2026-05-29 11:30:51
ESP_NODE_03,37,28,2026-05-29 11:33:03
ESP_NODE_01,25,77,2026-05-29 11:33:03
ESP_NODE_02,15,28,2026-05-29 11:33:03
ESP_NODE_03,28,31,2026-05-29 11:34:09
ESP_NODE_01,19,85,2026-05-29 11:34:09
ESP_NODE_02,11,31,2026-05-29 11:34:09
ESP_NODE_03,77,20,2026-05-29 11:35:15
ESP_NODE_01,51,55,2026-05-29 11:35:15
ESP_NODE_02,31,20,2026-05-29 11:35:15
ESP_NODE_03,39,20,2026-05-29 11:36:21
ESP_NODE_01,26,55,2026-05-29 11:36:21
ESP_NODE_02,15,20,2026-05-29 11:36:21
ESP_NODE_03,51,25,2026-05-29 11:37:28
ESP_NODE_01,34,68,2026-05-29 11:37:28
ESP_NODE_02,20,25,2026-05-29 11:37:28
ESP_NODE_03,70,40,2026-05-29 11:38:34
ESP_NODE_01,47,107,2026-05-29 11:38:34
ESP_NODE_02,28,40,2026-05-29 11:38:34
ESP_NODE_04,19,21,2026-05-29 11:39:12
ESP_NODE_03,60,46,2026-05-29 11:39:40
ESP_NODE_01,40,123,2026-05-29 11:39:40
ESP_NODE_02,24,46,2026-05-29 11:39:40
ESP_NODE_04,12,18,2026-05-29 11:40:19
ESP_NODE_03,48,49,2026-05-29 11:40:46
ESP_NODE_01,32,133,2026-05-29 11:40:46
ESP_NODE_02,19,49,2026-05-29 11:40:46
ESP_NODE_04,23,23,2026-05-29 11:41:25
ESP_NODE_03,74,49,2026-05-29 11:41:53
ESP_NODE_01,49,132,2026-05-29 11:41:53
ESP_NODE_02,29,49,2026-05-29 11:41:53
ESP_NODE_04,23,13,2026-05-29 11:42:31
ESP_NODE_03,64,44,2026-05-29 11:42:59
ESP_NODE_01,43,118,2026-05-29 11:42:59
ESP_NODE_02,25,44,2026-05-29 11:42:59
ESP_NODE_04,25,16,2026-05-29 11:43:37
ESP_NODE_03,40,45,2026-05-29 11:44:05
ESP_NODE_01,27,121,2026-05-29 11:44:05
ESP_NODE_02,16,45,2026-05-29 11:44:05
ESP_NODE_04,11,14,2026-05-29 11:44:48
ESP_NODE_03,32,47,2026-05-29 11:45:14
ESP_NODE_01,22,126,2026-05-29 11:45:14
ESP_NODE_02,13,47,2026-05-29 11:45:14
ESP_NODE_04,11,15,2026-05-29 11:45:56
ESP_NODE_03,59,42,2026-05-29 11:46:20
ESP_NODE_01,39,114,2026-05-29 11:46:20
ESP_NODE_02,23,42,2026-05-29 11:46:20
ESP_NODE_04,8,20,2026-05-29 11:47:03
ESP_NODE_04,10,20,2026-05-29 11:48:19
ESP_NODE_03,55,57,2026-05-29 11:48:33
ESP_NODE_01,36,153,2026-05-29 11:48:33
ESP_NODE_02,22,57,2026-05-29 11:48:33
ESP_NODE_04,13,13,2026-05-29 11:49:35
ESP_NODE_04,24,14,2026-05-29 11:50:45
ESP_NODE_03,55,51,2026-05-29 11:50:46
ESP_NODE_01,37,137,2026-05-29 11:50:46
ESP_NODE_02,22,51,2026-05-29 11:50:46
ESP_NODE_03,34,62,2026-05-29 11:51:53
ESP_NODE_01,23,166,2026-05-29 11:51:53
ESP_NODE_02,13,62,2026-05-29 11:51:53
ESP_NODE_04,3,15,2026-05-29 11:51:54
ESP_NODE_03,52,57,2026-05-29 11:52:59
ESP_NODE_01,35,154,2026-05-29 11:52:59
ESP_NODE_02,20,57,2026-05-29 11:52:59
ESP_NODE_04,20,15,2026-05-29 11:53:04
ESP_NODE_03,52,54,2026-05-29 11:54:05
ESP_NODE_01,35,146,2026-05-29 11:54:05
ESP_NODE_02,20,54,2026-05-29 11:54:05
ESP_NODE_03,45,61,2026-05-29 11:55:12
ESP_NODE_01,30,163,2026-05-29 11:55:12
ESP_NODE_02,18,61,2026-05-29 11:55:12
ESP_NODE_04,11,11,2026-05-29 11:55:21
ESP_NODE_03,59,45,2026-05-29 11:56:24
ESP_NODE_01,39,121,2026-05-29 11:56:24
ESP_NODE_02,23,45,2026-05-29 11:56:24
ESP_NODE_04,8,14,2026-05-29 11:56:28
ESP_NODE_03,36,49,2026-05-29 11:57:30
ESP_NODE_01,24,133,2026-05-29 11:57:30
ESP_NODE_02,14,49,2026-05-29 11:57:30
ESP_NODE_04,15,19,2026-05-29 11:57:37
ESP_NODE_03,47,47,2026-05-29 11:58:36
ESP_NODE_01,31,127,2026-05-29 11:58:36
ESP_NODE_02,19,47,2026-05-29 11:58:36
ESP_NODE_04,7,18,2026-05-29 11:58:45
ESP_NODE_03,39,49,2026-05-29 11:59:43
ESP_NODE_01,26,133,2026-05-29 11:59:43
ESP_NODE_02,15,49,2026-05-29 11:59:43
ESP_NODE_04,10,12,2026-05-29 11:59:53
ESP_NODE_03,18,57,2026-05-29 12:00:48
ESP_NODE_01,12,154,2026-05-29 12:00:48
ESP_NODE_02,7,57,2026-05-29 12:00:48
ESP_NODE_04,12,13,2026-05-29 12:01:04
ESP_NODE_03,59,62,2026-05-29 12:01:55
ESP_NODE_01,39,168,2026-05-29 12:01:55
ESP_NODE_02,23,62,2026-05-29 12:01:55
ESP_NODE_04,6,16,2026-05-29 12:02:14
ESP_NODE_03,61,51,2026-05-29 12:03:01
ESP_NODE_01,41,136,2026-05-29 12:03:01
ESP_NODE_02,24,51,2026-05-29 12:03:01
ESP_NODE_04,16,20,2026-05-29 12:03:22
ESP_NODE_03,38,52,2026-05-29 12:04:07
ESP_NODE_01,25,139,2026-05-29 12:04:07
ESP_NODE_02,15,52,2026-05-29 12:04:07
ESP_NODE_04,23,16,2026-05-29 12:04:33
ESP_NODE_03,79,46,2026-05-29 12:05:13
ESP_NODE_01,53,123,2026-05-29 12:05:13
ESP_NODE_02,31,46,2026-05-29 12:05:13
ESP_NODE_04,16,15,2026-05-29 12:05:42
ESP_NODE_03,49,52,2026-05-29 12:06:20
ESP_NODE_01,33,140,2026-05-29 12:06:20
ESP_NODE_02,19,52,2026-05-29 12:06:20
ESP_NODE_04,29,16,2026-05-29 12:06:54
ESP_NODE_03,84,56,2026-05-29 12:07:26
ESP_NODE_01,56,152,2026-05-29 12:07:26
ESP_NODE_02,33,56,2026-05-29 12:07:26
ESP_NODE_03,77,46,2026-05-29 12:08:39
ESP_NODE_01,52,123,2026-05-29 12:08:39
ESP_NODE_02,31,46,2026-05-29 12:08:39
ESP_NODE_04,7,17,2026-05-29 12:09:16
ESP_NODE_03,98,44,2026-05-29 12:09:45
ESP_NODE_01,65,119,2026-05-29 12:09:45
ESP_NODE_02,39,44,2026-05-29 12:09:45
ESP_NODE_04,8,22,2026-05-29 12:10:23
ESP_NODE_03,64,46,2026-05-29 12:10:52
ESP_NODE_01,43,124,2026-05-29 12:10:52
ESP_NODE_02,25,46,2026-05-29 12:10:52
ESP_NODE_04,18,16,2026-05-29 12:11:29
ESP_NODE_03,68,33,2026-05-29 12:12:09
ESP_NODE_01,46,90,2026-05-29 12:12:09
ESP_NODE_02,27,33,2026-05-29 12:12:09
ESP_NODE_04,8,15,2026-05-29 12:12:35
ESP_NODE_03,77,35,2026-05-29 12:13:21
ESP_NODE_01,51,95,2026-05-29 12:13:21
ESP_NODE_02,30,35,2026-05-29 12:13:21
ESP_NODE_03,63,37,2026-05-29 12:14:27
ESP_NODE_01,42,99,2026-05-29 12:14:27
ESP_NODE_02,25,37,2026-05-29 12:14:27
ESP_NODE_04,15,26,2026-05-29 12:14:56
ESP_NODE_03,68,43,2026-05-29 12:15:33
ESP_NODE_01,46,116,2026-05-29 12:15:33
ESP_NODE_02,27,43,2026-05-29 12:15:33
ESP_NODE_03,85,32,2026-05-29 12:16:40
ESP_NODE_01,57,87,2026-05-29 12:16:40
ESP_NODE_02,34,32,2026-05-29 12:16:40
ESP_NODE_04,16,21,2026-05-29 12:17:17
ESP_NODE_03,53,41,2026-05-29 12:17:47
ESP_NODE_01,35,110,2026-05-29 12:17:47
ESP_NODE_02,21,41,2026-05-29 12:17:47
ESP_NODE_04,25,26,2026-05-29 12:18:23
ESP_NODE_03,65,43,2026-05-29 12:18:53
ESP_NODE_01,43,115,2026-05-29 12:18:53
ESP_NODE_02,26,43,2026-05-29 12:18:53
ESP_NODE_04,24,27,2026-05-29 12:19:29
ESP_NODE_03,51,41,2026-05-29 12:20:00
ESP_NODE_01,34,112,2026-05-29 12:20:00
ESP_NODE_02,20,41,2026-05-29 12:20:00
ESP_NODE_04,4,21,2026-05-29 12:20:35
ESP_NODE_03,51,40,2026-05-29 12:21:06
ESP_NODE_01,34,108,2026-05-29 12:21:06
ESP_NODE_02,20,40,2026-05-29 12:21:06
ESP_NODE_04,8,22,2026-05-29 12:21:42
ESP_NODE_03,28,43,2026-05-29 12:22:13
ESP_NODE_01,18,117,2026-05-29 12:22:13
ESP_NODE_02,11,43,2026-05-29 12:22:13
ESP_NODE_03,61,45,2026-05-29 12:23:20
ESP_NODE_01,41,121,2026-05-29 12:23:20
ESP_NODE_02,24,45,2026-05-29 12:23:20
ESP_NODE_04,10,24,2026-05-29 12:23:54
ESP_NODE_03,48,39,2026-05-29 12:24:26
ESP_NODE_01,32,105,2026-05-29 12:24:26
ESP_NODE_02,19,39,2026-05-29 12:24:26
ESP_NODE_04,13,19,2026-05-29 12:25:01
ESP_NODE_03,30,42,2026-05-29 12:25:33
ESP_NODE_01,20,115,2026-05-29 12:25:33
ESP_NODE_02,12,42,2026-05-29 12:25:33
ESP_NODE_04,10,16,2026-05-29 12:26:08
ESP_NODE_03,34,46,2026-05-29 12:26:39
ESP_NODE_01,22,125,2026-05-29 12:26:39
ESP_NODE_02,13,46,2026-05-29 12:26:39
ESP_NODE_04,9,20,2026-05-29 12:27:16
ESP_NODE_03,41,50,2026-05-29 12:27:46
ESP_NODE_01,27,136,2026-05-29 12:27:46
ESP_NODE_02,16,50,2026-05-29 12:27:46
ESP_NODE_04,9,24,2026-05-29 12:28:24
ESP_NODE_03,63,51,2026-05-29 12:28:53
ESP_NODE_01,42,137,2026-05-29 12:28:53
ESP_NODE_02,25,51,2026-05-29 12:28:53
ESP_NODE_04,18,23,2026-05-29 12:29:31
ESP_NODE_03,62,41,2026-05-29 12:29:59
ESP_NODE_01,42,112,2026-05-29 12:29:59
ESP_NODE_02,25,41,2026-05-29 12:29:59
ESP_NODE_04,11,30,2026-05-29 12:30:37
ESP_NODE_03,74,39,2026-05-29 12:31:13
ESP_NODE_01,50,104,2026-05-29 12:31:13
ESP_NODE_02,29,39,2026-05-29 12:31:13
ESP_NODE_04,20,32,2026-05-29 12:31:43
ESP_NODE_04,13,30,2026-05-29 12:32:50
ESP_NODE_04,9,34,2026-05-29 12:33:56
ESP_NODE_04,10,26,2026-05-29 12:35:03
ESP_NODE_03,47,40,2026-05-29 12:35:56
ESP_NODE_01,32,108,2026-05-29 12:35:56
ESP_NODE_02,19,40,2026-05-29 12:35:56
ESP_NODE_04,13,26,2026-05-29 12:36:09
ESP_NODE_03,136,39,2026-05-29 12:37:03
ESP_NODE_01,91,106,2026-05-29 12:37:03
ESP_NODE_02,54,39,2026-05-29 12:37:03
ESP_NODE_04,5,23,2026-05-29 12:37:16
ESP_NODE_03,53,45,2026-05-29 12:38:11
ESP_NODE_01,36,121,2026-05-29 12:38:11
ESP_NODE_02,21,45,2026-05-29 12:38:11
ESP_NODE_04,6,24,2026-05-29 12:38:22
ESP_NODE_03,57,39,2026-05-29 12:39:18
ESP_NODE_01,38,106,2026-05-29 12:39:18
ESP_NODE_02,22,39,2026-05-29 12:39:18
ESP_NODE_04,15,22,2026-05-29 12:39:30
ESP_NODE_03,35,43,2026-05-29 12:40:30
ESP_NODE_01,23,116,2026-05-29 12:40:30
ESP_NODE_02,14,43,2026-05-29 12:40:30
ESP_NODE_04,5,21,2026-05-29 12:40:37
ESP_NODE_03,34,36,2026-05-29 12:41:37
ESP_NODE_01,22,97,2026-05-29 12:41:37
ESP_NODE_02,13,36,2026-05-29 12:41:37
ESP_NODE_04,15,27,2026-05-29 12:41:44
ESP_NODE_03,31,41,2026-05-29 12:42:43
ESP_NODE_01,20,111,2026-05-29 12:42:43
ESP_NODE_02,12,41,2026-05-29 12:42:43
ESP_NODE_03,36,34,2026-05-29 12:43:50
ESP_NODE_01,24,92,2026-05-29 12:43:50
ESP_NODE_02,14,34,2026-05-29 12:43:50
ESP_NODE_04,9,22,2026-05-29 12:44:12
ESP_NODE_03,40,34,2026-05-29 12:44:56
ESP_NODE_01,27,91,2026-05-29 12:44:56
ESP_NODE_02,16,34,2026-05-29 12:44:56
ESP_NODE_04,17,21,2026-05-29 12:45:23
ESP_NODE_03,61,39,2026-05-29 12:46:03
ESP_NODE_01,41,106,2026-05-29 12:46:03
ESP_NODE_02,24,39,2026-05-29 12:46:03
ESP_NODE_04,6,20,2026-05-29 12:46:33
ESP_NODE_03,44,44,2026-05-29 12:47:09
ESP_NODE_01,29,119,2026-05-29 12:47:09
ESP_NODE_02,17,44,2026-05-29 12:47:09
ESP_NODE_04,13,17,2026-05-29 12:47:43
ESP_NODE_03,44,52,2026-05-29 12:48:17
ESP_NODE_01,30,141,2026-05-29 12:48:17
ESP_NODE_02,17,52,2026-05-29 12:48:17
ESP_NODE_03,51,39,2026-05-29 12:49:24
ESP_NODE_01,34,106,2026-05-29 12:49:24
ESP_NODE_02,20,39,2026-05-29 12:49:24
ESP_NODE_04,7,23,2026-05-29 12:50:08
ESP_NODE_03,23,36,2026-05-29 12:50:31
ESP_NODE_01,15,98,2026-05-29 12:50:31
ESP_NODE_02,9,36,2026-05-29 12:50:31
ESP_NODE_04,2,19,2026-05-29 12:51:17
ESP_NODE_03,32,34,2026-05-29 12:51:41
ESP_NODE_01,21,91,2026-05-29 12:51:41
ESP_NODE_02,12,34,2026-05-29 12:51:41
ESP_NODE_04,9,18,2026-05-29 12:53:35
ESP_NODE_03,55,43,2026-05-29 12:53:57
ESP_NODE_01,37,117,2026-05-29 12:53:57
ESP_NODE_02,22,43,2026-05-29 12:53:57
ESP_NODE_03,38,26,2026-05-29 12:55:05
ESP_NODE_01,25,70,2026-05-29 12:55:05
ESP_NODE_02,15,26,2026-05-29 12:55:05
ESP_NODE_04,11,16,2026-05-29 12:55:59
ESP_NODE_03,45,38,2026-05-29 12:56:13
ESP_NODE_01,30,102,2026-05-29 12:56:13
ESP_NODE_02,18,38,2026-05-29 12:56:13
ESP_NODE_03,67,44,2026-05-29 12:57:22
ESP_NODE_01,45,119,2026-05-29 12:57:22
ESP_NODE_02,27,44,2026-05-29 12:57:22
ESP_NODE_03,65,47,2026-05-29 12:58:32
ESP_NODE_01,43,127,2026-05-29 12:58:32
ESP_NODE_02,26,47,2026-05-29 12:58:32
ESP_NODE_04,16,20,2026-05-29 12:59:31
ESP_NODE_03,41,38,2026-05-29 12:59:42
ESP_NODE_01,27,104,2026-05-29 12:59:42
ESP_NODE_02,16,38,2026-05-29 12:59:42
ESP_NODE_04,3,16,2026-05-29 13:00:37
ESP_NODE_03,49,46,2026-05-29 13:00:49
ESP_NODE_01,33,123,2026-05-29 13:00:49
ESP_NODE_02,19,46,2026-05-29 13:00:49
ESP_NODE_04,8,15,2026-05-29 13:01:45
ESP_NODE_03,31,31,2026-05-29 13:01:55
ESP_NODE_01,21,84,2026-05-29 13:01:55
ESP_NODE_02,12,31,2026-05-29 13:01:55
ESP_NODE_04,31,16,2026-05-29 13:02:51
ESP_NODE_03,43,51,2026-05-29 13:03:02
ESP_NODE_01,29,137,2026-05-29 13:03:02
ESP_NODE_02,17,51,2026-05-29 13:03:02
ESP_NODE_04,29,19,2026-05-29 13:03:57
ESP_NODE_04,18,10,2026-05-29 13:05:04
ESP_NODE_03,50,40,2026-05-29 13:05:14
ESP_NODE_01,33,108,2026-05-29 13:05:14
ESP_NODE_02,20,40,2026-05-29 13:05:14
ESP_NODE_04,18,12,2026-05-29 13:06:10
ESP_NODE_03,57,46,2026-05-29 13:06:20
ESP_NODE_01,38,123,2026-05-29 13:06:20
ESP_NODE_02,22,46,2026-05-29 13:06:20
ESP_NODE_04,20,20,2026-05-29 13:07:16
ESP_NODE_03,47,48,2026-05-29 13:07:27
ESP_NODE_01,32,131,2026-05-29 13:07:27
ESP_NODE_02,19,48,2026-05-29 13:07:27
ESP_NODE_04,11,14,2026-05-29 13:08:23
ESP_NODE_04,17,20,2026-05-29 13:09:29
ESP_NODE_03,55,39,2026-05-29 13:09:39
ESP_NODE_01,36,106,2026-05-29 13:09:39
ESP_NODE_02,22,39,2026-05-29 13:09:39
ESP_NODE_04,25,21,2026-05-29 13:10:35
ESP_NODE_03,59,47,2026-05-29 13:10:47
ESP_NODE_01,39,126,2026-05-29 13:10:47
ESP_NODE_02,23,47,2026-05-29 13:10:47
ESP_NODE_04,17,17,2026-05-29 13:11:41
ESP_NODE_03,58,53,2026-05-29 13:11:53
ESP_NODE_01,38,144,2026-05-29 13:11:53
ESP_NODE_02,23,53,2026-05-29 13:11:53
ESP_NODE_04,19,12,2026-05-29 13:12:48
ESP_NODE_03,45,42,2026-05-29 13:13:00
ESP_NODE_01,30,113,2026-05-29 13:13:00
ESP_NODE_02,18,42,2026-05-29 13:13:00
ESP_NODE_04,15,18,2026-05-29 13:13:54
ESP_NODE_03,74,50,2026-05-29 13:14:07
ESP_NODE_01,49,136,2026-05-29 13:14:07
ESP_NODE_02,29,50,2026-05-29 13:14:07
ESP_NODE_04,8,9,2026-05-29 13:15:02
ESP_NODE_03,64,44,2026-05-29 13:15:20
ESP_NODE_01,43,118,2026-05-29 13:15:20
ESP_NODE_02,25,44,2026-05-29 13:15:20
ESP_NODE_04,5,6,2026-05-29 13:16:08
ESP_NODE_03,67,45,2026-05-29 13:16:27
ESP_NODE_01,45,121,2026-05-29 13:16:27
ESP_NODE_02,27,45,2026-05-29 13:16:27
ESP_NODE_04,14,8,2026-05-29 13:17:15
ESP_NODE_03,46,46,2026-05-29 13:17:34
ESP_NODE_01,30,123,2026-05-29 13:17:34
ESP_NODE_02,18,46,2026-05-29 13:17:34
ESP_NODE_04,12,8,2026-05-29 13:18:25
ESP_NODE_03,48,52,2026-05-29 13:18:41
ESP_NODE_01,32,141,2026-05-29 13:18:41
ESP_NODE_02,19,52,2026-05-29 13:18:41
ESP_NODE_04,13,6,2026-05-29 13:19:37
ESP_NODE_03,67,43,2026-05-29 13:19:48
ESP_NODE_01,45,116,2026-05-29 13:19:48
ESP_NODE_02,27,43,2026-05-29 13:19:48
ESP_NODE_04,11,10,2026-05-29 13:20:50
ESP_NODE_03,46,41,2026-05-29 13:20:54
ESP_NODE_01,30,112,2026-05-29 13:20:54
ESP_NODE_02,18,41,2026-05-29 13:20:54
ESP_NODE_04,12,4,2026-05-29 13:21:59
ESP_NODE_03,33,45,2026-05-29 13:22:02
ESP_NODE_01,22,121,2026-05-29 13:22:02
ESP_NODE_02,13,45,2026-05-29 13:22:02
ESP_NODE_04,10,6,2026-05-29 13:23:07
ESP_NODE_03,45,61,2026-05-29 13:23:11
ESP_NODE_01,30,163,2026-05-29 13:23:11
ESP_NODE_02,18,61,2026-05-29 13:23:11
ESP_NODE_04,14,10,2026-05-29 13:24:15
ESP_NODE_03,95,55,2026-05-29 13:24:18
ESP_NODE_01,63,148,2026-05-29 13:24:18
ESP_NODE_02,38,55,2026-05-29 13:24:18
ESP_NODE_03,43,41,2026-05-29 13:25:25
ESP_NODE_01,29,111,2026-05-29 13:25:25
ESP_NODE_02,17,41,2026-05-29 13:25:25
ESP_NODE_04,6,10,2026-05-29 13:25:31
ESP_NODE_03,44,46,2026-05-29 13:26:31
ESP_NODE_01,30,125,2026-05-29 13:26:31
ESP_NODE_02,17,46,2026-05-29 13:26:31
ESP_NODE_04,7,9,2026-05-29 13:26:40
ESP_NODE_03,68,48,2026-05-29 13:27:37
ESP_NODE_01,46,129,2026-05-29 13:27:37
ESP_NODE_02,27,48,2026-05-29 13:27:37
ESP_NODE_04,7,8,2026-05-29 13:27:50
ESP_NODE_03,61,44,2026-05-29 13:28:44
ESP_NODE_01,41,120,2026-05-29 13:28:44
ESP_NODE_02,24,44,2026-05-29 13:28:44
ESP_NODE_03,42,42,2026-05-29 13:29:50
ESP_NODE_01,28,113,2026-05-29 13:29:50
ESP_NODE_02,17,42,2026-05-29 13:29:50
ESP_NODE_04,3,6,2026-05-29 13:30:21
ESP_NODE_04,13,8,2026-05-29 13:31:31
ESP_NODE_03,49,40,2026-05-29 13:32:11
ESP_NODE_01,33,107,2026-05-29 13:32:11
ESP_NODE_02,19,40,2026-05-29 13:32:11
ESP_NODE_04,8,9,2026-05-29 13:32:45
ESP_NODE_03,51,32,2026-05-29 13:33:18
ESP_NODE_01,34,86,2026-05-29 13:33:18
ESP_NODE_02,20,32,2026-05-29 13:33:18
ESP_NODE_04,7,14,2026-05-29 13:33:52
ESP_NODE_03,79,25,2026-05-29 13:34:24
ESP_NODE_01,53,67,2026-05-29 13:34:24
ESP_NODE_02,31,25,2026-05-29 13:34:24
ESP_NODE_04,3,8,2026-05-29 13:35:01
ESP_NODE_03,57,28,2026-05-29 13:35:30
ESP_NODE_01,38,77,2026-05-29 13:35:30
ESP_NODE_02,23,28,2026-05-29 13:35:30
ESP_NODE_03,59,40,2026-05-29 13:36:36
ESP_NODE_01,39,108,2026-05-29 13:36:36
ESP_NODE_02,23,40,2026-05-29 13:36:36
ESP_NODE_04,22,10,2026-05-29 13:37:33
ESP_NODE_03,77,32,2026-05-29 13:37:42
ESP_NODE_01,51,86,2026-05-29 13:37:42
ESP_NODE_02,30,32,2026-05-29 13:37:42
ESP_NODE_04,4,8,2026-05-29 13:38:43
ESP_NODE_03,55,35,2026-05-29 13:38:48
ESP_NODE_01,37,94,2026-05-29 13:38:48
ESP_NODE_02,22,35,2026-05-29 13:38:48
ESP_NODE_04,4,6,2026-05-29 13:39:52
ESP_NODE_03,57,29,2026-05-29 13:39:54
ESP_NODE_01,38,79,2026-05-29 13:39:54
ESP_NODE_02,22,29,2026-05-29 13:39:54
ESP_NODE_03,63,27,2026-05-29 13:41:00
ESP_NODE_01,42,74,2026-05-29 13:41:00
ESP_NODE_02,25,27,2026-05-29 13:41:00
ESP_NODE_04,5,7,2026-05-29 13:41:05
ESP_NODE_03,40,29,2026-05-29 13:42:05
ESP_NODE_01,27,79,2026-05-29 13:42:05
ESP_NODE_02,16,29,2026-05-29 13:42:05
ESP_NODE_03,30,31,2026-05-29 13:43:12
ESP_NODE_01,20,83,2026-05-29 13:43:12
ESP_NODE_02,12,31,2026-05-29 13:43:12
ESP_NODE_04,2,6,2026-05-29 13:43:31
ESP_NODE_03,62,32,2026-05-29 13:44:17
ESP_NODE_01,42,87,2026-05-29 13:44:17
ESP_NODE_02,25,32,2026-05-29 13:44:17
ESP_NODE_04,1,7,2026-05-29 13:44:41
ESP_NODE_03,43,28,2026-05-29 13:45:23
ESP_NODE_01,29,76,2026-05-29 13:45:23
ESP_NODE_02,17,28,2026-05-29 13:45:23
ESP_NODE_04,1,14,2026-05-29 13:45:55
ESP_NODE_03,36,28,2026-05-29 13:46:29
ESP_NODE_01,24,76,2026-05-29 13:46:29
ESP_NODE_02,14,28,2026-05-29 13:46:29
ESP_NODE_03,31,24,2026-05-29 13:47:35
ESP_NODE_01,20,66,2026-05-29 13:47:35
ESP_NODE_02,12,24,2026-05-29 13:47:35
ESP_NODE_04,1,10,2026-05-29 13:48:13
ESP_NODE_03,43,36,2026-05-29 13:48:41
ESP_NODE_01,29,98,2026-05-29 13:48:41
ESP_NODE_02,17,36,2026-05-29 13:48:41
ESP_NODE_03,21,27,2026-05-29 13:49:47
ESP_NODE_01,14,72,2026-05-29 13:49:47
ESP_NODE_02,8,27,2026-05-29 13:49:47
ESP_NODE_03,39,31,2026-05-29 13:50:53
ESP_NODE_01,26,83,2026-05-29 13:50:53
ESP_NODE_02,15,31,2026-05-29 13:50:53
ESP_NODE_03,44,26,2026-05-29 13:51:59
ESP_NODE_01,29,70,2026-05-29 13:51:59
ESP_NODE_02,17,26,2026-05-29 13:51:59
ESP_NODE_04,10,8,2026-05-29 13:53:02
ESP_NODE_03,38,25,2026-05-29 13:53:04
ESP_NODE_01,25,67,2026-05-29 13:53:04
ESP_NODE_02,15,25,2026-05-29 13:53:04
ESP_NODE_04,8,13,2026-05-29 13:54:09
ESP_NODE_03,51,27,2026-05-29 13:54:10
ESP_NODE_01,34,74,2026-05-29 13:54:10
ESP_NODE_02,20,27,2026-05-29 13:54:10
ESP_NODE_03,33,23,2026-05-29 13:55:18
ESP_NODE_01,22,63,2026-05-29 13:55:18
ESP_NODE_02,13,23,2026-05-29 13:55:18
ESP_NODE_04,3,12,2026-05-29 13:55:18
ESP_NODE_03,50,26,2026-05-29 13:56:24
ESP_NODE_01,33,70,2026-05-29 13:56:24
ESP_NODE_02,20,26,2026-05-29 13:56:24
ESP_NODE_03,48,20,2026-05-29 13:57:30
ESP_NODE_01,32,54,2026-05-29 13:57:30
ESP_NODE_02,19,20,2026-05-29 13:57:30
ESP_NODE_04,11,14,2026-05-29 13:57:39
ESP_NODE_03,31,22,2026-05-29 13:58:36
ESP_NODE_01,20,59,2026-05-29 13:58:36
ESP_NODE_02,12,22,2026-05-29 13:58:36
ESP_NODE_04,6,5,2026-05-29 13:58:48
ESP_NODE_03,41,24,2026-05-29 13:59:43
ESP_NODE_01,28,64,2026-05-29 13:59:43
ESP_NODE_02,16,24,2026-05-29 13:59:43
ESP_NODE_03,71,24,2026-05-29 14:00:49
ESP_NODE_01,48,66,2026-05-29 14:00:49
ESP_NODE_02,28,24,2026-05-29 14:00:49
ESP_NODE_04,6,3,2026-05-29 14:01:13
ESP_NODE_03,77,26,2026-05-29 14:01:55
ESP_NODE_01,52,71,2026-05-29 14:01:55
ESP_NODE_02,31,26,2026-05-29 14:01:55
ESP_NODE_04,6,5,2026-05-29 14:02:19
ESP_NODE_03,67,21,2026-05-29 14:03:00
ESP_NODE_01,44,58,2026-05-29 14:03:00
ESP_NODE_02,26,21,2026-05-29 14:03:00
ESP_NODE_04,4,3,2026-05-29 14:03:30
ESP_NODE_04,6,8,2026-05-29 14:04:43
ESP_NODE_03,48,25,2026-05-29 14:05:13
ESP_NODE_01,32,67,2026-05-29 14:05:13
ESP_NODE_02,19,25,2026-05-29 14:05:13
ESP_NODE_04,6,6,2026-05-29 14:05:49
ESP_NODE_03,64,21,2026-05-29 14:06:20
ESP_NODE_01,43,57,2026-05-29 14:06:20
ESP_NODE_02,25,21,2026-05-29 14:06:20
ESP_NODE_04,15,6,2026-05-29 14:06:55
ESP_NODE_03,31,17,2026-05-29 14:07:26
ESP_NODE_01,21,45,2026-05-29 14:07:26
ESP_NODE_02,12,17,2026-05-29 14:07:26
ESP_NODE_04,6,7,2026-05-29 14:08:02
ESP_NODE_03,48,21,2026-05-29 14:08:32
ESP_NODE_01,32,58,2026-05-29 14:08:32
ESP_NODE_02,19,21,2026-05-29 14:08:32
ESP_NODE_04,4,10,2026-05-29 14:09:16
ESP_NODE_03,80,17,2026-05-29 14:09:38
ESP_NODE_01,54,48,2026-05-29 14:09:38
ESP_NODE_02,32,17,2026-05-29 14:09:38
ESP_NODE_04,4,8,2026-05-29 14:10:25
ESP_NODE_03,90,20,2026-05-29 14:10:44
ESP_NODE_01,60,53,2026-05-29 14:10:44
ESP_NODE_02,36,20,2026-05-29 14:10:44
ESP_NODE_04,5,5,2026-05-29 14:11:31
ESP_NODE_04,7,10,2026-05-29 14:12:39
ESP_NODE_03,38,16,2026-05-29 14:12:56
ESP_NODE_01,25,44,2026-05-29 14:12:56
ESP_NODE_02,15,16,2026-05-29 14:12:56
ESP_NODE_04,8,8,2026-05-29 14:13:45
ESP_NODE_03,42,16,2026-05-29 14:14:02
ESP_NODE_01,28,45,2026-05-29 14:14:02
ESP_NODE_02,16,16,2026-05-29 14:14:02
ESP_NODE_04,4,8,2026-05-29 14:14:52
ESP_NODE_03,41,16,2026-05-29 14:15:08
ESP_NODE_01,27,44,2026-05-29 14:15:08
ESP_NODE_02,16,16,2026-05-29 14:15:08
ESP_NODE_04,9,10,2026-05-29 14:16:01
ESP_NODE_03,26,14,2026-05-29 14:16:14
ESP_NODE_01,17,39,2026-05-29 14:16:14
ESP_NODE_02,10,14,2026-05-29 14:16:14
ESP_NODE_04,14,14,2026-05-29 14:17:09
ESP_NODE_03,32,14,2026-05-29 14:17:20
ESP_NODE_01,21,39,2026-05-29 14:17:20
ESP_NODE_02,13,14,2026-05-29 14:17:20
ESP_NODE_04,5,18,2026-05-29 14:18:17
ESP_NODE_03,61,17,2026-05-29 14:18:26
ESP_NODE_01,41,46,2026-05-29 14:18:26
ESP_NODE_02,24,17,2026-05-29 14:18:26
ESP_NODE_04,9,11,2026-05-29 14:19:23
ESP_NODE_03,100,17,2026-05-29 14:19:32
ESP_NODE_01,67,47,2026-05-29 14:19:32
ESP_NODE_02,40,17,2026-05-29 14:19:32
ESP_NODE_04,5,9,2026-05-29 14:20:29
ESP_NODE_03,85,16,2026-05-29 14:20:38
ESP_NODE_01,57,44,2026-05-29 14:20:38
ESP_NODE_02,34,16,2026-05-29 14:20:38
ESP_NODE_04,8,9,2026-05-29 14:21:36
ESP_NODE_03,86,20,2026-05-29 14:21:44
ESP_NODE_01,57,53,2026-05-29 14:21:44
ESP_NODE_02,34,20,2026-05-29 14:21:44
ESP_NODE_04,14,16,2026-05-29 14:22:43
ESP_NODE_03,85,19,2026-05-29 14:22:53
ESP_NODE_01,57,53,2026-05-29 14:22:53
ESP_NODE_02,34,19,2026-05-29 14:22:53
ESP_NODE_04,6,17,2026-05-29 14:23:50
ESP_NODE_03,47,15,2026-05-29 14:24:00
ESP_NODE_01,31,40,2026-05-29 14:24:00
ESP_NODE_02,18,15,2026-05-29 14:24:00
ESP_NODE_04,10,16,2026-05-29 14:24:56
ESP_NODE_03,53,14,2026-05-29 14:25:07
ESP_NODE_01,35,38,2026-05-29 14:25:07
ESP_NODE_02,21,14,2026-05-29 14:25:07
ESP_NODE_04,12,18,2026-05-29 14:26:04
ESP_NODE_03,49,14,2026-05-29 14:26:14
ESP_NODE_01,33,39,2026-05-29 14:26:14
ESP_NODE_02,19,14,2026-05-29 14:26:14
ESP_NODE_03,76,16,2026-05-29 14:27:20
ESP_NODE_01,51,44,2026-05-29 14:27:20
ESP_NODE_02,30,16,2026-05-29 14:27:20
ESP_NODE_03,62,21,2026-05-29 14:28:26
ESP_NODE_01,41,56,2026-05-29 14:28:26
ESP_NODE_02,24,21,2026-05-29 14:28:26
ESP_NODE_04,12,17,2026-05-29 14:28:27
ESP_NODE_03,34,19,2026-05-29 14:29:32
ESP_NODE_01,22,53,2026-05-29 14:29:32
ESP_NODE_02,13,19,2026-05-29 14:29:32
ESP_NODE_04,17,15,2026-05-29 14:29:34
ESP_NODE_03,43,24,2026-05-29 14:30:38
ESP_NODE_01,29,66,2026-05-29 14:30:38
ESP_NODE_02,17,24,2026-05-29 14:30:38
ESP_NODE_04,9,14,2026-05-29 14:30:41
ESP_NODE_03,61,19,2026-05-29 14:31:45
ESP_NODE_01,40,53,2026-05-29 14:31:45
ESP_NODE_02,24,19,2026-05-29 14:31:45
ESP_NODE_04,10,16,2026-05-29 14:31:47
ESP_NODE_03,33,17,2026-05-29 14:32:52
ESP_NODE_01,22,48,2026-05-29 14:32:52
ESP_NODE_02,13,17,2026-05-29 14:32:52
ESP_NODE_04,8,17,2026-05-29 14:32:53
ESP_NODE_03,62,22,2026-05-29 14:33:58
ESP_NODE_01,41,59,2026-05-29 14:33:58
ESP_NODE_02,25,22,2026-05-29 14:33:58
ESP_NODE_04,16,31,2026-05-29 14:33:59
ESP_NODE_03,38,16,2026-05-29 14:35:04
ESP_NODE_01,25,44,2026-05-29 14:35:04
ESP_NODE_02,15,16,2026-05-29 14:35:04
ESP_NODE_04,8,11,2026-05-29 14:35:05
ESP_NODE_03,35,14,2026-05-29 14:36:10
ESP_NODE_01,23,38,2026-05-29 14:36:10
ESP_NODE_02,14,14,2026-05-29 14:36:10
ESP_NODE_04,12,15,2026-05-29 14:36:11
ESP_NODE_03,18,16,2026-05-29 14:37:16
ESP_NODE_01,12,44,2026-05-29 14:37:16
ESP_NODE_02,7,16,2026-05-29 14:37:16
ESP_NODE_04,13,8,2026-05-29 14:37:16
ESP_NODE_03,23,15,2026-05-29 14:38:22
ESP_NODE_01,15,40,2026-05-29 14:38:22
ESP_NODE_02,9,15,2026-05-29 14:38:22
ESP_NODE_04,13,10,2026-05-29 14:38:22
ESP_NODE_03,46,25,2026-05-29 14:39:28
ESP_NODE_01,30,67,2026-05-29 14:39:28
ESP_NODE_02,18,25,2026-05-29 14:39:28
ESP_NODE_03,21,15,2026-05-29 14:41:40
ESP_NODE_01,14,42,2026-05-29 14:41:40
ESP_NODE_02,8,15,2026-05-29 14:41:40
ESP_NODE_04,13,8,2026-05-29 14:41:58
ESP_NODE_03,37,12,2026-05-29 14:42:46
ESP_NODE_01,25,33,2026-05-29 14:42:46
ESP_NODE_02,15,12,2026-05-29 14:42:46
ESP_NODE_04,1,8,2026-05-29 14:43:04
ESP_NODE_03,29,20,2026-05-29 14:43:52
ESP_NODE_01,19,55,2026-05-29 14:43:52
ESP_NODE_02,11,20,2026-05-29 14:43:52
ESP_NODE_04,6,7,2026-05-29 14:44:10
ESP_NODE_03,28,16,2026-05-29 14:44:58
ESP_NODE_01,19,42,2026-05-29 14:44:58
ESP_NODE_02,11,16,2026-05-29 14:44:58
ESP_NODE_03,30,18,2026-05-29 14:46:04
ESP_NODE_01,20,50,2026-05-29 14:46:04
ESP_NODE_02,12,18,2026-05-29 14:46:04
ESP_NODE_04,3,11,2026-05-29 14:47:37
ESP_NODE_03,17,14,2026-05-29 14:48:16
ESP_NODE_01,11,38,2026-05-29 14:48:16
ESP_NODE_02,7,14,2026-05-29 14:48:16
ESP_NODE_03,32,19,2026-05-29 14:49:23
ESP_NODE_01,21,52,2026-05-29 14:49:23
ESP_NODE_02,13,19,2026-05-29 14:49:23
ESP_NODE_04,11,6,2026-05-29 14:49:58
ESP_NODE_03,26,18,2026-05-29 14:50:30
ESP_NODE_01,17,49,2026-05-29 14:50:30
ESP_NODE_02,10,18,2026-05-29 14:50:30
ESP_NODE_04,8,11,2026-05-29 14:51:04
ESP_NODE_03,29,13,2026-05-29 14:51:36
ESP_NODE_01,19,35,2026-05-29 14:51:36
ESP_NODE_02,11,13,2026-05-29 14:51:36
ESP_NODE_04,4,9,2026-05-29 14:52:10
ESP_NODE_03,21,24,2026-05-29 14:52:42
ESP_NODE_01,14,66,2026-05-29 14:52:42
ESP_NODE_02,8,24,2026-05-29 14:52:42
ESP_NODE_04,4,6,2026-05-29 14:53:16
ESP_NODE_03,24,20,2026-05-29 14:53:48
ESP_NODE_01,16,55,2026-05-29 14:53:48
ESP_NODE_02,9,20,2026-05-29 14:53:48
ESP_NODE_04,3,8,2026-05-29 14:54:22
ESP_NODE_03,26,21,2026-05-29 14:54:54
ESP_NODE_01,17,57,2026-05-29 14:54:54
ESP_NODE_02,10,21,2026-05-29 14:54:54
ESP_NODE_04,7,5,2026-05-29 14:55:28
ESP_NODE_03,15,17,2026-05-29 14:56:00
ESP_NODE_01,10,47,2026-05-29 14:56:00
ESP_NODE_02,6,17,2026-05-29 14:56:00
ESP_NODE_04,5,11,2026-05-29 14:56:34
ESP_NODE_03,21,17,2026-05-29 14:57:08
ESP_NODE_01,14,46,2026-05-29 14:57:08
ESP_NODE_02,8,17,2026-05-29 14:57:08
ESP_NODE_04,4,8,2026-05-29 14:57:40
ESP_NODE_03,27,19,2026-05-29 14:58:14
ESP_NODE_01,18,52,2026-05-29 14:58:14
ESP_NODE_02,10,19,2026-05-29 14:58:14
ESP_NODE_04,6,12,2026-05-29 14:58:46
ESP_NODE_03,20,13,2026-05-29 14:59:20
ESP_NODE_01,13,36,2026-05-29 14:59:20
ESP_NODE_02,8,13,2026-05-29 14:59:20
ESP_NODE_03,33,16,2026-05-29 15:00:26
ESP_NODE_01,22,43,2026-05-29 15:00:26
ESP_NODE_02,13,16,2026-05-29 15:00:26
ESP_NODE_04,11,11,2026-05-29 15:01:11
ESP_NODE_03,8,22,2026-05-29 15:01:32
ESP_NODE_01,5,59,2026-05-29 15:01:32
ESP_NODE_02,8,22,2026-05-29 15:01:32
ESP_NODE_04,40,10,2026-05-29 15:02:17
ESP_NODE_03,21,13,2026-05-29 15:02:38
ESP_NODE_01,14,35,2026-05-29 15:02:38
ESP_NODE_02,8,13,2026-05-29 15:02:38
ESP_NODE_04,17,11,2026-05-29 15:03:23
ESP_NODE_03,17,16,2026-05-29 15:03:44
ESP_NODE_01,11,44,2026-05-29 15:03:44
ESP_NODE_02,7,16,2026-05-29 15:03:44
ESP_NODE_04,6,10,2026-05-29 15:04:29
ESP_NODE_03,40,11,2026-05-29 15:04:50
ESP_NODE_01,27,29,2026-05-29 15:04:50
ESP_NODE_02,16,11,2026-05-29 15:04:50
ESP_NODE_04,6,12,2026-05-29 15:05:35
ESP_NODE_03,17,16,2026-05-29 15:05:56
ESP_NODE_01,11,44,2026-05-29 15:05:56
ESP_NODE_02,7,16,2026-05-29 15:05:56
ESP_NODE_04,4,10,2026-05-29 15:06:41
ESP_NODE_04,5,9,2026-05-29 15:07:47
ESP_NODE_03,29,9,2026-05-29 15:08:08
ESP_NODE_01,20,26,2026-05-29 15:08:08
ESP_NODE_02,11,9,2026-05-29 15:08:08
ESP_NODE_04,8,14,2026-05-29 15:08:53
ESP_NODE_03,15,8,2026-05-29 15:09:14
ESP_NODE_01,10,22,2026-05-29 15:09:14
ESP_NODE_02,6,8,2026-05-29 15:09:14
ESP_NODE_04,4,11,2026-05-29 15:09:59
ESP_NODE_04,12,13,2026-05-29 15:11:04
ESP_NODE_03,16,10,2026-05-29 15:11:26
ESP_NODE_01,11,27,2026-05-29 15:11:26
ESP_NODE_02,6,10,2026-05-29 15:11:26
ESP_NODE_04,11,13,2026-05-29 15:12:10
ESP_NODE_03,16,11,2026-05-29 15:12:31
ESP_NODE_01,10,31,2026-05-29 15:12:31
ESP_NODE_02,6,11,2026-05-29 15:12:31
ESP_NODE_04,10,11,2026-05-29 15:13:16
ESP_NODE_03,14,11,2026-05-29 15:13:37
ESP_NODE_01,9,30,2026-05-29 15:13:37
ESP_NODE_02,5,11,2026-05-29 15:13:37
ESP_NODE_04,6,12,2026-05-29 15:14:34
ESP_NODE_03,15,13,2026-05-29 15:14:43
ESP_NODE_01,10,35,2026-05-29 15:14:43
ESP_NODE_02,6,13,2026-05-29 15:14:43
ESP_NODE_04,20,9,2026-05-29 15:15:40
ESP_NODE_04,14,8,2026-05-29 15:16:46
ESP_NODE_03,21,10,2026-05-29 15:16:56
ESP_NODE_01,14,28,2026-05-29 15:16:56
ESP_NODE_02,8,10,2026-05-29 15:16:56
ESP_NODE_04,11,10,2026-05-29 15:17:52
ESP_NODE_03,30,10,2026-05-29 15:18:02
ESP_NODE_01,20,27,2026-05-29 15:18:02
ESP_NODE_02,12,10,2026-05-29 15:18:02
ESP_NODE_04,12,14,2026-05-29 15:18:58
ESP_NODE_03,25,11,2026-05-29 15:19:07
ESP_NODE_01,16,32,2026-05-29 15:19:07
ESP_NODE_02,10,11,2026-05-29 15:19:07
ESP_NODE_04,16,7,2026-05-29 15:20:03
ESP_NODE_03,29,10,2026-05-29 15:20:13
ESP_NODE_01,19,29,2026-05-29 15:20:13
ESP_NODE_02,11,10,2026-05-29 15:20:13
ESP_NODE_04,9,11,2026-05-29 15:21:09
ESP_NODE_03,18,5,2026-05-29 15:21:19
ESP_NODE_01,12,13,2026-05-29 15:21:19
ESP_NODE_02,7,8,2026-05-29 15:21:19
ESP_NODE_04,5,10,2026-05-29 15:22:16
ESP_NODE_03,12,12,2026-05-29 15:22:25
ESP_NODE_01,8,33,2026-05-29 15:22:25
ESP_NODE_02,5,12,2026-05-29 15:22:25
ESP_NODE_04,6,13,2026-05-29 15:23:22
ESP_NODE_03,21,10,2026-05-29 15:23:31
ESP_NODE_01,14,28,2026-05-29 15:23:31
ESP_NODE_02,8,10,2026-05-29 15:23:31
ESP_NODE_04,10,13,2026-05-29 15:24:27
ESP_NODE_03,14,8,2026-05-29 15:24:37
ESP_NODE_01,9,23,2026-05-29 15:24:37
ESP_NODE_02,5,8,2026-05-29 15:24:37
ESP_NODE_04,10,11,2026-05-29 15:25:33
ESP_NODE_03,25,12,2026-05-29 15:25:43
ESP_NODE_01,16,33,2026-05-29 15:25:43
ESP_NODE_02,10,12,2026-05-29 15:25:43
ESP_NODE_04,3,9,2026-05-29 15:26:39
ESP_NODE_03,44,12,2026-05-29 15:26:49
ESP_NODE_01,29,33,2026-05-29 15:26:49
ESP_NODE_02,17,12,2026-05-29 15:26:49
ESP_NODE_04,5,10,2026-05-29 15:27:44
ESP_NODE_03,21,13,2026-05-29 15:27:55
ESP_NODE_01,14,34,2026-05-29 15:27:55
ESP_NODE_02,8,13,2026-05-29 15:27:55
ESP_NODE_04,8,11,2026-05-29 15:28:51
ESP_NODE_03,31,10,2026-05-29 15:29:01
ESP_NODE_01,21,29,2026-05-29 15:29:01
ESP_NODE_02,12,10,2026-05-29 15:29:01
ESP_NODE_04,6,10,2026-05-29 15:29:56
ESP_NODE_03,29,7,2026-05-29 15:30:07
ESP_NODE_01,19,20,2026-05-29 15:30:07
ESP_NODE_02,11,12,2026-05-29 15:30:07
ESP_NODE_04,9,11,2026-05-29 15:31:02
ESP_NODE_03,25,7,2026-05-29 15:31:14
ESP_NODE_01,17,19,2026-05-29 15:31:14
ESP_NODE_02,10,10,2026-05-29 15:31:14
ESP_NODE_04,13,12,2026-05-29 15:32:08
ESP_NODE_03,28,6,2026-05-29 15:32:21
ESP_NODE_01,19,17,2026-05-29 15:32:21
ESP_NODE_02,11,11,2026-05-29 15:32:21
ESP_NODE_04,9,7,2026-05-29 15:33:14
ESP_NODE_03,43,9,2026-05-29 15:33:27
ESP_NODE_01,28,25,2026-05-29 15:33:27
ESP_NODE_02,17,9,2026-05-29 15:33:27
ESP_NODE_04,6,10,2026-05-29 15:34:20
ESP_NODE_03,25,13,2026-05-29 15:34:34
ESP_NODE_01,17,36,2026-05-29 15:34:34
ESP_NODE_02,10,13,2026-05-29 15:34:34
ESP_NODE_04,3,11,2026-05-29 15:35:26
ESP_NODE_03,42,8,2026-05-29 15:35:40
ESP_NODE_01,28,23,2026-05-29 15:35:40
ESP_NODE_02,17,8,2026-05-29 15:35:40
ESP_NODE_04,4,10,2026-05-29 15:36:32
ESP_NODE_03,79,6,2026-05-29 15:36:46
ESP_NODE_01,53,17,2026-05-29 15:36:46
ESP_NODE_02,31,8,2026-05-29 15:36:46
ESP_NODE_04,6,7,2026-05-29 15:37:38
ESP_NODE_03,67,10,2026-05-29 15:37:52
ESP_NODE_01,45,27,2026-05-29 15:37:52
ESP_NODE_02,26,10,2026-05-29 15:37:52
ESP_NODE_04,10,8,2026-05-29 15:38:44
ESP_NODE_03,50,11,2026-05-29 15:39:00
ESP_NODE_01,34,29,2026-05-29 15:39:00
ESP_NODE_02,20,11,2026-05-29 15:39:00
ESP_NODE_04,4,5,2026-05-29 15:39:50
ESP_NODE_03,18,9,2026-05-29 15:40:06
ESP_NODE_01,12,26,2026-05-29 15:40:06
ESP_NODE_02,7,9,2026-05-29 15:40:06
ESP_NODE_04,6,9,2026-05-29 15:40:57
ESP_NODE_03,28,15,2026-05-29 15:41:13
ESP_NODE_01,18,40,2026-05-29 15:41:13
ESP_NODE_02,11,15,2026-05-29 15:41:13
ESP_NODE_04,9,12,2026-05-29 15:42:03
ESP_NODE_03,21,14,2026-05-29 15:42:19
ESP_NODE_01,14,38,2026-05-29 15:42:19
ESP_NODE_02,8,14,2026-05-29 15:42:19
ESP_NODE_04,8,9,2026-05-29 15:43:09
ESP_NODE_03,56,11,2026-05-29 15:43:25
ESP_NODE_01,37,31,2026-05-29 15:43:25
ESP_NODE_02,22,11,2026-05-29 15:43:25
ESP_NODE_03,35,16,2026-05-29 15:45:37
ESP_NODE_01,24,44,2026-05-29 15:45:37
ESP_NODE_02,14,16,2026-05-29 15:45:37
ESP_NODE_04,9,8,2026-05-29 15:46:26
ESP_NODE_03,22,12,2026-05-29 15:46:43
ESP_NODE_01,15,33,2026-05-29 15:46:43
ESP_NODE_02,9,12,2026-05-29 15:46:43
ESP_NODE_04,5,7,2026-05-29 15:47:32
ESP_NODE_03,48,14,2026-05-29 15:47:48
ESP_NODE_01,32,39,2026-05-29 15:47:48
ESP_NODE_02,19,14,2026-05-29 15:47:48
ESP_NODE_04,5,15,2026-05-29 15:48:38
ESP_NODE_03,34,14,2026-05-29 15:48:55
ESP_NODE_01,22,40,2026-05-29 15:48:55
ESP_NODE_02,13,14,2026-05-29 15:48:55
ESP_NODE_04,7,11,2026-05-29 15:49:44
ESP_NODE_03,15,11,2026-05-29 15:50:00
ESP_NODE_01,10,31,2026-05-29 15:50:00
ESP_NODE_02,6,11,2026-05-29 15:50:00
ESP_NODE_04,9,10,2026-05-29 15:50:50
ESP_NODE_03,18,15,2026-05-29 15:51:07
ESP_NODE_01,12,41,2026-05-29 15:51:07
ESP_NODE_02,7,15,2026-05-29 15:51:07
ESP_NODE_04,12,6,2026-05-29 15:51:56
ESP_NODE_03,18,17,2026-05-29 15:52:13
ESP_NODE_01,12,47,2026-05-29 15:52:13
ESP_NODE_02,7,17,2026-05-29 15:52:13
ESP_NODE_03,38,21,2026-05-29 15:53:19
ESP_NODE_01,25,57,2026-05-29 15:53:19
ESP_NODE_02,15,21,2026-05-29 15:53:19
ESP_NODE_03,51,9,2026-05-29 15:54:25
ESP_NODE_01,34,25,2026-05-29 15:54:25
ESP_NODE_02,20,9,2026-05-29 15:54:25
ESP_NODE_03,57,9,2026-05-29 15:55:31
ESP_NODE_01,38,26,2026-05-29 15:55:31
ESP_NODE_02,23,9,2026-05-29 15:55:31
ESP_NODE_04,10,13,2026-05-29 15:55:32
ESP_NODE_03,32,9,2026-05-29 15:56:37
ESP_NODE_01,21,25,2026-05-29 15:56:37
ESP_NODE_02,12,9,2026-05-29 15:56:37
ESP_NODE_04,4,10,2026-05-29 15:56:38
ESP_NODE_03,65,11,2026-05-29 15:57:43
ESP_NODE_01,44,31,2026-05-29 15:57:43
ESP_NODE_02,26,11,2026-05-29 15:57:43
ESP_NODE_04,9,12,2026-05-29 15:57:44
ESP_NODE_03,56,8,2026-05-29 15:58:50
ESP_NODE_01,38,23,2026-05-29 15:58:50
ESP_NODE_02,22,8,2026-05-29 15:58:50
ESP_NODE_04,11,19,2026-05-29 15:58:50
ESP_NODE_03,33,10,2026-05-29 15:59:56
ESP_NODE_01,22,26,2026-05-29 15:59:56
ESP_NODE_02,13,10,2026-05-29 15:59:56
ESP_NODE_04,7,13,2026-05-29 15:59:56
ESP_NODE_03,17,8,2026-05-29 16:01:02
ESP_NODE_01,11,23,2026-05-29 16:01:02
ESP_NODE_02,7,8,2026-05-29 16:01:02
ESP_NODE_04,8,18,2026-05-29 16:01:02
ESP_NODE_04,10,20,2026-05-29 16:02:07
ESP_NODE_03,31,11,2026-05-29 16:02:08
ESP_NODE_01,20,31,2026-05-29 16:02:08
ESP_NODE_02,12,11,2026-05-29 16:02:08
ESP_NODE_03,13,8,2026-05-29 16:03:14
ESP_NODE_01,9,23,2026-05-29 16:03:14
ESP_NODE_02,5,8,2026-05-29 16:03:14
ESP_NODE_04,11,18,2026-05-29 16:04:19
ESP_NODE_03,27,15,2026-05-29 16:04:20
ESP_NODE_01,18,42,2026-05-29 16:04:20
ESP_NODE_02,10,15,2026-05-29 16:04:20
ESP_NODE_04,10,15,2026-05-29 16:05:25
ESP_NODE_03,11,10,2026-05-29 16:05:26
ESP_NODE_01,7,28,2026-05-29 16:05:26
ESP_NODE_02,8,10,2026-05-29 16:05:26
ESP_NODE_03,49,14,2026-05-29 16:06:31
ESP_NODE_01,32,38,2026-05-29 16:06:31
ESP_NODE_02,19,14,2026-05-29 16:06:31
ESP_NODE_04,15,15,2026-05-29 16:06:31
ESP_NODE_03,37,11,2026-05-29 16:07:37
ESP_NODE_01,25,30,2026-05-29 16:07:37
ESP_NODE_02,15,11,2026-05-29 16:07:37
ESP_NODE_04,4,12,2026-05-29 16:07:37
ESP_NODE_03,38,13,2026-05-29 16:08:43
ESP_NODE_01,25,36,2026-05-29 16:08:43
ESP_NODE_02,15,13,2026-05-29 16:08:43
ESP_NODE_04,6,10,2026-05-29 16:08:43
ESP_NODE_04,6,14,2026-05-29 16:09:48
ESP_NODE_03,64,17,2026-05-29 16:09:49
ESP_NODE_01,42,47,2026-05-29 16:09:49
ESP_NODE_02,25,17,2026-05-29 16:09:49
ESP_NODE_04,20,14,2026-05-29 16:10:54
ESP_NODE_03,23,15,2026-05-29 16:10:55
ESP_NODE_01,15,41,2026-05-29 16:10:55
ESP_NODE_02,9,15,2026-05-29 16:10:55
ESP_NODE_04,13,13,2026-05-29 16:12:00
ESP_NODE_03,28,15,2026-05-29 16:12:02
ESP_NODE_01,19,41,2026-05-29 16:12:02
ESP_NODE_02,11,15,2026-05-29 16:12:02
ESP_NODE_04,19,16,2026-05-29 16:13:06
ESP_NODE_04,3,15,2026-05-29 16:14:12
ESP_NODE_03,28,13,2026-05-29 16:14:14
ESP_NODE_01,19,36,2026-05-29 16:14:14
ESP_NODE_02,11,13,2026-05-29 16:14:14
ESP_NODE_03,20,16,2026-05-29 16:15:20
ESP_NODE_01,13,44,2026-05-29 16:15:20
ESP_NODE_02,8,16,2026-05-29 16:15:20
ESP_NODE_03,40,21,2026-05-29 16:16:26
ESP_NODE_01,27,58,2026-05-29 16:16:26
ESP_NODE_02,16,21,2026-05-29 16:16:26
ESP_NODE_04,13,13,2026-05-29 16:16:33
ESP_NODE_03,30,19,2026-05-29 16:17:32
ESP_NODE_01,20,52,2026-05-29 16:17:32
ESP_NODE_02,12,19,2026-05-29 16:17:32
ESP_NODE_04,14,15,2026-05-29 16:17:39
ESP_NODE_03,25,18,2026-05-29 16:18:38
ESP_NODE_01,17,48,2026-05-29 16:18:38
ESP_NODE_02,10,18,2026-05-29 16:18:38
ESP_NODE_04,23,25,2026-05-29 16:18:45
ESP_NODE_03,28,18,2026-05-29 16:19:44
ESP_NODE_01,19,50,2026-05-29 16:19:44
ESP_NODE_02,11,18,2026-05-29 16:19:44
ESP_NODE_04,20,19,2026-05-29 16:19:50
ESP_NODE_03,25,14,2026-05-29 16:20:50
ESP_NODE_01,17,39,2026-05-29 16:20:50
ESP_NODE_02,10,14,2026-05-29 16:20:50
ESP_NODE_04,13,19,2026-05-29 16:20:56
ESP_NODE_03,32,19,2026-05-29 16:21:56
ESP_NODE_01,21,53,2026-05-29 16:21:56
ESP_NODE_02,12,19,2026-05-29 16:21:56
ESP_NODE_04,10,18,2026-05-29 16:22:02
ESP_NODE_03,15,18,2026-05-29 16:23:02
ESP_NODE_01,10,50,2026-05-29 16:23:02
ESP_NODE_02,6,18,2026-05-29 16:23:02
ESP_NODE_04,11,18,2026-05-29 16:23:08
ESP_NODE_03,36,20,2026-05-29 16:24:07
ESP_NODE_01,24,55,2026-05-29 16:24:07
ESP_NODE_02,14,20,2026-05-29 16:24:07
ESP_NODE_03,37,17,2026-05-29 16:25:14
ESP_NODE_01,24,46,2026-05-29 16:25:14
ESP_NODE_02,14,17,2026-05-29 16:25:14
ESP_NODE_04,5,18,2026-05-29 16:25:29
ESP_NODE_03,27,17,2026-05-29 16:26:20
ESP_NODE_01,18,47,2026-05-29 16:26:20
ESP_NODE_02,10,17,2026-05-29 16:26:20
ESP_NODE_04,7,16,2026-05-29 16:26:36
ESP_NODE_03,15,16,2026-05-29 16:27:26
ESP_NODE_01,10,44,2026-05-29 16:27:26
ESP_NODE_02,6,16,2026-05-29 16:27:26
ESP_NODE_04,14,16,2026-05-29 16:27:42
ESP_NODE_03,30,20,2026-05-29 16:28:32
ESP_NODE_01,20,55,2026-05-29 16:28:32
ESP_NODE_02,12,20,2026-05-29 16:28:32
ESP_NODE_04,10,21,2026-05-29 16:28:48
ESP_NODE_03,15,14,2026-05-29 16:29:38
ESP_NODE_01,10,38,2026-05-29 16:29:38
ESP_NODE_02,6,14,2026-05-29 16:29:38
ESP_NODE_04,10,16,2026-05-29 16:29:53
ESP_NODE_03,31,14,2026-05-29 16:30:45
ESP_NODE_01,21,39,2026-05-29 16:30:45
ESP_NODE_02,12,14,2026-05-29 16:30:45
ESP_NODE_04,16,19,2026-05-29 16:30:59
ESP_NODE_03,15,21,2026-05-29 16:31:51
ESP_NODE_01,10,56,2026-05-29 16:31:51
ESP_NODE_02,6,21,2026-05-29 16:31:51
ESP_NODE_04,17,17,2026-05-29 16:32:05
ESP_NODE_03,20,17,2026-05-29 16:32:57
ESP_NODE_01,13,46,2026-05-29 16:32:57
ESP_NODE_02,8,17,2026-05-29 16:32:57
ESP_NODE_04,13,15,2026-05-29 16:33:11
ESP_NODE_03,13,22,2026-05-29 16:34:03
ESP_NODE_01,9,60,2026-05-29 16:34:03
ESP_NODE_02,5,22,2026-05-29 16:34:03
ESP_NODE_03,13,17,2026-05-29 16:35:09
ESP_NODE_01,8,47,2026-05-29 16:35:09
ESP_NODE_02,5,17,2026-05-29 16:35:09
ESP_NODE_04,17,17,2026-05-29 16:35:32
ESP_NODE_04,26,14,2026-05-29 16:36:38
ESP_NODE_03,25,18,2026-05-29 16:37:22
ESP_NODE_01,16,50,2026-05-29 16:37:22
ESP_NODE_02,10,18,2026-05-29 16:37:22
ESP_NODE_04,9,13,2026-05-29 16:37:44
ESP_NODE_03,16,16,2026-05-29 16:38:28
ESP_NODE_01,11,44,2026-05-29 16:38:28
ESP_NODE_02,6,16,2026-05-29 16:38:28
ESP_NODE_04,27,15,2026-05-29 16:38:50
ESP_NODE_03,22,18,2026-05-29 16:39:34
ESP_NODE_01,15,50,2026-05-29 16:39:34
ESP_NODE_02,9,18,2026-05-29 16:39:34
ESP_NODE_04,13,11,2026-05-29 16:39:56
ESP_NODE_03,18,13,2026-05-29 16:40:40
ESP_NODE_01,12,34,2026-05-29 16:40:40
ESP_NODE_02,7,13,2026-05-29 16:40:40
ESP_NODE_04,7,12,2026-05-29 16:41:01
ESP_NODE_03,19,18,2026-05-29 16:41:46
ESP_NODE_01,12,49,2026-05-29 16:41:46
ESP_NODE_02,7,18,2026-05-29 16:41:46
ESP_NODE_04,13,16,2026-05-29 16:42:07
ESP_NODE_03,9,17,2026-05-29 16:42:52
ESP_NODE_01,6,47,2026-05-29 16:42:52
ESP_NODE_02,8,17,2026-05-29 16:42:52
ESP_NODE_04,24,17,2026-05-29 16:43:13
ESP_NODE_03,18,21,2026-05-29 16:43:58
ESP_NODE_01,12,58,2026-05-29 16:43:58
ESP_NODE_02,7,21,2026-05-29 16:43:58
ESP_NODE_04,15,14,2026-05-29 16:44:18
ESP_NODE_03,11,22,2026-05-29 16:45:04
ESP_NODE_01,7,60,2026-05-29 16:45:04
ESP_NODE_02,7,22,2026-05-29 16:45:04
ESP_NODE_04,9,13,2026-05-29 16:45:24
ESP_NODE_03,9,17,2026-05-29 16:46:10
ESP_NODE_01,6,46,2026-05-29 16:46:10
ESP_NODE_02,7,17,2026-05-29 16:46:10
ESP_NODE_03,9,15,2026-05-29 16:47:16
ESP_NODE_01,6,40,2026-05-29 16:47:16
ESP_NODE_02,6,15,2026-05-29 16:47:16
ESP_NODE_04,6,14,2026-05-29 16:47:45
ESP_NODE_03,19,25,2026-05-29 16:48:22
ESP_NODE_01,13,67,2026-05-29 16:48:22
ESP_NODE_02,7,25,2026-05-29 16:48:22
ESP_NODE_04,10,14,2026-05-29 16:48:51
ESP_NODE_03,9,18,2026-05-29 16:49:28
ESP_NODE_01,6,50,2026-05-29 16:49:28
ESP_NODE_02,8,18,2026-05-29 16:49:28
ESP_NODE_04,16,13,2026-05-29 16:49:57
ESP_NODE_03,7,18,2026-05-29 16:50:34
ESP_NODE_01,4,50,2026-05-29 16:50:34
ESP_NODE_02,8,18,2026-05-29 16:50:34
ESP_NODE_04,9,16,2026-05-29 16:51:03
ESP_NODE_03,13,15,2026-05-29 16:51:40
ESP_NODE_01,9,40,2026-05-29 16:51:40
ESP_NODE_02,5,15,2026-05-29 16:51:40
ESP_NODE_04,13,14,2026-05-29 16:52:09
ESP_NODE_03,12,16,2026-05-29 16:52:47
ESP_NODE_01,8,45,2026-05-29 16:52:47
ESP_NODE_02,8,16,2026-05-29 16:52:47
ESP_NODE_04,5,16,2026-05-29 16:53:15
ESP_NODE_03,15,11,2026-05-29 16:53:53
ESP_NODE_01,10,31,2026-05-29 16:53:53
ESP_NODE_02,6,11,2026-05-29 16:53:53
ESP_NODE_04,13,19,2026-05-29 16:54:21
ESP_NODE_03,17,15,2026-05-29 16:54:59
ESP_NODE_01,11,40,2026-05-29 16:54:59
ESP_NODE_02,6,15,2026-05-29 16:54:59
ESP_NODE_04,8,16,2026-05-29 16:55:27
ESP_NODE_03,13,14,2026-05-29 16:56:05
ESP_NODE_01,8,38,2026-05-29 16:56:05
ESP_NODE_02,5,14,2026-05-29 16:56:05
ESP_NODE_04,4,16,2026-05-29 16:56:33
ESP_NODE_03,18,15,2026-05-29 16:57:11
ESP_NODE_01,12,42,2026-05-29 16:57:11
ESP_NODE_02,7,15,2026-05-29 16:57:11
ESP_NODE_04,3,16,2026-05-29 16:57:39
ESP_NODE_03,27,16,2026-05-29 16:58:17
ESP_NODE_01,18,43,2026-05-29 16:58:17
ESP_NODE_02,11,16,2026-05-29 16:58:17
ESP_NODE_04,7,13,2026-05-29 16:58:45
ESP_NODE_03,10,8,2026-05-29 16:59:23
ESP_NODE_01,7,23,2026-05-29 16:59:23
ESP_NODE_02,6,8,2026-05-29 16:59:23
ESP_NODE_03,10,10,2026-05-29 17:00:29
ESP_NODE_01,6,27,2026-05-29 17:00:29
ESP_NODE_02,5,10,2026-05-29 17:00:29
ESP_NODE_04,6,16,2026-05-29 17:01:06
ESP_NODE_03,20,12,2026-05-29 17:01:35
ESP_NODE_01,13,33,2026-05-29 17:01:35
ESP_NODE_02,8,12,2026-05-29 17:01:35
ESP_NODE_04,6,17,2026-05-29 17:02:12
ESP_NODE_03,14,13,2026-05-29 17:02:40
ESP_NODE_01,9,35,2026-05-29 17:02:40
ESP_NODE_02,5,13,2026-05-29 17:02:40
ESP_NODE_03,11,14,2026-05-29 17:03:47
ESP_NODE_01,7,38,2026-05-29 17:03:47
ESP_NODE_02,6,14,2026-05-29 17:03:47
ESP_NODE_04,4,14,2026-05-29 17:04:33
ESP_NODE_03,16,17,2026-05-29 17:04:52
ESP_NODE_01,10,46,2026-05-29 17:04:52
ESP_NODE_02,6,17,2026-05-29 17:04:52
ESP_NODE_04,5,17,2026-05-29 17:05:40
ESP_NODE_03,25,15,2026-05-29 17:05:58
ESP_NODE_01,17,42,2026-05-29 17:05:58
ESP_NODE_02,10,15,2026-05-29 17:05:58
ESP_NODE_04,2,18,2026-05-29 17:06:45
ESP_NODE_03,14,15,2026-05-29 17:07:04
ESP_NODE_01,9,41,2026-05-29 17:07:04
ESP_NODE_02,5,15,2026-05-29 17:07:04
ESP_NODE_04,3,17,2026-05-29 17:07:51
ESP_NODE_03,30,17,2026-05-29 17:08:10
ESP_NODE_01,20,45,2026-05-29 17:08:10
ESP_NODE_02,12,17,2026-05-29 17:08:10
ESP_NODE_04,11,18,2026-05-29 17:08:58
ESP_NODE_03,24,15,2026-05-29 17:09:17
ESP_NODE_01,16,41,2026-05-29 17:09:17
ESP_NODE_02,9,15,2026-05-29 17:09:17
ESP_NODE_04,11,15,2026-05-29 17:10:04
ESP_NODE_03,28,13,2026-05-29 17:10:22
ESP_NODE_01,19,35,2026-05-29 17:10:22
ESP_NODE_02,11,13,2026-05-29 17:10:22
ESP_NODE_04,3,17,2026-05-29 17:11:10
ESP_NODE_03,27,21,2026-05-29 17:11:32
ESP_NODE_01,18,57,2026-05-29 17:11:32
ESP_NODE_02,11,21,2026-05-29 17:11:32
ESP_NODE_04,5,15,2026-05-29 17:12:16
ESP_NODE_03,18,14,2026-05-29 17:12:38
ESP_NODE_01,12,39,2026-05-29 17:12:38
ESP_NODE_02,7,14,2026-05-29 17:12:38
ESP_NODE_03,18,11,2026-05-29 17:13:43
ESP_NODE_01,12,29,2026-05-29 17:13:43
ESP_NODE_02,7,11,2026-05-29 17:13:43
ESP_NODE_04,10,14,2026-05-29 17:14:37
ESP_NODE_03,23,10,2026-05-29 17:14:49
ESP_NODE_01,15,27,2026-05-29 17:14:49
ESP_NODE_02,9,10,2026-05-29 17:14:49
ESP_NODE_04,4,18,2026-05-29 17:15:43
ESP_NODE_03,8,13,2026-05-29 17:15:55
ESP_NODE_01,5,35,2026-05-29 17:15:55
ESP_NODE_02,6,13,2026-05-29 17:15:55
ESP_NODE_04,7,19,2026-05-29 17:16:49
ESP_NODE_03,24,15,2026-05-29 17:17:01
ESP_NODE_01,16,41,2026-05-29 17:17:01
ESP_NODE_02,9,15,2026-05-29 17:17:01
ESP_NODE_04,7,18,2026-05-29 17:17:54
ESP_NODE_03,22,11,2026-05-29 17:18:07
ESP_NODE_01,15,31,2026-05-29 17:18:07
ESP_NODE_02,8,11,2026-05-29 17:18:07
ESP_NODE_04,16,9,2026-05-29 17:19:01
ESP_NODE_03,23,17,2026-05-29 17:19:13
ESP_NODE_01,15,47,2026-05-29 17:19:13
ESP_NODE_02,9,17,2026-05-29 17:19:13
ESP_NODE_04,7,12,2026-05-29 17:20:07
ESP_NODE_03,25,16,2026-05-29 17:20:19
ESP_NODE_01,17,43,2026-05-29 17:20:19
ESP_NODE_02,10,16,2026-05-29 17:20:19
ESP_NODE_04,7,16,2026-05-29 17:21:13
ESP_NODE_03,15,13,2026-05-29 17:21:25
ESP_NODE_01,10,35,2026-05-29 17:21:25
ESP_NODE_02,6,13,2026-05-29 17:21:25
ESP_NODE_04,12,15,2026-05-29 17:22:19
ESP_NODE_03,25,13,2026-05-29 17:22:30
ESP_NODE_01,17,35,2026-05-29 17:22:30
ESP_NODE_02,10,13,2026-05-29 17:22:30
ESP_NODE_04,12,15,2026-05-29 17:23:25
ESP_NODE_03,18,13,2026-05-29 17:23:36
ESP_NODE_01,12,35,2026-05-29 17:23:36
ESP_NODE_02,7,13,2026-05-29 17:23:36
ESP_NODE_04,8,13,2026-05-29 17:24:31
ESP_NODE_03,22,11,2026-05-29 17:24:42
ESP_NODE_01,15,30,2026-05-29 17:24:42
ESP_NODE_02,8,11,2026-05-29 17:24:42
ESP_NODE_04,8,11,2026-05-29 17:25:37
ESP_NODE_03,20,13,2026-05-29 17:25:49
ESP_NODE_01,13,36,2026-05-29 17:25:49
ESP_NODE_02,8,13,2026-05-29 17:25:49
ESP_NODE_04,3,11,2026-05-29 17:26:43
ESP_NODE_03,17,9,2026-05-29 17:26:55
ESP_NODE_01,11,26,2026-05-29 17:26:55
ESP_NODE_02,6,9,2026-05-29 17:26:55
ESP_NODE_04,13,11,2026-05-29 17:27:48
ESP_NODE_03,21,10,2026-05-29 17:28:02
ESP_NODE_01,14,28,2026-05-29 17:28:02
ESP_NODE_02,8,10,2026-05-29 17:28:02
ESP_NODE_04,7,12,2026-05-29 17:28:54
ESP_NODE_03,16,10,2026-05-29 17:29:08
ESP_NODE_01,11,28,2026-05-29 17:29:08
ESP_NODE_02,6,10,2026-05-29 17:29:08
ESP_NODE_04,7,9,2026-05-29 17:30:00
ESP_NODE_03,18,5,2026-05-29 17:30:14
ESP_NODE_01,12,13,2026-05-29 17:30:14
ESP_NODE_02,7,11,2026-05-29 17:30:14
ESP_NODE_04,1,9,2026-05-29 17:31:06
ESP_NODE_03,14,10,2026-05-29 17:31:20
ESP_NODE_01,9,29,2026-05-29 17:31:20
ESP_NODE_02,5,10,2026-05-29 17:31:20
ESP_NODE_04,4,7,2026-05-29 17:32:12
ESP_NODE_03,18,9,2026-05-29 17:32:26
ESP_NODE_01,12,26,2026-05-29 17:32:26
ESP_NODE_02,7,9,2026-05-29 17:32:26
ESP_NODE_04,3,12,2026-05-29 17:33:18
ESP_NODE_03,37,10,2026-05-29 17:33:32
ESP_NODE_01,25,29,2026-05-29 17:33:32
ESP_NODE_02,14,10,2026-05-29 17:33:32
ESP_NODE_04,4,8,2026-05-29 17:34:24
ESP_NODE_03,30,8,2026-05-29 17:35:44
ESP_NODE_01,20,23,2026-05-29 17:35:44
ESP_NODE_02,12,8,2026-05-29 17:35:44
ESP_NODE_04,5,12,2026-05-29 17:36:36
ESP_NODE_03,21,13,2026-05-29 17:36:50
ESP_NODE_01,14,36,2026-05-29 17:36:50
ESP_NODE_02,8,13,2026-05-29 17:36:50
ESP_NODE_03,17,11,2026-05-29 17:37:56
ESP_NODE_01,11,29,2026-05-29 17:37:56
ESP_NODE_02,7,11,2026-05-29 17:37:56
ESP_NODE_04,9,11,2026-05-29 17:40:03
ESP_NODE_03,40,12,2026-05-29 17:40:08
ESP_NODE_01,27,32,2026-05-29 17:40:08
ESP_NODE_02,16,12,2026-05-29 17:40:08
ESP_NODE_04,7,11,2026-05-29 17:41:09
ESP_NODE_03,19,11,2026-05-29 17:41:14
ESP_NODE_01,13,32,2026-05-29 17:41:14
ESP_NODE_02,7,11,2026-05-29 17:41:14
ESP_NODE_04,6,13,2026-05-29 17:42:15
ESP_NODE_03,42,10,2026-05-29 17:42:20
ESP_NODE_01,28,28,2026-05-29 17:42:20
ESP_NODE_02,16,10,2026-05-29 17:42:20
ESP_NODE_03,28,12,2026-05-29 17:43:26
ESP_NODE_01,18,33,2026-05-29 17:43:26
ESP_NODE_02,11,12,2026-05-29 17:43:26
ESP_NODE_03,15,9,2026-05-29 17:44:32
ESP_NODE_01,10,25,2026-05-29 17:44:32
ESP_NODE_02,6,9,2026-05-29 17:44:32
ESP_NODE_04,14,16,2026-05-29 17:44:36
ESP_NODE_03,25,8,2026-05-29 17:45:40
ESP_NODE_01,16,23,2026-05-29 17:45:40
ESP_NODE_02,10,8,2026-05-29 17:45:40
ESP_NODE_04,11,12,2026-05-29 17:45:42
ESP_NODE_03,17,6,2026-05-29 17:46:46
ESP_NODE_01,11,17,2026-05-29 17:46:46
ESP_NODE_02,7,11,2026-05-29 17:46:46
ESP_NODE_03,15,4,2026-05-29 17:47:52
ESP_NODE_01,10,11,2026-05-29 17:47:52
ESP_NODE_02,6,11,2026-05-29 17:47:52
ESP_NODE_04,7,12,2026-05-29 17:47:54
ESP_NODE_03,12,5,2026-05-29 17:48:58
ESP_NODE_01,8,14,2026-05-29 17:48:58
ESP_NODE_02,5,11,2026-05-29 17:48:58
ESP_NODE_03,27,6,2026-05-29 17:51:10
ESP_NODE_01,18,16,2026-05-29 17:51:10
ESP_NODE_02,11,10,2026-05-29 17:51:10
ESP_NODE_04,9,9,2026-05-29 17:51:21
ESP_NODE_03,27,4,2026-05-29 17:52:16
ESP_NODE_01,18,11,2026-05-29 17:52:16
ESP_NODE_02,11,9,2026-05-29 17:52:16
ESP_NODE_04,4,11,2026-05-29 17:52:26
ESP_NODE_04,7,10,2026-05-29 17:53:32
ESP_NODE_03,25,6,2026-05-29 17:54:28
ESP_NODE_01,17,17,2026-05-29 17:54:28
ESP_NODE_02,10,12,2026-05-29 17:54:28
ESP_NODE_04,11,10,2026-05-29 17:54:38
ESP_NODE_03,27,4,2026-05-29 17:55:34
ESP_NODE_01,18,11,2026-05-29 17:55:34
ESP_NODE_02,11,11,2026-05-29 17:55:34
ESP_NODE_03,20,7,2026-05-29 17:56:40
ESP_NODE_01,13,19,2026-05-29 17:56:40
ESP_NODE_02,8,12,2026-05-29 17:56:40
ESP_NODE_04,6,14,2026-05-29 17:56:59
ESP_NODE_03,27,5,2026-05-29 17:57:46
ESP_NODE_01,18,13,2026-05-29 17:57:46
ESP_NODE_02,11,8,2026-05-29 17:57:46
ESP_NODE_04,4,12,2026-05-29 17:58:05
ESP_NODE_03,24,5,2026-05-29 17:58:52
ESP_NODE_01,16,13,2026-05-29 17:58:52
ESP_NODE_02,9,11,2026-05-29 17:58:52
ESP_NODE_04,2,13,2026-05-29 17:59:11
ESP_NODE_03,16,5,2026-05-29 17:59:58
ESP_NODE_01,11,14,2026-05-29 17:59:58
ESP_NODE_02,6,8,2026-05-29 17:59:58
ESP_NODE_04,2,12,2026-05-29 18:00:17
ESP_NODE_04,4,9,2026-05-29 18:01:23
ESP_NODE_03,30,5,2026-05-29 18:02:09
ESP_NODE_01,20,14,2026-05-29 18:02:09
ESP_NODE_02,12,11,2026-05-29 18:02:09
ESP_NODE_04,3,11,2026-05-29 18:02:29
ESP_NODE_03,15,4,2026-05-29 18:03:15
ESP_NODE_01,10,11,2026-05-29 18:03:15
ESP_NODE_02,6,12,2026-05-29 18:03:15
ESP_NODE_04,6,11,2026-05-29 18:03:35
ESP_NODE_03,23,6,2026-05-29 18:04:21
ESP_NODE_01,15,17,2026-05-29 18:04:21
ESP_NODE_02,9,12,2026-05-29 18:04:21
ESP_NODE_03,19,2,2026-05-29 18:05:27
ESP_NODE_01,13,5,2026-05-29 18:05:27
ESP_NODE_02,7,9,2026-05-29 18:05:27
ESP_NODE_04,4,8,2026-05-29 18:05:46
ESP_NODE_03,11,2,2026-05-29 18:06:33
ESP_NODE_01,7,5,2026-05-29 18:06:33
ESP_NODE_02,7,12,2026-05-29 18:06:33
ESP_NODE_04,6,12,2026-05-29 18:06:52
ESP_NODE_03,17,5,2026-05-29 18:07:39
ESP_NODE_01,11,14,2026-05-29 18:07:39
ESP_NODE_02,6,10,2026-05-29 18:07:39
ESP_NODE_04,8,7,2026-05-29 18:07:58
ESP_NODE_03,10,5,2026-05-29 18:08:45
ESP_NODE_01,6,13,2026-05-29 18:08:45
ESP_NODE_02,8,8,2026-05-29 18:08:45
ESP_NODE_04,4,9,2026-05-29 18:09:04
ESP_NODE_04,6,9,2026-05-29 18:10:10
ESP_NODE_03,19,6,2026-05-29 18:10:57
ESP_NODE_01,13,16,2026-05-29 18:10:57
ESP_NODE_02,7,9,2026-05-29 18:10:57
ESP_NODE_04,6,10,2026-05-29 18:11:16
ESP_NODE_03,23,7,2026-05-29 18:12:03
ESP_NODE_01,15,20,2026-05-29 18:12:03
ESP_NODE_02,9,9,2026-05-29 18:12:03
ESP_NODE_04,5,9,2026-05-29 18:12:22
ESP_NODE_03,26,6,2026-05-29 18:13:10
ESP_NODE_01,18,17,2026-05-29 18:13:10
ESP_NODE_02,10,8,2026-05-29 18:13:10
ESP_NODE_04,15,10,2026-05-29 18:13:27
ESP_NODE_03,27,8,2026-05-29 18:14:15
ESP_NODE_01,18,22,2026-05-29 18:14:15
ESP_NODE_02,11,8,2026-05-29 18:14:15
ESP_NODE_04,14,12,2026-05-29 18:14:33
ESP_NODE_03,12,5,2026-05-29 18:15:21
ESP_NODE_01,8,14,2026-05-29 18:15:21
ESP_NODE_02,7,10,2026-05-29 18:15:21
ESP_NODE_04,6,7,2026-05-29 18:15:39
ESP_NODE_03,12,7,2026-05-29 18:16:27
ESP_NODE_01,8,20,2026-05-29 18:16:27
ESP_NODE_02,5,8,2026-05-29 18:16:27
ESP_NODE_04,3,8,2026-05-29 18:16:45
ESP_NODE_03,22,8,2026-05-29 18:17:33
ESP_NODE_01,14,22,2026-05-29 18:17:33
ESP_NODE_02,8,8,2026-05-29 18:17:33
ESP_NODE_04,5,7,2026-05-29 18:17:50
ESP_NODE_03,12,4,2026-05-29 18:18:39
ESP_NODE_01,8,11,2026-05-29 18:18:39
ESP_NODE_02,6,9,2026-05-29 18:18:39
ESP_NODE_04,5,10,2026-05-29 18:18:56
ESP_NODE_03,20,2,2026-05-29 18:19:45
ESP_NODE_01,13,5,2026-05-29 18:19:45
ESP_NODE_02,8,10,2026-05-29 18:19:45
ESP_NODE_04,15,12,2026-05-29 18:20:02
ESP_NODE_03,22,4,2026-05-29 18:20:51
ESP_NODE_01,14,11,2026-05-29 18:20:51
ESP_NODE_02,8,8,2026-05-29 18:20:51
ESP_NODE_04,1,8,2026-05-29 18:22:24
ESP_NODE_03,22,3,2026-05-29 18:23:04
ESP_NODE_01,14,8,2026-05-29 18:23:04
ESP_NODE_02,8,8,2026-05-29 18:23:04
ESP_NODE_04,9,9,2026-05-29 18:23:29
ESP_NODE_03,31,3,2026-05-29 18:24:09
ESP_NODE_01,21,8,2026-05-29 18:24:09
ESP_NODE_02,12,8,2026-05-29 18:24:09
ESP_NODE_04,3,10,2026-05-29 18:24:36
ESP_NODE_03,17,2,2026-05-29 18:25:15
ESP_NODE_01,11,5,2026-05-29 18:25:15
ESP_NODE_02,7,12,2026-05-29 18:25:15
ESP_NODE_04,6,6,2026-05-29 18:25:42
ESP_NODE_03,15,1,2026-05-29 18:26:21
ESP_NODE_01,10,2,2026-05-29 18:26:21
ESP_NODE_02,6,10,2026-05-29 18:26:21
ESP_NODE_04,8,7,2026-05-29 18:26:47
ESP_NODE_03,15,3,2026-05-29 18:27:28
ESP_NODE_01,10,8,2026-05-29 18:27:28
ESP_NODE_02,6,12,2026-05-29 18:27:28
ESP_NODE_03,14,2,2026-05-29 18:28:33
ESP_NODE_01,9,5,2026-05-29 18:28:33
ESP_NODE_02,5,8,2026-05-29 18:28:33
ESP_NODE_04,9,9,2026-05-29 18:29:08
ESP_NODE_03,21,2,2026-05-29 18:29:39
ESP_NODE_01,14,5,2026-05-29 18:29:39
ESP_NODE_02,8,11,2026-05-29 18:29:39
ESP_NODE_03,14,2,2026-05-29 18:30:45
ESP_NODE_01,9,5,2026-05-29 18:30:45
ESP_NODE_02,5,8,2026-05-29 18:30:45
ESP_NODE_04,8,7,2026-05-29 18:31:20
ESP_NODE_03,11,1,2026-05-29 18:31:51
ESP_NODE_01,7,2,2026-05-29 18:31:51
ESP_NODE_02,7,9,2026-05-29 18:31:51
ESP_NODE_04,7,10,2026-05-29 18:32:26
ESP_NODE_03,38,2,2026-05-29 18:32:57
ESP_NODE_01,25,5,2026-05-29 18:32:57
ESP_NODE_02,15,11,2026-05-29 18:32:57
ESP_NODE_04,5,15,2026-05-29 18:33:32
ESP_NODE_03,10,1,2026-05-29 18:34:03
ESP_NODE_01,7,2,2026-05-29 18:34:03
ESP_NODE_02,7,12,2026-05-29 18:34:03
ESP_NODE_04,1,8,2026-05-29 18:34:37
ESP_NODE_03,15,3,2026-05-29 18:35:08
ESP_NODE_01,10,8,2026-05-29 18:35:08
ESP_NODE_02,6,10,2026-05-29 18:35:08
ESP_NODE_04,8,9,2026-05-29 18:35:43
ESP_NODE_03,13,3,2026-05-29 18:36:14
ESP_NODE_01,8,8,2026-05-29 18:36:14
ESP_NODE_02,5,9,2026-05-29 18:36:14
ESP_NODE_04,9,7,2026-05-29 18:36:49
ESP_NODE_03,6,3,2026-05-29 18:37:20
ESP_NODE_01,4,8,2026-05-29 18:37:20
ESP_NODE_02,6,8,2026-05-29 18:37:20
ESP_NODE_04,3,6,2026-05-29 18:37:55
ESP_NODE_03,15,2,2026-05-29 18:38:26
ESP_NODE_01,10,5,2026-05-29 18:38:26
ESP_NODE_02,6,10,2026-05-29 18:38:26
ESP_NODE_03,19,4,2026-05-29 18:39:32
ESP_NODE_01,13,11,2026-05-29 18:39:32
ESP_NODE_02,7,10,2026-05-29 18:39:32
ESP_NODE_04,15,9,2026-05-29 18:40:16
ESP_NODE_03,14,3,2026-05-29 18:40:37
ESP_NODE_01,9,8,2026-05-29 18:40:37
ESP_NODE_02,5,9,2026-05-29 18:40:37
ESP_NODE_04,15,11,2026-05-29 18:41:22
ESP_NODE_03,12,1,2026-05-29 18:41:43
ESP_NODE_01,8,2,2026-05-29 18:41:43
ESP_NODE_02,5,10,2026-05-29 18:41:43
ESP_NODE_03,9,2,2026-05-29 18:42:49
ESP_NODE_01,6,5,2026-05-29 18:42:49
ESP_NODE_02,6,10,2026-05-29 18:42:49
ESP_NODE_03,10,1,2026-05-29 18:43:55
ESP_NODE_01,6,2,2026-05-29 18:43:55
ESP_NODE_02,8,9,2026-05-29 18:43:55
ESP_NODE_04,16,8,2026-05-29 18:44:58
ESP_NODE_03,5,3,2026-05-29 18:45:01
ESP_NODE_01,3,8,2026-05-29 18:45:01
ESP_NODE_02,8,11,2026-05-29 18:45:01
ESP_NODE_04,13,9,2026-05-29 18:46:04
ESP_NODE_03,11,1,2026-05-29 18:46:07
ESP_NODE_01,7,2,2026-05-29 18:46:07
ESP_NODE_02,5,10,2026-05-29 18:46:07
ESP_NODE_03,7,1,2026-05-29 18:47:13
ESP_NODE_01,4,2,2026-05-29 18:47:13
ESP_NODE_02,7,12,2026-05-29 18:47:13
ESP_NODE_03,12,2,2026-05-29 18:48:19
ESP_NODE_01,8,5,2026-05-29 18:48:19
ESP_NODE_02,5,8,2026-05-29 18:48:19
ESP_NODE_04,5,11,2026-05-29 18:48:25
ESP_NODE_03,18,1,2026-05-29 18:49:25
ESP_NODE_01,12,2,2026-05-29 18:49:25
ESP_NODE_02,7,10,2026-05-29 18:49:25
ESP_NODE_04,4,9,2026-05-29 18:49:31
ESP_NODE_03,4,0,2026-05-29 18:50:30
ESP_NODE_01,2,0,2026-05-29 18:50:30
ESP_NODE_02,8,8,2026-05-29 18:50:30
ESP_NODE_04,2,8,2026-05-29 18:50:36
ESP_NODE_03,7,0,2026-05-29 18:51:36
ESP_NODE_01,5,0,2026-05-29 18:51:36
ESP_NODE_02,6,11,2026-05-29 18:51:36
ESP_NODE_04,14,9,2026-05-29 18:51:42
ESP_NODE_03,10,2,2026-05-29 18:52:43
ESP_NODE_01,7,5,2026-05-29 18:52:43
ESP_NODE_02,5,11,2026-05-29 18:52:43
ESP_NODE_04,7,13,2026-05-29 18:52:48
ESP_NODE_03,5,0,2026-05-29 18:53:48
ESP_NODE_01,3,0,2026-05-29 18:53:48
ESP_NODE_02,8,8,2026-05-29 18:53:48
ESP_NODE_04,2,13,2026-05-29 18:53:54
ESP_NODE_03,2,0,2026-05-29 18:54:54
ESP_NODE_01,1,0,2026-05-29 18:54:54
ESP_NODE_02,5,9,2026-05-29 18:54:54
ESP_NODE_04,6,12,2026-05-29 18:55:00
ESP_NODE_03,2,0,2026-05-29 18:56:00
ESP_NODE_01,1,0,2026-05-29 18:56:00
ESP_NODE_02,5,9,2026-05-29 18:56:00
ESP_NODE_04,6,11,2026-05-29 18:56:06
ESP_NODE_03,3,1,2026-05-29 18:57:06
ESP_NODE_01,2,2,2026-05-29 18:57:06
ESP_NODE_02,6,8,2026-05-29 18:57:06
ESP_NODE_04,4,14,2026-05-29 18:57:12
ESP_NODE_03,5,0,2026-05-29 18:58:12
ESP_NODE_01,3,0,2026-05-29 18:58:12
ESP_NODE_02,5,9,2026-05-29 18:58:12
ESP_NODE_04,3,10,2026-05-29 18:58:18
ESP_NODE_04,13,13,2026-05-29 18:59:24
ESP_NODE_04,10,12,2026-05-29 19:01:36
ESP_NODE_04,18,14,2026-05-29 19:02:42
ESP_NODE_04,8,14,2026-05-29 19:03:48
ESP_NODE_04,3,16,2026-05-29 19:04:54
ESP_NODE_04,12,14,2026-05-29 19:07:06
ESP_NODE_04,16,14,2026-05-29 19:08:12
ESP_NODE_04,2,13,2026-05-29 19:09:18
ESP_NODE_04,4,14,2026-05-29 19:10:24
ESP_NODE_04,7,13,2026-05-29 19:11:30
ESP_NODE_04,8,13,2026-05-29 19:12:36
ESP_NODE_04,9,14,2026-05-29 19:13:42
ESP_NODE_04,4,13,2026-05-29 19:14:48
ESP_NODE_04,2,9,2026-05-29 19:17:09
ESP_NODE_04,4,12,2026-05-29 19:18:15
ESP_NODE_04,13,15,2026-05-29 19:19:20
ESP_NODE_04,5,15,2026-05-29 19:20:26
ESP_NODE_04,6,18,2026-05-29 19:21:32
ESP_NODE_04,5,14,2026-05-29 19:22:38
ESP_NODE_04,5,15,2026-05-29 19:23:44
ESP_NODE_04,2,15,2026-05-29 19:24:50
ESP_NODE_04,3,16,2026-05-29 19:27:02
ESP_NODE_04,14,15,2026-05-29 19:28:09
ESP_NODE_04,5,14,2026-05-29 19:29:15
ESP_NODE_04,3,17,2026-05-29 19:30:21
ESP_NODE_04,8,15,2026-05-29 19:31:27
ESP_NODE_04,6,15,2026-05-29 19:32:46
ESP_NODE_04,5,20,2026-05-29 19:33:55
ESP_NODE_04,0,16,2026-05-29 19:35:01
ESP_NODE_04,9,11,2026-05-29 19:36:07
ESP_NODE_04,11,18,2026-05-29 19:37:12
ESP_NODE_04,2,17,2026-05-29 19:38:18
ESP_NODE_04,10,16,2026-05-29 19:39:25
ESP_NODE_04,4,17,2026-05-29 19:40:31
ESP_NODE_04,10,16,2026-05-29 19:41:37
ESP_NODE_04,7,12,2026-05-29 19:42:43
ESP_NODE_04,6,13,2026-05-29 19:43:49
ESP_NODE_04,4,12,2026-05-29 19:44:55
ESP_NODE_04,6,11,2026-05-29 19:46:01
ESP_NODE_04,13,15,2026-05-29 19:47:07
ESP_NODE_04,0,16,2026-05-29 19:48:13
ESP_NODE_04,6,11,2026-05-29 19:49:19
ESP_NODE_04,5,7,2026-05-29 19:50:25
ESP_NODE_04,7,13,2026-05-29 19:52:46
ESP_NODE_04,5,13,2026-05-29 19:54:58
ESP_NODE_04,11,11,2026-05-29 19:56:04
ESP_NODE_04,11,12,2026-05-29 19:57:10
ESP_NODE_04,7,12,2026-05-29 19:58:16
ESP_NODE_04,5,10,2026-05-29 19:59:22
ESP_NODE_04,7,13,2026-05-29 20:00:28
ESP_NODE_04,3,11,2026-05-29 20:01:34
ESP_NODE_04,6,17,2026-05-29 20:02:40
ESP_NODE_04,6,18,2026-05-29 20:03:46
ESP_NODE_04,1,12,2026-05-29 20:04:52
ESP_NODE_04,1,9,2026-05-29 20:05:58
ESP_NODE_04,1,16,2026-05-29 20:07:04
ESP_NODE_04,3,14,2026-05-29 20:08:10
ESP_NODE_04,4,12,2026-05-29 20:09:16
ESP_NODE_04,2,14,2026-05-29 20:12:43
ESP_NODE_04,3,14,2026-05-29 20:13:49
ESP_NODE_04,2,13,2026-05-29 20:14:55
ESP_NODE_04,3,12,2026-05-29 20:17:16
ESP_NODE_04,5,16,2026-05-29 20:18:22
ESP_NODE_04,0,14,2026-05-29 20:19:28
ESP_NODE_04,10,15,2026-05-29 20:20:34
ESP_NODE_04,6,16,2026-05-29 20:21:39
ESP_NODE_04,7,13,2026-05-29 20:22:45
ESP_NODE_04,4,12,2026-05-29 20:23:52
ESP_NODE_04,4,13,2026-05-29 20:24:58
ESP_NODE_04,3,10,2026-05-29 20:26:04
ESP_NODE_04,3,12,2026-05-29 20:29:40
ESP_NODE_04,12,11,2026-05-29 20:30:46
ESP_NODE_04,7,11,2026-05-29 20:31:52
ESP_NODE_04,4,10,2026-05-29 20:32:58
ESP_NODE_04,5,15,2026-05-29 20:34:04
ESP_NODE_04,1,11,2026-05-29 20:35:10
ESP_NODE_04,5,14,2026-05-29 20:36:16
ESP_NODE_04,8,12,2026-05-29 20:37:22
ESP_NODE_04,14,14,2026-05-29 20:38:28
ESP_NODE_04,10,11,2026-05-29 20:39:34
ESP_NODE_04,2,12,2026-05-29 20:40:40
ESP_NODE_04,3,10,2026-05-29 20:41:46
ESP_NODE_04,6,12,2026-05-29 20:42:52
ESP_NODE_04,1,12,2026-05-29 20:43:58
ESP_NODE_04,6,10,2026-05-29 20:45:04
ESP_NODE_04,4,11,2026-05-29 20:46:10
ESP_NODE_04,11,14,2026-05-29 20:47:16
ESP_NODE_04,5,11,2026-05-29 20:48:21
ESP_NODE_04,1,9,2026-05-29 20:49:27
ESP_NODE_04,5,7,2026-05-29 20:50:47
ESP_NODE_04,4,10,2026-05-29 20:51:53
ESP_NODE_04,3,9,2026-05-29 20:54:14
ESP_NODE_04,6,9,2026-05-29 20:55:20
ESP_NODE_04,3,9,2026-05-29 20:56:26
ESP_NODE_04,3,8,2026-05-29 20:57:32
ESP_NODE_04,7,13,2026-05-29 20:58:39
ESP_NODE_04,8,11,2026-05-29 20:59:45
ESP_NODE_04,1,12,2026-05-29 21:00:50
ESP_NODE_04,5,12,2026-05-29 21:01:56
ESP_NODE_04,3,11,2026-05-29 21:03:02
ESP_NODE_04,3,11,2026-05-29 21:05:23
ESP_NODE_04,2,11,2026-05-29 21:06:29
ESP_NODE_04,1,10,2026-05-29 21:07:35
ESP_NODE_04,4,13,2026-05-29 21:08:41
ESP_NODE_04,10,10,2026-05-29 21:09:47
ESP_NODE_04,10,9,2026-05-29 21:13:23
ESP_NODE_04,7,13,2026-05-29 21:16:59
ESP_NODE_04,8,14,2026-05-29 21:18:05
ESP_NODE_04,6,14,2026-05-29 21:19:11
ESP_NODE_04,2,15,2026-05-29 21:20:17
ESP_NODE_04,2,16,2026-05-29 21:21:23
ESP_NODE_04,6,13,2026-05-29 21:22:29
ESP_NODE_04,4,14,2026-05-29 21:23:34
ESP_NODE_04,7,12,2026-05-29 21:24:40
ESP_NODE_04,15,16,2026-05-29 21:25:46
ESP_NODE_04,5,24,2026-05-29 21:26:52
ESP_NODE_04,12,17,2026-05-29 21:27:58
ESP_NODE_04,9,15,2026-05-29 21:30:10
ESP_NODE_04,7,13,2026-05-29 21:31:16
ESP_NODE_04,2,23,2026-05-29 21:33:28
ESP_NODE_04,6,12,2026-05-29 21:34:34
ESP_NODE_04,4,14,2026-05-29 21:35:40
ESP_NODE_04,8,14,2026-05-29 21:38:02
ESP_NODE_04,15,15,2026-05-29 21:40:23
ESP_NODE_04,4,14,2026-05-29 21:41:29
ESP_NODE_04,5,10,2026-05-29 21:42:35
ESP_NODE_04,2,14,2026-05-29 21:43:41
ESP_NODE_04,6,15,2026-05-29 21:44:47
ESP_NODE_04,1,14,2026-05-29 21:45:53
ESP_NODE_04,6,13,2026-05-29 21:46:59
ESP_NODE_04,7,15,2026-05-29 21:48:05
ESP_NODE_04,8,14,2026-05-29 21:49:11
ESP_NODE_04,7,14,2026-05-29 21:50:17
ESP_NODE_04,8,14,2026-05-29 21:51:23
ESP_NODE_04,7,15,2026-05-29 21:52:29
ESP_NODE_04,3,15,2026-05-29 21:53:35
ESP_NODE_04,5,12,2026-05-29 21:54:41
ESP_NODE_04,5,19,2026-05-29 21:55:47
ESP_NODE_04,5,14,2026-05-29 21:56:53
ESP_NODE_04,7,13,2026-05-29 21:57:59
ESP_NODE_04,5,14,2026-05-29 21:59:05
ESP_NODE_04,4,13,2026-05-29 22:00:11
ESP_NODE_04,1,10,2026-05-29 22:01:17
ESP_NODE_04,4,10,2026-05-29 22:02:23
ESP_NODE_04,5,8,2026-05-29 22:04:44
ESP_NODE_04,4,9,2026-05-29 22:05:50
ESP_NODE_04,5,10,2026-05-29 22:06:56
ESP_NODE_04,4,10,2026-05-29 22:08:02
ESP_NODE_04,4,9,2026-05-29 22:09:08
ESP_NODE_04,7,12,2026-05-29 22:10:14
ESP_NODE_04,2,11,2026-05-29 22:12:36
ESP_NODE_04,8,12,2026-05-29 22:13:42
ESP_NODE_04,8,9,2026-05-29 22:14:48
ESP_NODE_04,2,9,2026-05-29 22:18:15
ESP_NODE_04,1,7,2026-05-29 22:20:36
ESP_NODE_04,2,8,2026-05-29 22:22:57
ESP_NODE_04,4,8,2026-05-29 22:24:03
ESP_NODE_04,1,8,2026-05-29 22:25:09
ESP_NODE_04,3,7,2026-05-29 22:27:30
ESP_NODE_04,3,8,2026-05-29 22:28:36
ESP_NODE_04,1,9,2026-05-29 22:29:42
ESP_NODE_04,5,7,2026-05-29 22:30:48
ESP_NODE_04,2,6,2026-05-29 22:31:54
ESP_NODE_04,4,7,2026-05-29 22:33:00
ESP_NODE_04,8,6,2026-05-29 22:34:06
ESP_NODE_04,0,8,2026-05-29 22:35:12
ESP_NODE_04,1,5,2026-05-29 22:36:18
ESP_NODE_04,6,7,2026-05-29 22:37:24
ESP_NODE_04,0,7,2026-05-29 22:38:30
ESP_NODE_04,5,5,2026-05-29 22:39:36
ESP_NODE_04,3,5,2026-05-29 22:40:42
ESP_NODE_04,3,7,2026-05-29 22:43:03
ESP_NODE_04,1,7,2026-05-29 22:45:15
ESP_NODE_04,2,7,2026-05-29 22:46:21
ESP_NODE_04,1,5,2026-05-29 22:47:27
ESP_NODE_04,4,11,2026-05-29 22:48:33
ESP_NODE_04,3,5,2026-05-29 22:49:39
ESP_NODE_04,2,9,2026-05-29 22:50:45
ESP_NODE_04,2,5,2026-05-29 22:51:51
ESP_NODE_04,2,7,2026-05-29 22:52:57
ESP_NODE_04,2,7,2026-05-29 22:54:03
ESP_NODE_04,4,5,2026-05-29 22:55:09
ESP_NODE_04,3,4,2026-05-29 22:56:15
ESP_NODE_04,1,4,2026-05-29 22:57:21
ESP_NODE_04,2,7,2026-05-29 22:58:27
ESP_NODE_04,2,5,2026-05-29 22:59:33
ESP_NODE_04,2,7,2026-05-29 23:00:39
ESP_NODE_04,2,7,2026-05-29 23:01:45
ESP_NODE_04,2,4,2026-05-29 23:02:51
ESP_NODE_04,0,4,2026-05-29 23:03:57
ESP_NODE_04,1,7,2026-05-29 23:05:03
ESP_NODE_04,4,8,2026-05-29 23:06:09
ESP_NODE_04,1,9,2026-05-29 23:07:15
ESP_NODE_04,1,8,2026-05-29 23:08:21
ESP_NODE_04,3,11,2026-05-29 23:09:27
ESP_NODE_04,3,7,2026-05-29 23:11:39
ESP_NODE_04,1,7,2026-05-29 23:12:45
ESP_NODE_04,1,5,2026-05-29 23:15:07
ESP_NODE_04,6,5,2026-05-29 23:16:13
ESP_NODE_04,6,7,2026-05-29 23:17:19
ESP_NODE_04,4,4,2026-05-29 23:18:25
ESP_NODE_04,1,5,2026-05-29 23:19:31
ESP_NODE_04,1,6,2026-05-29 23:20:37
ESP_NODE_04,5,5,2026-05-29 23:21:43
ESP_NODE_04,3,6,2026-05-29 23:24:04
ESP_NODE_04,5,4,2026-05-29 23:25:10
ESP_NODE_04,4,6,2026-05-29 23:26:16
ESP_NODE_04,0,4,2026-05-29 23:27:22
ESP_NODE_04,0,5,2026-05-29 23:28:28
ESP_NODE_04,1,5,2026-05-29 23:29:34
ESP_NODE_04,0,3,2026-05-29 23:31:55
ESP_NODE_04,0,2,2026-05-29 23:33:01
ESP_NODE_04,0,5,2026-05-29 23:35:22
ESP_NODE_04,1,5,2026-05-29 23:37:34
ESP_NODE_04,0,4,2026-05-29 23:38:40
ESP_NODE_04,1,3,2026-05-29 23:39:46
ESP_NODE_04,0,5,2026-05-29 23:41:02
ESP_NODE_04,1,4,2026-05-29 23:42:08
ESP_NODE_04,0,4,2026-05-29 23:43:14
ESP_NODE_04,0,3,2026-05-29 23:44:19
ESP_NODE_04,1,3,2026-05-29 23:45:26
ESP_NODE_04,1,3,2026-05-29 23:46:32
ESP_NODE_04,0,4,2026-05-29 23:47:37
ESP_NODE_04,0,3,2026-05-29 23:58:43
ESP_NODE_04,0,4,2026-05-29 23:59:49
ESP_NODE_04,0,4,2026-05-30 00:01:06
ESP_NODE_04,2,5,2026-05-30 00:02:12
ESP_NODE_04,1,6,2026-05-30 00:04:36
ESP_NODE_04,0,3,2026-05-30 00:08:12
ESP_NODE_04,0,4,2026-05-30 00:09:18
ESP_NODE_04,2,4,2026-05-30 00:10:25
ESP_NODE_04,1,4,2026-05-30 00:11:31
ESP_NODE_04,0,3,2026-05-30 00:12:37
ESP_NODE_04,1,3,2026-05-30 00:13:43
ESP_NODE_04,0,3,2026-05-30 00:15:02
ESP_NODE_04,2,3,2026-05-30 00:16:08
ESP_NODE_04,3,5,2026-05-30 00:17:14
ESP_NODE_04,1,2,2026-05-30 00:18:20
ESP_NODE_04,0,3,2026-05-30 00:19:26
ESP_NODE_04,1,4,2026-05-30 00:20:41
ESP_NODE_04,1,3,2026-05-30 00:21:48
ESP_NODE_04,0,3,2026-05-30 00:22:54
ESP_NODE_04,1,3,2026-05-30 00:24:00
ESP_NODE_04,0,4,2026-05-30 00:26:12
ESP_NODE_04,0,4,2026-05-30 00:27:18
ESP_NODE_04,1,3,2026-05-30 00:28:24
ESP_NODE_04,0,4,2026-05-30 00:29:30
ESP_NODE_04,1,3,2026-05-30 00:31:57
ESP_NODE_04,0,4,2026-05-30 00:33:03
ESP_NODE_04,0,3,2026-05-30 00:34:09
ESP_NODE_04,1,3,2026-05-30 00:36:30
ESP_NODE_04,0,1,2026-05-30 00:38:42
ESP_NODE_04,0,1,2026-05-30 00:39:49
ESP_NODE_04,0,1,2026-05-30 00:40:55
ESP_NODE_04,6,2,2026-05-30 00:44:31
ESP_NODE_04,5,5,2026-05-30 00:45:37
ESP_NODE_04,3,3,2026-05-30 00:46:43
ESP_NODE_04,1,2,2026-05-30 00:47:49
ESP_NODE_04,4,1,2026-05-30 00:48:55
ESP_NODE_04,0,2,2026-05-30 00:50:01
ESP_NODE_04,5,2,2026-05-30 00:53:28
ESP_NODE_04,7,3,2026-05-30 00:54:34
ESP_NODE_04,1,2,2026-05-30 00:56:55
ESP_NODE_04,1,2,2026-05-30 00:58:01
ESP_NODE_04,3,2,2026-05-30 00:59:07
ESP_NODE_04,0,0,2026-05-30 01:02:43
ESP_NODE_04,0,0,2026-05-30 01:03:49
ESP_NODE_04,0,0,2026-05-30 01:04:56
ESP_NODE_04,0,0,2026-05-30 01:06:02
ESP_NODE_04,0,0,2026-05-30 01:07:08
ESP_NODE_04,0,0,2026-05-30 01:10:56
ESP_NODE_04,0,0,2026-05-30 01:12:02
ESP_NODE_04,0,0,2026-05-30 01:13:21
ESP_NODE_04,0,0,2026-05-30 01:14:27
ESP_NODE_04,0,0,2026-05-30 01:15:33
ESP_NODE_04,0,0,2026-05-30 01:16:40
ESP_NODE_04,0,0,2026-05-30 01:19:01
ESP_NODE_04,0,0,2026-05-30 01:20:07
ESP_NODE_04,0,0,2026-05-30 01:21:13
ESP_NODE_04,0,0,2026-05-30 01:22:19
ESP_NODE_04,0,0,2026-05-30 01:23:25
ESP_NODE_04,0,0,2026-05-30 01:24:31
ESP_NODE_04,0,0,2026-05-30 01:25:45
ESP_NODE_04,0,0,2026-05-30 01:28:07
ESP_NODE_04,0,0,2026-05-30 01:29:13
ESP_NODE_04,0,0,2026-05-30 01:30:19
ESP_NODE_04,0,0,2026-05-30 01:31:25
ESP_NODE_04,0,0,2026-05-30 01:32:31
ESP_NODE_04,0,0,2026-05-30 01:33:37
ESP_NODE_04,0,0,2026-05-30 01:34:43
ESP_NODE_04,0,0,2026-05-30 01:36:01
ESP_NODE_04,0,0,2026-05-30 01:37:20
ESP_NODE_04,0,0,2026-05-30 01:38:26
ESP_NODE_04,0,0,2026-05-30 01:39:44
ESP_NODE_04,0,0,2026-05-30 01:42:05
ESP_NODE_04,2,2,2026-05-30 01:43:11
ESP_NODE_04,0,0,2026-05-30 01:44:17
ESP_NODE_04,0,0,2026-05-30 01:45:23
ESP_NODE_04,0,0,2026-05-30 01:46:37
ESP_NODE_04,0,0,2026-05-30 01:48:58
ESP_NODE_04,0,0,2026-05-30 01:50:04
ESP_NODE_04,0,0,2026-05-30 01:51:10
ESP_NODE_04,0,0,2026-05-30 01:52:16
ESP_NODE_04,0,0,2026-05-30 01:53:22
ESP_NODE_04,0,0,2026-05-30 01:54:29
ESP_NODE_04,0,0,2026-05-30 01:55:42
ESP_NODE_04,0,0,2026-05-30 01:56:49
ESP_NODE_04,0,0,2026-05-30 01:57:55
ESP_NODE_04,0,0,2026-05-30 01:59:01
ESP_NODE_04,0,0,2026-05-30 02:00:07
ESP_NODE_04,0,0,2026-05-30 02:01:13
ESP_NODE_04,0,0,2026-05-30 02:02:19
ESP_NODE_04,0,0,2026-05-30 02:04:40
ESP_NODE_04,0,0,2026-05-30 02:05:46
ESP_NODE_04,0,0,2026-05-30 02:09:22
ESP_NODE_04,0,0,2026-05-30 02:10:28
ESP_NODE_04,0,0,2026-05-30 02:11:44
ESP_NODE_04,0,0,2026-05-30 02:13:00
ESP_NODE_04,0,0,2026-05-30 02:15:21
ESP_NODE_04,0,0,2026-05-30 02:16:32
ESP_NODE_04,0,0,2026-05-30 02:17:37
ESP_NODE_04,0,0,2026-05-30 02:18:43
ESP_NODE_04,0,0,2026-05-30 02:19:49
ESP_NODE_04,0,0,2026-05-30 02:20:55
ESP_NODE_04,0,0,2026-05-30 02:22:01
ESP_NODE_04,0,0,2026-05-30 02:23:07
ESP_NODE_04,0,0,2026-05-30 02:24:13
ESP_NODE_04,0,0,2026-05-30 02:25:19
ESP_NODE_04,0,0,2026-05-30 02:26:25
ESP_NODE_04,0,0,2026-05-30 02:28:47
ESP_NODE_04,0,0,2026-05-30 02:32:23
ESP_NODE_04,0,0,2026-05-30 02:33:29
ESP_NODE_04,0,0,2026-05-30 02:37:05
ESP_NODE_04,0,0,2026-05-30 02:38:20
ESP_NODE_04,0,0,2026-05-30 02:39:26
ESP_NODE_04,0,0,2026-05-30 02:40:32
ESP_NODE_04,0,0,2026-05-30 02:41:50
ESP_NODE_04,0,0,2026-05-30 02:42:56
ESP_NODE_04,0,0,2026-05-30 02:44:10
ESP_NODE_04,0,0,2026-05-30 02:45:17
ESP_NODE_04,0,0,2026-05-30 02:46:31
ESP_NODE_04,0,0,2026-05-30 02:48:43
ESP_NODE_04,1,0,2026-05-30 02:49:49
ESP_NODE_04,0,0,2026-05-30 02:50:55
ESP_NODE_04,0,0,2026-05-30 02:52:01
ESP_NODE_04,0,0,2026-05-30 02:53:07
ESP_NODE_04,0,0,2026-05-30 02:54:25
ESP_NODE_04,0,0,2026-05-30 02:56:37
ESP_NODE_04,0,0,2026-05-30 02:57:43
ESP_NODE_04,0,0,2026-05-30 03:00:04
ESP_NODE_04,0,0,2026-05-30 03:01:18
ESP_NODE_04,0,0,2026-05-30 03:02:25
ESP_NODE_04,0,0,2026-05-30 03:03:31
ESP_NODE_04,0,0,2026-05-30 03:04:37
ESP_NODE_04,0,0,2026-05-30 03:05:43
ESP_NODE_04,0,0,2026-05-30 03:06:49
ESP_NODE_04,0,0,2026-05-30 03:07:55
ESP_NODE_04,0,0,2026-05-30 03:09:01
ESP_NODE_04,0,0,2026-05-30 03:10:07
ESP_NODE_04,0,0,2026-05-30 03:12:28
ESP_NODE_04,0,0,2026-05-30 03:13:34
ESP_NODE_04,0,0,2026-05-30 03:14:40
ESP_NODE_04,0,0,2026-05-30 03:15:46
ESP_NODE_04,7,0,2026-05-30 03:16:52
ESP_NODE_04,0,0,2026-05-30 03:17:58
ESP_NODE_04,0,0,2026-05-30 03:19:04
ESP_NODE_04,0,0,2026-05-30 03:20:10
ESP_NODE_04,0,0,2026-05-30 03:22:31
ESP_NODE_04,0,0,2026-05-30 03:23:38
ESP_NODE_04,0,0,2026-05-30 03:24:44
ESP_NODE_04,0,0,2026-05-30 03:26:02
ESP_NODE_04,0,0,2026-05-30 03:27:17
ESP_NODE_04,0,0,2026-05-30 03:29:38
ESP_NODE_04,0,0,2026-05-30 03:31:59
ESP_NODE_04,0,0,2026-05-30 03:33:05
ESP_NODE_04,0,0,2026-05-30 03:34:11
ESP_NODE_04,0,0,2026-05-30 03:35:17
ESP_NODE_04,0,0,2026-05-30 03:36:32
ESP_NODE_04,0,0,2026-05-30 03:37:38
ESP_NODE_04,0,0,2026-05-30 03:38:44
ESP_NODE_04,0,0,2026-05-30 03:41:05
ESP_NODE_04,0,0,2026-05-30 03:42:11
ESP_NODE_04,0,0,2026-05-30 03:43:17
ESP_NODE_04,0,0,2026-05-30 03:48:08
ESP_NODE_04,0,0,2026-05-30 03:49:14
ESP_NODE_04,0,0,2026-05-30 03:51:35
ESP_NODE_04,0,0,2026-05-30 03:52:41
ESP_NODE_04,0,0,2026-05-30 03:54:54
ESP_NODE_04,0,0,2026-05-30 03:57:06
ESP_NODE_04,0,0,2026-05-30 03:59:27
ESP_NODE_04,0,0,2026-05-30 04:01:48
ESP_NODE_04,0,0,2026-05-30 04:02:54
ESP_NODE_04,0,0,2026-05-30 04:04:00
ESP_NODE_04,0,0,2026-05-30 04:05:06
ESP_NODE_04,0,0,2026-05-30 04:07:27
ESP_NODE_04,0,0,2026-05-30 04:09:48
ESP_NODE_04,0,0,2026-05-30 04:10:54
ESP_NODE_04,0,0,2026-05-30 04:13:15
ESP_NODE_04,0,0,2026-05-30 04:14:22
ESP_NODE_04,0,0,2026-05-30 04:16:43
ESP_NODE_04,0,0,2026-05-30 04:17:49
ESP_NODE_04,0,0,2026-05-30 04:18:55
ESP_NODE_04,0,0,2026-05-30 04:20:01
ESP_NODE_04,1,0,2026-05-30 04:21:07
ESP_NODE_04,0,0,2026-05-30 04:22:13
ESP_NODE_04,0,0,2026-05-30 04:23:19
ESP_NODE_04,0,0,2026-05-30 04:24:25
ESP_NODE_04,0,0,2026-05-30 04:26:46
ESP_NODE_04,0,0,2026-05-30 04:27:52
ESP_NODE_04,0,0,2026-05-30 04:28:58
ESP_NODE_04,0,0,2026-05-30 04:31:19
ESP_NODE_04,0,0,2026-05-30 04:33:40
ESP_NODE_04,0,0,2026-05-30 04:35:51
ESP_NODE_04,0,0,2026-05-30 04:36:57
ESP_NODE_04,0,0,2026-05-30 04:38:03
ESP_NODE_04,0,0,2026-05-30 04:39:10
ESP_NODE_04,0,0,2026-05-30 04:40:15
ESP_NODE_04,0,0,2026-05-30 04:41:21
ESP_NODE_04,0,0,2026-05-30 04:42:28
ESP_NODE_04,0,0,2026-05-30 04:43:33
ESP_NODE_04,0,0,2026-05-30 04:44:45
ESP_NODE_04,0,0,2026-05-30 04:45:51
ESP_NODE_04,0,0,2026-05-30 04:46:57
ESP_NODE_04,0,0,2026-05-30 04:48:03
ESP_NODE_04,0,0,2026-05-30 04:49:09
ESP_NODE_04,0,0,2026-05-30 04:51:30
ESP_NODE_04,0,0,2026-05-30 04:52:44
ESP_NODE_04,0,0,2026-05-30 04:53:50
ESP_NODE_04,0,0,2026-05-30 04:57:26
ESP_NODE_04,0,0,2026-05-30 04:58:32
ESP_NODE_04,0,0,2026-05-30 04:59:39
ESP_NODE_04,0,0,2026-05-30 05:07:00
ESP_NODE_04,1,0,2026-05-30 05:08:07
ESP_NODE_04,1,0,2026-05-30 05:09:13
ESP_NODE_04,2,0,2026-05-30 05:11:36
ESP_NODE_04,0,0,2026-05-30 05:15:16
ESP_NODE_04,0,0,2026-05-30 05:17:39
ESP_NODE_04,0,0,2026-05-30 05:18:45
ESP_NODE_04,0,0,2026-05-30 05:19:51
ESP_NODE_04,0,0,2026-05-30 05:20:57
ESP_NODE_04,0,0,2026-05-30 05:23:18
ESP_NODE_04,0,0,2026-05-30 05:24:25
ESP_NODE_04,0,0,2026-05-30 05:25:31
ESP_NODE_04,0,0,2026-05-30 05:26:37
ESP_NODE_04,0,0,2026-05-30 05:27:44
ESP_NODE_04,0,0,2026-05-30 05:28:50
ESP_NODE_04,0,0,2026-05-30 05:29:56
ESP_NODE_04,0,0,2026-05-30 05:31:02
ESP_NODE_04,0,0,2026-05-30 05:32:08
ESP_NODE_04,0,0,2026-05-30 05:34:21
ESP_NODE_04,0,0,2026-05-30 05:35:27
ESP_NODE_04,0,0,2026-05-30 05:39:52
ESP_NODE_04,0,0,2026-05-30 05:40:58
ESP_NODE_04,0,0,2026-05-30 05:42:04
ESP_NODE_04,0,0,2026-05-30 05:43:10
ESP_NODE_04,0,0,2026-05-30 05:44:17
ESP_NODE_04,0,0,2026-05-30 05:45:23
ESP_NODE_04,0,0,2026-05-30 05:46:29
ESP_NODE_04,0,0,2026-05-30 05:47:35
ESP_NODE_04,0,0,2026-05-30 05:48:41
ESP_NODE_04,0,0,2026-05-30 05:49:48
ESP_NODE_04,1,0,2026-05-30 05:50:54
ESP_NODE_04,1,0,2026-05-30 05:52:00
ESP_NODE_04,0,0,2026-05-30 05:53:06
ESP_NODE_04,0,0,2026-05-30 05:54:12
ESP_NODE_04,0,0,2026-05-30 05:55:19
ESP_NODE_04,0,0,2026-05-30 05:56:25
ESP_NODE_04,0,0,2026-05-30 05:59:53
ESP_NODE_04,0,0,2026-05-30 06:00:59
ESP_NODE_04,0,0,2026-05-30 06:03:20
ESP_NODE_04,0,0,2026-05-30 06:05:42
ESP_NODE_04,0,0,2026-05-30 06:08:03
ESP_NODE_04,0,0,2026-05-30 06:09:09
ESP_NODE_04,0,0,2026-05-30 06:10:15
ESP_NODE_04,0,0,2026-05-30 06:11:21
ESP_NODE_04,0,0,2026-05-30 06:12:27
ESP_NODE_04,1,0,2026-05-30 06:13:34
ESP_NODE_04,0,0,2026-05-30 06:15:55
ESP_NODE_04,0,0,2026-05-30 06:17:01
ESP_NODE_04,0,0,2026-05-30 06:20:20
ESP_NODE_04,0,0,2026-05-30 06:22:41
ESP_NODE_04,0,0,2026-05-30 06:23:47
ESP_NODE_04,0,0,2026-05-30 06:26:09
ESP_NODE_04,0,0,2026-05-30 06:27:15
ESP_NODE_04,0,0,2026-05-30 06:29:36
ESP_NODE_04,0,0,2026-05-30 06:31:57
ESP_NODE_04,0,0,2026-05-30 06:33:03
ESP_NODE_04,0,0,2026-05-30 06:34:10
ESP_NODE_04,0,0,2026-05-30 06:36:31
ESP_NODE_04,0,0,2026-05-30 06:37:37
ESP_NODE_04,0,0,2026-05-30 06:40:00
ESP_NODE_04,0,0,2026-05-30 06:41:11
ESP_NODE_04,0,0,2026-05-30 06:45:49
ESP_NODE_04,0,0,2026-05-30 06:46:55
ESP_NODE_04,0,0,2026-05-30 06:49:16
ESP_NODE_04,0,0,2026-05-30 06:51:38
ESP_NODE_04,0,0,2026-05-30 06:52:44
ESP_NODE_04,0,0,2026-05-30 06:55:05
ESP_NODE_04,0,0,2026-05-30 06:57:26
ESP_NODE_04,0,0,2026-05-30 06:58:33
ESP_NODE_04,0,0,2026-05-30 07:00:54
ESP_NODE_04,0,0,2026-05-30 07:03:15
ESP_NODE_04,0,0,2026-05-30 07:04:21
ESP_NODE_04,0,0,2026-05-30 07:06:33
ESP_NODE_04,0,0,2026-05-30 07:07:40
ESP_NODE_04,0,0,2026-05-30 07:08:46
ESP_NODE_04,0,0,2026-05-30 07:09:52
ESP_NODE_04,0,0,2026-05-30 07:12:13
ESP_NODE_04,0,0,2026-05-30 07:13:20
ESP_NODE_04,0,0,2026-05-30 07:15:41
ESP_NODE_04,0,0,2026-05-30 07:18:02
ESP_NODE_04,0,0,2026-05-30 07:20:14
ESP_NODE_04,0,0,2026-05-30 07:22:35
ESP_NODE_04,0,0,2026-05-30 07:23:41
ESP_NODE_04,0,0,2026-05-30 07:25:53
ESP_NODE_04,0,0,2026-05-30 07:28:14
ESP_NODE_04,0,0,2026-05-30 07:29:21
ESP_NODE_04,0,0,2026-05-30 07:31:42
ESP_NODE_04,0,0,2026-05-30 07:34:03
ESP_NODE_04,0,0,2026-05-30 07:35:09
ESP_NODE_04,0,0,2026-05-30 07:37:31
ESP_NODE_04,0,0,2026-05-30 07:39:52
ESP_NODE_04,0,0,2026-05-30 07:42:13
ESP_NODE_04,0,0,2026-05-30 07:43:19
ESP_NODE_04,0,0,2026-05-30 07:44:25
ESP_NODE_04,0,0,2026-05-30 07:49:00
ESP_NODE_04,0,0,2026-05-30 07:50:06
ESP_NODE_04,0,0,2026-05-30 07:51:12
ESP_NODE_04,0,0,2026-05-30 07:52:18
ESP_NODE_04,0,0,2026-05-30 07:54:30
ESP_NODE_04,0,0,2026-05-30 07:55:36
ESP_NODE_04,0,0,2026-05-30 07:57:57
ESP_NODE_04,0,0,2026-05-30 08:00:18
ESP_NODE_04,0,0,2026-05-30 08:01:24
ESP_NODE_04,0,0,2026-05-30 08:02:30
ESP_NODE_04,0,0,2026-05-30 08:03:37
ESP_NODE_04,0,0,2026-05-30 08:05:49
ESP_NODE_04,1,0,2026-05-30 08:06:55
ESP_NODE_04,0,0,2026-05-30 08:09:07
ESP_NODE_04,0,0,2026-05-30 08:10:13
ESP_NODE_04,0,0,2026-05-30 08:11:19
ESP_NODE_04,0,0,2026-05-30 08:12:25
ESP_NODE_04,0,0,2026-05-30 08:13:31
ESP_NODE_04,0,0,2026-05-30 08:14:37
ESP_NODE_04,0,0,2026-05-30 08:15:44
ESP_NODE_04,0,0,2026-05-30 08:16:50
ESP_NODE_04,0,0,2026-05-30 08:17:56
ESP_NODE_04,0,0,2026-05-30 08:19:02
ESP_NODE_04,0,0,2026-05-30 08:20:08
ESP_NODE_04,0,0,2026-05-30 08:21:14
ESP_NODE_04,0,0,2026-05-30 08:22:21
ESP_NODE_04,1,0,2026-05-30 08:23:27
ESP_NODE_04,0,0,2026-05-30 08:24:32
ESP_NODE_04,0,0,2026-05-30 08:25:38
ESP_NODE_04,0,0,2026-05-30 08:26:44
ESP_NODE_04,0,0,2026-05-30 08:27:50
ESP_NODE_04,0,0,2026-05-30 08:28:57
ESP_NODE_04,0,0,2026-05-30 08:30:03
ESP_NODE_04,0,0,2026-05-30 08:31:09
ESP_NODE_04,0,0,2026-05-30 08:32:15
ESP_NODE_04,1,0,2026-05-30 08:33:22
ESP_NODE_04,0,0,2026-05-30 08:34:28
ESP_NODE_04,0,0,2026-05-30 08:35:34
ESP_NODE_04,1,0,2026-05-30 08:36:40
ESP_NODE_04,2,0,2026-05-30 08:37:45
ESP_NODE_04,1,0,2026-05-30 08:38:52
ESP_NODE_04,0,0,2026-05-30 08:41:13
ESP_NODE_04,1,0,2026-05-30 08:43:34
ESP_NODE_04,0,0,2026-05-30 08:44:40
ESP_NODE_04,0,0,2026-05-30 08:45:46
ESP_NODE_04,0,0,2026-05-30 08:46:52
ESP_NODE_04,0,0,2026-05-30 08:47:58
ESP_NODE_04,0,0,2026-05-30 08:49:04
ESP_NODE_04,0,0,2026-05-30 08:50:10
ESP_NODE_04,0,0,2026-05-30 08:51:16
ESP_NODE_04,0,0,2026-05-30 08:52:22
ESP_NODE_04,0,0,2026-05-30 08:54:34
ESP_NODE_04,0,0,2026-05-30 08:55:40
ESP_NODE_04,0,0,2026-05-30 08:56:47
ESP_NODE_04,0,0,2026-05-30 08:57:53
ESP_NODE_04,0,0,2026-05-30 08:58:59
ESP_NODE_04,0,0,2026-05-30 09:00:05
ESP_NODE_04,0,0,2026-05-30 09:01:11
ESP_NODE_04,0,0,2026-05-30 09:03:32
ESP_NODE_04,0,0,2026-05-30 09:04:38
ESP_NODE_04,0,0,2026-05-30 09:05:44
ESP_NODE_04,0,0,2026-05-30 09:06:51
ESP_NODE_04,2,0,2026-05-30 09:07:57
ESP_NODE_04,0,0,2026-05-30 09:09:03
ESP_NODE_04,0,0,2026-05-30 09:10:09
ESP_NODE_04,0,0,2026-05-30 09:11:15
ESP_NODE_04,0,0,2026-05-30 09:12:21
ESP_NODE_04,0,0,2026-05-30 09:13:28
ESP_NODE_01,0,0,2026-05-30 09:13:48
ESP_NODE_02,2,5,2026-05-30 09:13:48
ESP_NODE_04,0,0,2026-05-30 09:14:34
ESP_NODE_01,0,2,2026-05-30 09:14:55
ESP_NODE_02,2,6,2026-05-30 09:14:55
ESP_NODE_04,0,0,2026-05-30 09:15:40
ESP_NODE_01,1,1,2026-05-30 09:16:01
ESP_NODE_02,4,4,2026-05-30 09:16:01
ESP_NODE_04,0,0,2026-05-30 09:16:46
ESP_NODE_01,0,1,2026-05-30 09:17:07
ESP_NODE_02,3,4,2026-05-30 09:17:07
ESP_NODE_04,0,0,2026-05-30 09:17:52
ESP_NODE_01,0,1,2026-05-30 09:18:13
ESP_NODE_02,3,4,2026-05-30 09:18:13
ESP_NODE_04,1,0,2026-05-30 09:18:58
ESP_NODE_01,0,1,2026-05-30 09:19:19
ESP_NODE_02,3,4,2026-05-30 09:19:19
ESP_NODE_04,0,0,2026-05-30 09:20:04
ESP_NODE_01,0,1,2026-05-30 09:20:25
ESP_NODE_02,3,4,2026-05-30 09:20:25
ESP_NODE_01,1,1,2026-05-30 09:21:31
ESP_NODE_02,3,4,2026-05-30 09:21:31
ESP_NODE_04,0,0,2026-05-30 09:22:25
ESP_NODE_01,0,1,2026-05-30 09:22:37
ESP_NODE_02,4,5,2026-05-30 09:22:37
ESP_NODE_04,0,0,2026-05-30 09:23:32
ESP_NODE_01,1,1,2026-05-30 09:23:43
ESP_NODE_02,3,4,2026-05-30 09:23:43
ESP_NODE_04,0,0,2026-05-30 09:24:38
ESP_NODE_01,0,3,2026-05-30 09:24:49
ESP_NODE_02,3,4,2026-05-30 09:24:49
ESP_NODE_04,0,0,2026-05-30 09:25:44
ESP_NODE_01,0,1,2026-05-30 09:25:55
ESP_NODE_02,2,5,2026-05-30 09:25:55
ESP_NODE_04,0,0,2026-05-30 09:26:50
ESP_NODE_01,0,3,2026-05-30 09:27:02
ESP_NODE_02,4,5,2026-05-30 09:27:02
ESP_NODE_04,1,0,2026-05-30 09:27:56
ESP_NODE_01,0,3,2026-05-30 09:28:08
ESP_NODE_02,3,4,2026-05-30 09:28:08
ESP_NODE_04,0,0,2026-05-30 09:29:02
ESP_NODE_01,1,1,2026-05-30 09:29:14
ESP_NODE_02,3,6,2026-05-30 09:29:14
ESP_NODE_04,0,0,2026-05-30 09:30:09
ESP_NODE_04,0,0,2026-05-30 09:31:14
ESP_NODE_01,0,1,2026-05-30 09:31:26
ESP_NODE_02,4,4,2026-05-30 09:31:26
ESP_NODE_01,1,1,2026-05-30 09:32:32
ESP_NODE_02,3,4,2026-05-30 09:32:32
ESP_NODE_04,1,0,2026-05-30 09:33:26
ESP_NODE_01,1,2,2026-05-30 09:33:38
ESP_NODE_02,4,5,2026-05-30 09:33:38
ESP_NODE_04,0,0,2026-05-30 09:34:33
ESP_NODE_01,1,4,2026-05-30 09:34:44
ESP_NODE_02,3,6,2026-05-30 09:34:44
ESP_NODE_04,0,0,2026-05-30 09:35:39
ESP_NODE_01,0,1,2026-05-30 09:35:50
ESP_NODE_02,4,4,2026-05-30 09:35:50
ESP_NODE_04,0,0,2026-05-30 09:36:45
ESP_NODE_01,1,1,2026-05-30 09:36:56
ESP_NODE_02,3,5,2026-05-30 09:36:56
ESP_NODE_04,0,0,2026-05-30 09:39:06
ESP_NODE_01,0,1,2026-05-30 09:39:17
ESP_NODE_02,3,5,2026-05-30 09:39:17
ESP_NODE_01,0,1,2026-05-30 09:40:23
ESP_NODE_02,3,5,2026-05-30 09:40:23
ESP_NODE_01,0,2,2026-05-30 09:41:29
ESP_NODE_02,3,5,2026-05-30 09:41:29
ESP_NODE_04,0,0,2026-05-30 09:42:24
ESP_NODE_01,1,1,2026-05-30 09:42:34
ESP_NODE_02,3,4,2026-05-30 09:42:34
ESP_NODE_04,1,0,2026-05-30 09:43:30
ESP_NODE_01,1,1,2026-05-30 09:43:41
ESP_NODE_02,3,4,2026-05-30 09:43:41
ESP_NODE_04,0,0,2026-05-30 09:44:36
ESP_NODE_01,3,2,2026-05-30 09:44:47
ESP_NODE_02,3,4,2026-05-30 09:44:47
ESP_NODE_04,0,0,2026-05-30 09:45:42
ESP_NODE_01,1,1,2026-05-30 09:45:53
ESP_NODE_02,4,5,2026-05-30 09:45:53
ESP_NODE_01,1,2,2026-05-30 09:46:59
ESP_NODE_02,2,5,2026-05-30 09:46:59
ESP_NODE_01,0,2,2026-05-30 09:48:05
ESP_NODE_02,4,6,2026-05-30 09:48:05
ESP_NODE_01,0,1,2026-05-30 09:50:17
ESP_NODE_02,2,4,2026-05-30 09:50:17
ESP_NODE_01,1,1,2026-05-30 09:51:23
ESP_NODE_02,3,5,2026-05-30 09:51:23
ESP_NODE_04,0,0,2026-05-30 09:51:40
ESP_NODE_01,0,3,2026-05-30 09:52:29
ESP_NODE_02,4,6,2026-05-30 09:52:29
ESP_NODE_01,1,1,2026-05-30 09:53:35
ESP_NODE_02,3,5,2026-05-30 09:53:35
ESP_NODE_04,0,0,2026-05-30 09:53:52
ESP_NODE_01,0,1,2026-05-30 09:54:41
ESP_NODE_02,4,5,2026-05-30 09:54:41
ESP_NODE_04,3,0,2026-05-30 09:54:58
ESP_NODE_01,1,5,2026-05-30 09:55:47
ESP_NODE_02,3,5,2026-05-30 09:55:47
ESP_NODE_01,1,2,2026-05-30 09:56:53
ESP_NODE_02,3,5,2026-05-30 09:56:53
ESP_NODE_04,0,0,2026-05-30 09:57:19
ESP_NODE_01,1,2,2026-05-30 09:57:59
ESP_NODE_02,4,4,2026-05-30 09:57:59
ESP_NODE_04,0,0,2026-05-30 09:58:26
ESP_NODE_04,0,0,2026-05-30 09:59:32
ESP_NODE_01,3,5,2026-05-30 10:00:11
ESP_NODE_02,2,5,2026-05-30 10:00:11
ESP_NODE_04,0,0,2026-05-30 10:00:38
ESP_NODE_01,3,4,2026-05-30 10:01:18
ESP_NODE_02,2,5,2026-05-30 10:01:18
ESP_NODE_04,0,0,2026-05-30 10:01:44
ESP_NODE_01,4,5,2026-05-30 10:02:24
ESP_NODE_02,2,4,2026-05-30 10:02:24
ESP_NODE_04,0,0,2026-05-30 10:02:50
ESP_NODE_01,9,24,2026-05-30 10:03:30
ESP_NODE_02,5,8,2026-05-30 10:03:30
ESP_NODE_04,0,0,2026-05-30 10:03:56
ESP_NODE_01,13,23,2026-05-30 10:04:36
ESP_NODE_02,7,8,2026-05-30 10:04:36
ESP_NODE_04,0,0,2026-05-30 10:05:02
ESP_NODE_01,20,37,2026-05-30 10:05:42
ESP_NODE_02,12,14,2026-05-30 10:05:42
ESP_NODE_04,0,0,2026-05-30 10:06:08
ESP_NODE_04,0,0,2026-05-30 10:07:15
ESP_NODE_01,22,34,2026-05-30 10:07:55
ESP_NODE_02,13,12,2026-05-30 10:07:55
ESP_NODE_04,0,0,2026-05-30 10:08:21
ESP_NODE_01,7,32,2026-05-30 10:09:01
ESP_NODE_02,4,12,2026-05-30 10:09:01
ESP_NODE_01,17,47,2026-05-30 10:10:07
ESP_NODE_02,10,17,2026-05-30 10:10:07
ESP_NODE_04,0,0,2026-05-30 10:10:42
ESP_NODE_01,14,50,2026-05-30 10:11:13
ESP_NODE_02,8,18,2026-05-30 10:11:13
ESP_NODE_01,22,47,2026-05-30 10:12:20
ESP_NODE_02,13,17,2026-05-30 10:12:20
ESP_NODE_04,0,0,2026-05-30 10:13:03
ESP_NODE_01,28,62,2026-05-30 10:13:26
ESP_NODE_02,17,23,2026-05-30 10:13:26
ESP_NODE_04,0,0,2026-05-30 10:14:09
ESP_NODE_01,15,52,2026-05-30 10:14:32
ESP_NODE_02,9,19,2026-05-30 10:14:32
ESP_NODE_04,1,0,2026-05-30 10:15:15
ESP_NODE_01,13,54,2026-05-30 10:15:39
ESP_NODE_02,8,20,2026-05-30 10:15:39
ESP_NODE_04,0,0,2026-05-30 10:16:21
ESP_NODE_01,19,62,2026-05-30 10:16:45
ESP_NODE_02,11,23,2026-05-30 10:16:45
ESP_NODE_01,28,45,2026-05-30 10:17:51
ESP_NODE_02,17,16,2026-05-30 10:17:51
ESP_NODE_04,0,0,2026-05-30 10:18:34
ESP_NODE_01,48,43,2026-05-30 10:18:59
ESP_NODE_02,28,16,2026-05-30 10:18:59
ESP_NODE_04,0,0,2026-05-30 10:19:40
ESP_NODE_01,27,44,2026-05-30 10:20:05
ESP_NODE_02,16,16,2026-05-30 10:20:05
ESP_NODE_04,0,0,2026-05-30 10:20:46
ESP_NODE_01,18,42,2026-05-30 10:22:18
ESP_NODE_02,11,15,2026-05-30 10:22:18
ESP_NODE_04,0,0,2026-05-30 10:23:08
ESP_NODE_01,11,48,2026-05-30 10:23:25
ESP_NODE_02,6,17,2026-05-30 10:23:25
ESP_NODE_04,0,0,2026-05-30 10:24:14
ESP_NODE_01,19,64,2026-05-30 10:25:38
ESP_NODE_02,11,24,2026-05-30 10:25:38
ESP_NODE_04,0,0,2026-05-30 10:26:35
ESP_NODE_01,33,51,2026-05-30 10:26:45
ESP_NODE_02,20,19,2026-05-30 10:26:45
ESP_NODE_04,0,0,2026-05-30 10:27:41
ESP_NODE_01,24,61,2026-05-30 10:27:51
ESP_NODE_02,14,23,2026-05-30 10:27:51
ESP_NODE_01,11,65,2026-05-30 10:28:57
ESP_NODE_02,7,24,2026-05-30 10:28:57
ESP_NODE_01,16,57,2026-05-30 10:31:10
ESP_NODE_02,9,21,2026-05-30 10:31:10
ESP_NODE_01,9,47,2026-05-30 10:32:16
ESP_NODE_02,5,17,2026-05-30 10:32:16
ESP_NODE_01,26,48,2026-05-30 10:33:22
ESP_NODE_02,15,17,2026-05-30 10:33:22
ESP_NODE_04,1,1,2026-05-30 10:33:29
ESP_NODE_01,12,46,2026-05-30 10:34:29
ESP_NODE_02,7,17,2026-05-30 10:34:29
ESP_NODE_04,0,0,2026-05-30 10:34:35
ESP_NODE_01,15,42,2026-05-30 10:35:35
ESP_NODE_02,9,16,2026-05-30 10:35:35
ESP_NODE_01,13,46,2026-05-30 10:36:42
ESP_NODE_02,7,17,2026-05-30 10:36:42
ESP_NODE_04,0,1,2026-05-30 10:36:56
ESP_NODE_01,10,33,2026-05-30 10:37:48
ESP_NODE_02,6,12,2026-05-30 10:37:48
ESP_NODE_04,0,0,2026-05-30 10:38:02
ESP_NODE_01,12,45,2026-05-30 10:38:54
ESP_NODE_02,7,16,2026-05-30 10:38:54
ESP_NODE_04,0,0,2026-05-30 10:39:08
ESP_NODE_04,0,0,2026-05-30 10:40:15
ESP_NODE_01,9,47,2026-05-30 10:41:06
ESP_NODE_02,5,17,2026-05-30 10:41:06
ESP_NODE_04,2,1,2026-05-30 10:41:20
ESP_NODE_01,13,41,2026-05-30 10:42:12
ESP_NODE_02,8,15,2026-05-30 10:42:12
ESP_NODE_04,1,1,2026-05-30 10:42:27
ESP_NODE_01,9,39,2026-05-30 10:44:24
ESP_NODE_02,5,14,2026-05-30 10:44:24
ESP_NODE_01,8,46,2026-05-30 10:45:30
ESP_NODE_02,5,17,2026-05-30 10:45:30
ESP_NODE_04,0,0,2026-05-30 10:46:03
ESP_NODE_01,13,49,2026-05-30 10:46:37
ESP_NODE_02,8,18,2026-05-30 10:46:37
ESP_NODE_04,0,0,2026-05-30 10:47:09
ESP_NODE_01,9,45,2026-05-30 10:47:43
ESP_NODE_02,5,17,2026-05-30 10:47:43
ESP_NODE_04,0,0,2026-05-30 10:48:16
ESP_NODE_01,9,54,2026-05-30 10:48:50
ESP_NODE_02,5,20,2026-05-30 10:48:50
ESP_NODE_04,0,0,2026-05-30 10:49:25
ESP_NODE_01,6,51,2026-05-30 10:49:56
ESP_NODE_02,4,19,2026-05-30 10:49:56
ESP_NODE_01,13,45,2026-05-30 10:51:02
ESP_NODE_02,7,16,2026-05-30 10:51:02
ESP_NODE_04,0,0,2026-05-30 10:51:49
ESP_NODE_01,8,38,2026-05-30 10:52:08
ESP_NODE_02,5,14,2026-05-30 10:52:08
ESP_NODE_04,0,0,2026-05-30 10:53:02
ESP_NODE_01,8,32,2026-05-30 10:53:15
ESP_NODE_02,4,12,2026-05-30 10:53:15
ESP_NODE_04,0,0,2026-05-30 10:54:12
ESP_NODE_01,7,35,2026-05-30 10:54:21
ESP_NODE_02,4,13,2026-05-30 10:54:21
ESP_NODE_04,0,0,2026-05-30 10:55:26
ESP_NODE_01,15,27,2026-05-30 10:55:28
ESP_NODE_02,8,10,2026-05-30 10:55:28
ESP_NODE_01,9,19,2026-05-30 10:56:35
ESP_NODE_02,5,7,2026-05-30 10:56:35
ESP_NODE_04,0,0,2026-05-30 10:56:39
ESP_NODE_01,11,14,2026-05-30 10:57:41
ESP_NODE_02,6,5,2026-05-30 10:57:41
ESP_NODE_04,0,0,2026-05-30 10:57:50
ESP_NODE_01,6,30,2026-05-30 10:58:47
ESP_NODE_02,3,11,2026-05-30 10:58:47
ESP_NODE_04,0,0,2026-05-30 10:58:57
ESP_NODE_01,5,25,2026-05-30 10:59:54
ESP_NODE_02,3,9,2026-05-30 10:59:54
ESP_NODE_04,0,0,2026-05-30 11:00:03
ESP_NODE_01,6,18,2026-05-30 11:01:00
ESP_NODE_02,3,6,2026-05-30 11:01:00
ESP_NODE_04,0,0,2026-05-30 11:01:09
ESP_NODE_01,9,25,2026-05-30 11:02:06
ESP_NODE_02,5,9,2026-05-30 11:02:06
ESP_NODE_04,0,0,2026-05-30 11:02:15
ESP_NODE_01,6,32,2026-05-30 11:03:12
ESP_NODE_02,3,12,2026-05-30 11:03:12
ESP_NODE_04,0,0,2026-05-30 11:03:21
ESP_NODE_01,12,23,2026-05-30 11:04:19
ESP_NODE_02,7,8,2026-05-30 11:04:19
ESP_NODE_04,0,0,2026-05-30 11:04:27
ESP_NODE_01,6,24,2026-05-30 11:05:26
ESP_NODE_02,3,9,2026-05-30 11:05:26
ESP_NODE_04,0,0,2026-05-30 11:05:34
ESP_NODE_01,9,34,2026-05-30 11:06:32
ESP_NODE_02,5,12,2026-05-30 11:06:32
ESP_NODE_04,0,0,2026-05-30 11:06:40
ESP_NODE_01,7,19,2026-05-30 11:07:38
ESP_NODE_02,4,7,2026-05-30 11:07:38
ESP_NODE_04,0,0,2026-05-30 11:07:46
ESP_NODE_01,9,17,2026-05-30 11:08:44
ESP_NODE_02,5,6,2026-05-30 11:08:44
ESP_NODE_04,0,0,2026-05-30 11:08:52
ESP_NODE_01,9,18,2026-05-30 11:09:50
ESP_NODE_02,5,6,2026-05-30 11:09:50
ESP_NODE_04,0,0,2026-05-30 11:09:58
ESP_NODE_01,6,28,2026-05-30 11:10:56
ESP_NODE_02,4,10,2026-05-30 11:10:56
ESP_NODE_04,0,0,2026-05-30 11:11:04
ESP_NODE_01,13,30,2026-05-30 11:12:02
ESP_NODE_02,7,11,2026-05-30 11:12:02
ESP_NODE_04,0,0,2026-05-30 11:12:10
ESP_NODE_01,6,26,2026-05-30 11:13:10
ESP_NODE_02,4,10,2026-05-30 11:13:10
ESP_NODE_04,0,0,2026-05-30 11:13:16
ESP_NODE_01,8,22,2026-05-30 11:14:16
ESP_NODE_02,5,8,2026-05-30 11:14:16
ESP_NODE_04,0,0,2026-05-30 11:14:23
ESP_NODE_01,6,18,2026-05-30 11:15:22
ESP_NODE_02,4,6,2026-05-30 11:15:22
ESP_NODE_04,0,0,2026-05-30 11:15:28
ESP_NODE_01,9,17,2026-05-30 11:16:28
ESP_NODE_02,5,6,2026-05-30 11:16:28
ESP_NODE_04,2,0,2026-05-30 11:16:35
ESP_NODE_01,9,25,2026-05-30 11:17:34
ESP_NODE_02,5,9,2026-05-30 11:17:34
ESP_NODE_04,0,0,2026-05-30 11:17:41
ESP_NODE_01,9,22,2026-05-30 11:18:40
ESP_NODE_02,5,8,2026-05-30 11:18:40
ESP_NODE_04,3,1,2026-05-30 11:18:47
ESP_NODE_01,11,16,2026-05-30 11:19:47
ESP_NODE_02,6,6,2026-05-30 11:19:47
ESP_NODE_01,7,18,2026-05-30 11:20:53
ESP_NODE_02,4,6,2026-05-30 11:20:53
ESP_NODE_04,0,0,2026-05-30 11:21:08
ESP_NODE_01,9,26,2026-05-30 11:21:59
ESP_NODE_02,5,9,2026-05-30 11:21:59
ESP_NODE_04,0,0,2026-05-30 11:22:14
ESP_NODE_01,9,21,2026-05-30 11:23:05
ESP_NODE_02,5,7,2026-05-30 11:23:05
ESP_NODE_01,8,35,2026-05-30 11:24:11
ESP_NODE_02,5,13,2026-05-30 11:24:11
ESP_NODE_04,0,0,2026-05-30 11:24:35
ESP_NODE_01,7,21,2026-05-30 11:26:23
ESP_NODE_02,4,7,2026-05-30 11:26:23
ESP_NODE_01,10,28,2026-05-30 11:27:29
ESP_NODE_02,6,10,2026-05-30 11:27:29
ESP_NODE_04,0,0,2026-05-30 11:28:11
ESP_NODE_04,1,0,2026-05-30 11:29:18
ESP_NODE_01,9,35,2026-05-30 11:29:41
ESP_NODE_02,5,13,2026-05-30 11:29:41
ESP_NODE_04,2,0,2026-05-30 11:30:24
ESP_NODE_01,10,39,2026-05-30 11:30:48
ESP_NODE_02,6,14,2026-05-30 11:30:48
ESP_NODE_04,0,0,2026-05-30 11:31:30
ESP_NODE_01,9,36,2026-05-30 11:31:54
ESP_NODE_02,5,13,2026-05-30 11:31:54
ESP_NODE_04,0,0,2026-05-30 11:32:36
ESP_NODE_01,18,36,2026-05-30 11:33:00
ESP_NODE_02,10,13,2026-05-30 11:33:00
ESP_NODE_01,15,40,2026-05-30 11:34:06
ESP_NODE_02,9,15,2026-05-30 11:34:06
ESP_NODE_04,0,0,2026-05-30 11:36:13
ESP_NODE_01,12,36,2026-05-30 11:36:26
ESP_NODE_02,7,13,2026-05-30 11:36:26
ESP_NODE_04,0,0,2026-05-30 11:38:34
ESP_NODE_01,11,41,2026-05-30 11:38:38
ESP_NODE_02,7,15,2026-05-30 11:38:38
ESP_NODE_01,12,39,2026-05-30 11:39:45
ESP_NODE_02,7,14,2026-05-30 11:39:45
ESP_NODE_01,9,40,2026-05-30 11:40:51
ESP_NODE_02,5,14,2026-05-30 11:40:51
ESP_NODE_01,11,47,2026-05-30 11:41:57
ESP_NODE_02,7,17,2026-05-30 11:41:57
ESP_NODE_04,0,0,2026-05-30 11:42:10
ESP_NODE_01,11,36,2026-05-30 11:43:03
ESP_NODE_02,7,13,2026-05-30 11:43:03
ESP_NODE_04,0,0,2026-05-30 11:43:16
ESP_NODE_01,9,43,2026-05-30 11:44:09
ESP_NODE_02,5,16,2026-05-30 11:44:09
ESP_NODE_04,0,0,2026-05-30 11:44:22
ESP_NODE_01,25,27,2026-05-30 11:45:15
ESP_NODE_02,15,10,2026-05-30 11:45:15
ESP_NODE_04,0,1,2026-05-30 11:45:28
ESP_NODE_01,14,29,2026-05-30 11:46:21
ESP_NODE_02,8,11,2026-05-30 11:46:21
ESP_NODE_04,2,0,2026-05-30 11:46:34
ESP_NODE_01,18,35,2026-05-30 11:47:28
ESP_NODE_02,10,13,2026-05-30 11:47:28
ESP_NODE_04,1,1,2026-05-30 11:47:40
ESP_NODE_01,23,53,2026-05-30 11:48:34
ESP_NODE_02,13,19,2026-05-30 11:48:34
ESP_NODE_01,21,66,2026-05-30 11:49:40
ESP_NODE_02,13,24,2026-05-30 11:49:40
ESP_NODE_04,0,0,2026-05-30 11:50:01
ESP_NODE_01,17,70,2026-05-30 11:50:46
ESP_NODE_02,10,26,2026-05-30 11:50:46
ESP_NODE_01,27,74,2026-05-30 11:51:53
ESP_NODE_02,16,27,2026-05-30 11:51:53
ESP_NODE_04,0,0,2026-05-30 11:52:22
ESP_NODE_01,22,62,2026-05-30 11:52:59
ESP_NODE_02,13,23,2026-05-30 11:52:59
ESP_NODE_04,0,0,2026-05-30 11:53:28
ESP_NODE_01,13,59,2026-05-30 11:54:05
ESP_NODE_02,7,22,2026-05-30 11:54:05
ESP_NODE_01,10,61,2026-05-30 11:55:14
ESP_NODE_02,6,22,2026-05-30 11:55:14
ESP_NODE_04,0,0,2026-05-30 11:55:49
ESP_NODE_01,21,63,2026-05-30 11:56:20
ESP_NODE_02,13,23,2026-05-30 11:56:20
ESP_NODE_01,16,58,2026-05-30 11:57:27
ESP_NODE_02,10,21,2026-05-30 11:57:27
ESP_NODE_04,0,0,2026-05-30 11:58:10
ESP_NODE_01,18,77,2026-05-30 11:58:33
ESP_NODE_02,11,28,2026-05-30 11:58:33
ESP_NODE_04,0,0,2026-05-30 11:59:17
ESP_NODE_01,13,87,2026-05-30 11:59:40
ESP_NODE_02,8,32,2026-05-30 11:59:40
ESP_NODE_04,0,0,2026-05-30 12:00:23
ESP_NODE_01,19,72,2026-05-30 12:00:46
ESP_NODE_02,11,27,2026-05-30 12:00:46
ESP_NODE_04,0,0,2026-05-30 12:01:29
ESP_NODE_01,12,86,2026-05-30 12:01:53
ESP_NODE_02,7,32,2026-05-30 12:01:53
ESP_NODE_04,1,0,2026-05-30 12:02:35
ESP_NODE_01,19,84,2026-05-30 12:02:59
ESP_NODE_02,11,31,2026-05-30 12:02:59
ESP_NODE_01,18,75,2026-05-30 12:04:05
ESP_NODE_02,10,28,2026-05-30 12:04:05
ESP_NODE_04,0,0,2026-05-30 12:04:56
ESP_NODE_01,15,84,2026-05-30 12:05:12
ESP_NODE_02,9,31,2026-05-30 12:05:12
ESP_NODE_04,0,0,2026-05-30 12:08:32
ESP_NODE_01,16,65,2026-05-30 12:08:36
ESP_NODE_02,9,24,2026-05-30 12:08:36
ESP_NODE_01,13,67,2026-05-30 12:09:43
ESP_NODE_02,7,25,2026-05-30 12:09:43
ESP_NODE_01,6,79,2026-05-30 12:10:48
ESP_NODE_02,3,29,2026-05-30 12:10:48
ESP_NODE_04,0,0,2026-05-30 12:10:54
ESP_NODE_01,20,87,2026-05-30 12:11:55
ESP_NODE_02,12,32,2026-05-30 12:11:55
ESP_NODE_04,0,0,2026-05-30 12:12:00
ESP_NODE_01,20,67,2026-05-30 12:13:01
ESP_NODE_02,12,25,2026-05-30 12:13:01
ESP_NODE_04,0,0,2026-05-30 12:13:06
ESP_NODE_01,13,74,2026-05-30 12:14:07
ESP_NODE_02,8,27,2026-05-30 12:14:07
ESP_NODE_01,26,62,2026-05-30 12:15:13
ESP_NODE_02,16,23,2026-05-30 12:15:13
ESP_NODE_04,0,0,2026-05-30 12:15:34
ESP_NODE_01,16,72,2026-05-30 12:16:20
ESP_NODE_02,10,27,2026-05-30 12:16:20
ESP_NODE_01,31,83,2026-05-30 12:17:26
ESP_NODE_02,18,31,2026-05-30 12:17:26
ESP_NODE_04,0,0,2026-05-30 12:18:02
ESP_NODE_01,28,67,2026-05-30 12:18:39
ESP_NODE_02,17,25,2026-05-30 12:18:39
ESP_NODE_01,35,63,2026-05-30 12:19:45
ESP_NODE_02,20,23,2026-05-30 12:19:45
ESP_NODE_04,0,0,2026-05-30 12:20:24
ESP_NODE_01,20,59,2026-05-30 12:20:52
ESP_NODE_02,12,22,2026-05-30 12:20:52
ESP_NODE_04,0,0,2026-05-30 12:21:30
ESP_NODE_01,24,47,2026-05-30 12:22:09
ESP_NODE_02,14,17,2026-05-30 12:22:09
ESP_NODE_04,0,0,2026-05-30 12:22:36
ESP_NODE_01,27,50,2026-05-30 12:23:21
ESP_NODE_02,16,18,2026-05-30 12:23:21
ESP_NODE_01,23,55,2026-05-30 12:24:27
ESP_NODE_02,13,20,2026-05-30 12:24:27
ESP_NODE_04,0,0,2026-05-30 12:24:58
ESP_NODE_01,23,60,2026-05-30 12:25:33
ESP_NODE_02,14,22,2026-05-30 12:25:33
ESP_NODE_04,0,0,2026-05-30 12:26:04
ESP_NODE_01,30,46,2026-05-30 12:26:40
ESP_NODE_02,18,17,2026-05-30 12:26:40
ESP_NODE_04,0,0,2026-05-30 12:27:10
ESP_NODE_01,18,57,2026-05-30 12:27:47
ESP_NODE_02,11,21,2026-05-30 12:27:47
ESP_NODE_01,22,59,2026-05-30 12:28:53
ESP_NODE_02,13,22,2026-05-30 12:28:53
ESP_NODE_01,18,60,2026-05-30 12:30:00
ESP_NODE_02,11,22,2026-05-30 12:30:00
ESP_NODE_04,0,0,2026-05-30 12:30:37
ESP_NODE_01,18,56,2026-05-30 12:31:06
ESP_NODE_02,10,21,2026-05-30 12:31:06
ESP_NODE_04,0,0,2026-05-30 12:31:43
ESP_NODE_01,9,57,2026-05-30 12:32:13
ESP_NODE_02,5,21,2026-05-30 12:32:13
ESP_NODE_01,20,58,2026-05-30 12:33:20
ESP_NODE_02,11,21,2026-05-30 12:33:20
ESP_NODE_01,17,56,2026-05-30 12:34:26
ESP_NODE_02,10,21,2026-05-30 12:34:26
ESP_NODE_01,10,58,2026-05-30 12:35:33
ESP_NODE_02,6,22,2026-05-30 12:35:33
ESP_NODE_04,0,0,2026-05-30 12:36:25
ESP_NODE_01,11,63,2026-05-30 12:36:39
ESP_NODE_02,6,23,2026-05-30 12:36:39
ESP_NODE_04,0,0,2026-05-30 12:37:32
ESP_NODE_01,14,71,2026-05-30 12:37:46
ESP_NODE_02,8,26,2026-05-30 12:37:46
ESP_NODE_01,22,71,2026-05-30 12:38:53
ESP_NODE_02,13,26,2026-05-30 12:38:53
ESP_NODE_01,21,56,2026-05-30 12:39:59
ESP_NODE_02,12,21,2026-05-30 12:39:59
ESP_NODE_01,24,50,2026-05-30 12:41:13
ESP_NODE_02,14,18,2026-05-30 12:41:13
ESP_NODE_04,0,0,2026-05-30 12:42:23
ESP_NODE_01,23,52,2026-05-30 12:44:48
ESP_NODE_02,14,19,2026-05-30 12:44:48
ESP_NODE_01,16,56,2026-05-30 12:45:56
ESP_NODE_02,10,21,2026-05-30 12:45:56
ESP_NODE_04,0,0,2026-05-30 12:45:59
ESP_NODE_01,45,52,2026-05-30 12:47:03
ESP_NODE_02,27,19,2026-05-30 12:47:03
ESP_NODE_04,0,0,2026-05-30 12:47:05
ESP_NODE_01,19,64,2026-05-30 12:48:11
ESP_NODE_02,11,23,2026-05-30 12:48:11
ESP_NODE_04,0,0,2026-05-30 12:48:11
ESP_NODE_04,0,0,2026-05-30 12:49:17
ESP_NODE_01,19,53,2026-05-30 12:49:18
ESP_NODE_02,11,19,2026-05-30 12:49:18
ESP_NODE_04,0,0,2026-05-30 12:50:23
ESP_NODE_01,11,54,2026-05-30 12:50:30
ESP_NODE_02,6,20,2026-05-30 12:50:30
ESP_NODE_01,11,47,2026-05-30 12:51:37
ESP_NODE_02,6,17,2026-05-30 12:51:37
ESP_NODE_01,11,61,2026-05-30 12:52:43
ESP_NODE_02,6,22,2026-05-30 12:52:43
ESP_NODE_04,0,0,2026-05-30 12:52:46
ESP_NODE_01,13,49,2026-05-30 12:53:50
ESP_NODE_02,7,18,2026-05-30 12:53:50
ESP_NODE_04,0,0,2026-05-30 12:53:52
ESP_NODE_01,13,44,2026-05-30 12:54:56
ESP_NODE_02,7,16,2026-05-30 12:54:56
ESP_NODE_04,0,0,2026-05-30 12:54:58
ESP_NODE_01,20,54,2026-05-30 12:56:03
ESP_NODE_02,12,20,2026-05-30 12:56:03
ESP_NODE_01,15,62,2026-05-30 12:57:09
ESP_NODE_02,9,23,2026-05-30 12:57:09
ESP_NODE_01,16,51,2026-05-30 12:59:24
ESP_NODE_02,10,19,2026-05-30 12:59:24
ESP_NODE_04,2,0,2026-05-30 12:59:31
ESP_NODE_01,7,49,2026-05-30 13:00:31
ESP_NODE_02,4,18,2026-05-30 13:00:31
ESP_NODE_04,3,1,2026-05-30 13:00:38
ESP_NODE_01,10,46,2026-05-30 13:01:41
ESP_NODE_02,6,17,2026-05-30 13:01:41
ESP_NODE_01,17,74,2026-05-30 13:02:49
ESP_NODE_02,10,27,2026-05-30 13:02:49
ESP_NODE_04,8,0,2026-05-30 13:02:59
ESP_NODE_01,18,56,2026-05-30 13:03:57
ESP_NODE_02,10,21,2026-05-30 13:03:57
ESP_NODE_01,14,38,2026-05-30 13:05:05
ESP_NODE_02,8,14,2026-05-30 13:05:05
ESP_NODE_04,4,1,2026-05-30 13:05:20
ESP_NODE_01,15,52,2026-05-30 13:06:13
ESP_NODE_02,9,19,2026-05-30 13:06:13
ESP_NODE_04,1,2,2026-05-30 13:06:26
ESP_NODE_01,23,62,2026-05-30 13:07:22
ESP_NODE_02,14,23,2026-05-30 13:07:22
ESP_NODE_01,22,66,2026-05-30 13:08:32
ESP_NODE_02,13,24,2026-05-30 13:08:32
ESP_NODE_04,2,2,2026-05-30 13:08:39
ESP_NODE_01,14,54,2026-05-30 13:09:42
ESP_NODE_02,8,20,2026-05-30 13:09:42
ESP_NODE_04,1,1,2026-05-30 13:09:45
ESP_NODE_04,2,1,2026-05-30 13:10:51
ESP_NODE_01,10,43,2026-05-30 13:11:55
ESP_NODE_02,6,16,2026-05-30 13:11:55
ESP_NODE_04,2,1,2026-05-30 13:11:57
ESP_NODE_01,15,71,2026-05-30 13:13:02
ESP_NODE_02,9,26,2026-05-30 13:13:02
ESP_NODE_04,14,1,2026-05-30 13:13:03
ESP_NODE_01,20,70,2026-05-30 13:14:08
ESP_NODE_02,12,26,2026-05-30 13:14:08
ESP_NODE_04,0,0,2026-05-30 13:15:25
ESP_NODE_01,18,59,2026-05-30 13:16:20
ESP_NODE_02,11,22,2026-05-30 13:16:20
ESP_NODE_01,16,67,2026-05-30 13:17:27
ESP_NODE_02,9,25,2026-05-30 13:17:27
ESP_NODE_04,1,0,2026-05-30 13:17:46
ESP_NODE_01,20,53,2026-05-30 13:18:33
ESP_NODE_02,12,19,2026-05-30 13:18:33
ESP_NODE_04,0,0,2026-05-30 13:18:52
ESP_NODE_01,18,52,2026-05-30 13:19:39
ESP_NODE_02,10,19,2026-05-30 13:19:39
ESP_NODE_04,0,0,2026-05-30 13:19:58
ESP_NODE_01,21,68,2026-05-30 13:20:47
ESP_NODE_02,13,25,2026-05-30 13:20:47
ESP_NODE_04,0,0,2026-05-30 13:21:05
ESP_NODE_01,20,76,2026-05-30 13:21:53
ESP_NODE_02,12,28,2026-05-30 13:21:53
ESP_NODE_04,0,0,2026-05-30 13:22:11
ESP_NODE_01,15,56,2026-05-30 13:23:00
ESP_NODE_02,9,21,2026-05-30 13:23:00
ESP_NODE_04,0,0,2026-05-30 13:24:32
ESP_NODE_01,20,56,2026-05-30 13:25:20
ESP_NODE_02,12,21,2026-05-30 13:25:20
ESP_NODE_04,0,0,2026-05-30 13:25:38
ESP_NODE_01,23,62,2026-05-30 13:26:27
ESP_NODE_02,14,23,2026-05-30 13:26:27
ESP_NODE_01,16,66,2026-05-30 13:27:34
ESP_NODE_02,9,24,2026-05-30 13:27:34
ESP_NODE_01,16,70,2026-05-30 13:28:41
ESP_NODE_02,9,26,2026-05-30 13:28:41
ESP_NODE_04,0,0,2026-05-30 13:29:14
ESP_NODE_01,22,57,2026-05-30 13:29:48
ESP_NODE_02,13,21,2026-05-30 13:29:48
ESP_NODE_01,16,59,2026-05-30 13:30:54
ESP_NODE_02,9,22,2026-05-30 13:30:54
ESP_NODE_04,0,0,2026-05-30 13:31:35
ESP_NODE_01,11,62,2026-05-30 13:32:02
ESP_NODE_02,6,23,2026-05-30 13:32:02
ESP_NODE_04,1,0,2026-05-30 13:32:41
ESP_NODE_01,15,82,2026-05-30 13:33:11
ESP_NODE_02,9,30,2026-05-30 13:33:11
ESP_NODE_04,0,0,2026-05-30 13:33:48
ESP_NODE_01,33,77,2026-05-30 13:34:18
ESP_NODE_02,19,28,2026-05-30 13:34:18
ESP_NODE_04,0,0,2026-05-30 13:34:54
ESP_NODE_01,14,54,2026-05-30 13:35:25
ESP_NODE_02,8,20,2026-05-30 13:35:25
ESP_NODE_01,15,64,2026-05-30 13:36:31
ESP_NODE_02,9,24,2026-05-30 13:36:31
ESP_NODE_04,0,0,2026-05-30 13:37:18
ESP_NODE_01,23,66,2026-05-30 13:37:37
ESP_NODE_02,14,24,2026-05-30 13:37:37
ESP_NODE_04,0,0,2026-05-30 13:38:26
ESP_NODE_01,21,62,2026-05-30 13:38:44
ESP_NODE_02,12,23,2026-05-30 13:38:44
ESP_NODE_01,13,55,2026-05-30 13:39:50
ESP_NODE_02,8,20,2026-05-30 13:39:50
ESP_NODE_04,0,0,2026-05-30 13:40:50
ESP_NODE_04,0,0,2026-05-30 13:41:59
ESP_NODE_01,17,58,2026-05-30 13:42:11
ESP_NODE_02,10,21,2026-05-30 13:42:11
ESP_NODE_01,17,42,2026-05-30 13:43:18
ESP_NODE_02,10,15,2026-05-30 13:43:18
ESP_NODE_04,0,0,2026-05-30 13:44:20
ESP_NODE_01,26,32,2026-05-30 13:44:24
ESP_NODE_02,15,12,2026-05-30 13:44:24
ESP_NODE_01,20,41,2026-05-30 13:45:30
ESP_NODE_02,12,15,2026-05-30 13:45:30
ESP_NODE_01,19,53,2026-05-30 13:46:36
ESP_NODE_02,11,19,2026-05-30 13:46:36
ESP_NODE_04,0,0,2026-05-30 13:46:42
ESP_NODE_01,27,45,2026-05-30 13:47:42
ESP_NODE_02,16,17,2026-05-30 13:47:42
ESP_NODE_04,0,0,2026-05-30 13:47:47
ESP_NODE_04,0,0,2026-05-30 13:48:54
ESP_NODE_04,0,0,2026-05-30 13:50:00
ESP_NODE_01,23,40,2026-05-30 13:51:00
ESP_NODE_02,13,15,2026-05-30 13:51:00
ESP_NODE_04,0,0,2026-05-30 13:51:06
ESP_NODE_01,14,42,2026-05-30 13:52:05
ESP_NODE_02,8,15,2026-05-30 13:52:05
ESP_NODE_01,10,43,2026-05-30 13:53:12
ESP_NODE_02,6,16,2026-05-30 13:53:12
ESP_NODE_01,20,42,2026-05-30 13:54:17
ESP_NODE_02,12,15,2026-05-30 13:54:17
ESP_NODE_04,3,1,2026-05-30 13:54:42
ESP_NODE_01,16,42,2026-05-30 13:55:23
ESP_NODE_02,9,15,2026-05-30 13:55:23
ESP_NODE_04,6,4,2026-05-30 13:55:48
ESP_NODE_01,11,37,2026-05-30 13:56:29
ESP_NODE_02,7,13,2026-05-30 13:56:29
ESP_NODE_04,0,4,2026-05-30 13:56:54
ESP_NODE_01,10,34,2026-05-30 13:57:35
ESP_NODE_02,6,12,2026-05-30 13:57:35
ESP_NODE_04,3,2,2026-05-30 13:58:00
ESP_NODE_01,14,50,2026-05-30 13:58:41
ESP_NODE_02,8,18,2026-05-30 13:58:41
ESP_NODE_04,1,4,2026-05-30 13:59:07
ESP_NODE_01,7,37,2026-05-30 13:59:47
ESP_NODE_02,4,13,2026-05-30 13:59:47
ESP_NODE_04,0,4,2026-05-30 14:01:28
ESP_NODE_01,15,35,2026-05-30 14:01:59
ESP_NODE_02,9,13,2026-05-30 14:01:59
ESP_NODE_01,13,34,2026-05-30 14:03:04
ESP_NODE_02,7,12,2026-05-30 14:03:04
ESP_NODE_04,16,2,2026-05-30 14:03:49
ESP_NODE_01,17,37,2026-05-30 14:04:10
ESP_NODE_02,10,14,2026-05-30 14:04:10
ESP_NODE_04,2,3,2026-05-30 14:04:55
ESP_NODE_01,10,30,2026-05-30 14:05:18
ESP_NODE_02,6,11,2026-05-30 14:05:18
ESP_NODE_04,1,3,2026-05-30 14:06:01
ESP_NODE_01,16,34,2026-05-30 14:06:24
ESP_NODE_02,9,12,2026-05-30 14:06:24
ESP_NODE_01,16,28,2026-05-30 14:07:30
ESP_NODE_02,9,10,2026-05-30 14:07:30
ESP_NODE_04,0,4,2026-05-30 14:08:13
ESP_NODE_01,10,30,2026-05-30 14:08:36
ESP_NODE_02,6,11,2026-05-30 14:08:36
ESP_NODE_01,15,35,2026-05-30 14:09:43
ESP_NODE_02,9,13,2026-05-30 14:09:43
ESP_NODE_04,4,4,2026-05-30 14:10:26
ESP_NODE_01,23,32,2026-05-30 14:10:49
ESP_NODE_02,14,12,2026-05-30 14:10:49
ESP_NODE_01,28,38,2026-05-30 14:11:55
ESP_NODE_02,16,14,2026-05-30 14:11:55
ESP_NODE_04,2,1,2026-05-30 14:12:47
ESP_NODE_01,22,28,2026-05-30 14:13:00
ESP_NODE_02,13,10,2026-05-30 14:13:00
ESP_NODE_01,25,24,2026-05-30 14:14:06
ESP_NODE_02,15,9,2026-05-30 14:14:06
ESP_NODE_04,0,0,2026-05-30 14:15:08
ESP_NODE_04,1,0,2026-05-30 14:16:14
ESP_NODE_01,21,28,2026-05-30 14:16:20
ESP_NODE_02,12,10,2026-05-30 14:16:20
ESP_NODE_04,5,0,2026-05-30 14:17:20
ESP_NODE_01,11,23,2026-05-30 14:17:26
ESP_NODE_02,6,8,2026-05-30 14:17:26
ESP_NODE_04,2,0,2026-05-30 14:18:26
ESP_NODE_01,16,29,2026-05-30 14:18:32
ESP_NODE_02,9,10,2026-05-30 14:18:32
ESP_NODE_01,27,24,2026-05-30 14:19:38
ESP_NODE_02,16,9,2026-05-30 14:19:38
ESP_NODE_01,28,25,2026-05-30 14:20:44
ESP_NODE_02,17,9,2026-05-30 14:20:44
ESP_NODE_04,1,0,2026-05-30 14:20:47
ESP_NODE_01,23,22,2026-05-30 14:21:50
ESP_NODE_02,14,8,2026-05-30 14:21:50
ESP_NODE_04,0,1,2026-05-30 14:21:53
ESP_NODE_01,13,23,2026-05-30 14:22:56
ESP_NODE_02,8,8,2026-05-30 14:22:56
ESP_NODE_04,1,1,2026-05-30 14:22:59
ESP_NODE_01,15,24,2026-05-30 14:24:02
ESP_NODE_02,9,9,2026-05-30 14:24:02
ESP_NODE_04,0,0,2026-05-30 14:24:06
ESP_NODE_01,14,22,2026-05-30 14:25:08
ESP_NODE_02,8,8,2026-05-30 14:25:08
ESP_NODE_04,3,0,2026-05-30 14:25:12
ESP_NODE_01,9,20,2026-05-30 14:26:14
ESP_NODE_02,5,7,2026-05-30 14:26:14
ESP_NODE_04,1,5,2026-05-30 14:26:18
ESP_NODE_01,11,20,2026-05-30 14:27:20
ESP_NODE_02,6,7,2026-05-30 14:27:20
ESP_NODE_04,1,4,2026-05-30 14:27:24
ESP_NODE_01,21,24,2026-05-30 14:28:26
ESP_NODE_02,13,9,2026-05-30 14:28:26
ESP_NODE_01,34,24,2026-05-30 14:29:32
ESP_NODE_02,20,9,2026-05-30 14:29:32
ESP_NODE_04,2,1,2026-05-30 14:29:45
ESP_NODE_01,29,23,2026-05-30 14:30:38
ESP_NODE_02,17,8,2026-05-30 14:30:38
ESP_NODE_04,4,4,2026-05-30 14:30:52
ESP_NODE_01,30,28,2026-05-30 14:31:44
ESP_NODE_02,18,10,2026-05-30 14:31:44
ESP_NODE_04,4,5,2026-05-30 14:31:58
ESP_NODE_01,29,27,2026-05-30 14:32:53
ESP_NODE_02,17,10,2026-05-30 14:32:53
ESP_NODE_04,2,4,2026-05-30 14:33:04
ESP_NODE_01,16,21,2026-05-30 14:34:00
ESP_NODE_02,9,7,2026-05-30 14:34:00
ESP_NODE_01,19,20,2026-05-30 14:35:07
ESP_NODE_02,11,7,2026-05-30 14:35:07
ESP_NODE_01,16,19,2026-05-30 14:36:14
ESP_NODE_02,9,7,2026-05-30 14:36:14
ESP_NODE_04,6,7,2026-05-30 14:36:41
ESP_NODE_01,24,21,2026-05-30 14:37:20
ESP_NODE_02,14,7,2026-05-30 14:37:20
ESP_NODE_04,4,2,2026-05-30 14:37:47
ESP_NODE_01,21,28,2026-05-30 14:38:26
ESP_NODE_02,12,10,2026-05-30 14:38:26
ESP_NODE_04,4,0,2026-05-30 14:38:53
ESP_NODE_01,11,26,2026-05-30 14:39:32
ESP_NODE_02,6,9,2026-05-30 14:39:32
ESP_NODE_04,11,3,2026-05-30 14:39:59
ESP_NODE_01,15,34,2026-05-30 14:40:38
ESP_NODE_02,9,13,2026-05-30 14:40:38
ESP_NODE_01,20,26,2026-05-30 14:41:45
ESP_NODE_02,11,9,2026-05-30 14:41:45
ESP_NODE_04,2,1,2026-05-30 14:42:20
ESP_NODE_01,11,24,2026-05-30 14:42:52
ESP_NODE_02,6,9,2026-05-30 14:42:52
ESP_NODE_04,2,4,2026-05-30 14:43:26
ESP_NODE_01,21,30,2026-05-30 14:43:58
ESP_NODE_02,12,11,2026-05-30 14:43:58
ESP_NODE_04,5,3,2026-05-30 14:44:32
ESP_NODE_01,12,22,2026-05-30 14:45:04
ESP_NODE_02,7,8,2026-05-30 14:45:04
ESP_NODE_04,1,2,2026-05-30 14:45:38
ESP_NODE_01,11,18,2026-05-30 14:46:10
ESP_NODE_02,6,6,2026-05-30 14:46:10
ESP_NODE_01,6,24,2026-05-30 14:47:16
ESP_NODE_02,4,9,2026-05-30 14:47:16
ESP_NODE_04,4,3,2026-05-30 14:47:59
ESP_NODE_01,8,21,2026-05-30 14:48:22
ESP_NODE_02,5,8,2026-05-30 14:48:22
ESP_NODE_04,7,7,2026-05-30 14:49:07
ESP_NODE_01,10,27,2026-05-30 14:50:34
ESP_NODE_02,6,10,2026-05-30 14:50:34
ESP_NODE_04,2,3,2026-05-30 14:51:19
ESP_NODE_01,7,22,2026-05-30 14:51:40
ESP_NODE_02,4,8,2026-05-30 14:51:40
ESP_NODE_04,3,5,2026-05-30 14:52:25
ESP_NODE_01,13,18,2026-05-30 14:52:46
ESP_NODE_02,8,6,2026-05-30 14:52:46
ESP_NODE_04,4,7,2026-05-30 14:53:31
ESP_NODE_01,10,29,2026-05-30 14:53:52
ESP_NODE_02,6,10,2026-05-30 14:53:52
ESP_NODE_01,10,23,2026-05-30 14:54:58
ESP_NODE_02,6,8,2026-05-30 14:54:58
ESP_NODE_04,1,7,2026-05-30 14:55:52
ESP_NODE_01,10,25,2026-05-30 14:56:04
ESP_NODE_02,6,9,2026-05-30 14:56:04
ESP_NODE_01,11,26,2026-05-30 14:57:10
ESP_NODE_02,6,9,2026-05-30 14:57:10
ESP_NODE_04,4,7,2026-05-30 14:58:05
ESP_NODE_01,6,20,2026-05-30 14:58:16
ESP_NODE_02,3,7,2026-05-30 14:58:16
ESP_NODE_04,3,6,2026-05-30 14:59:10
ESP_NODE_01,10,26,2026-05-30 14:59:23
ESP_NODE_02,6,9,2026-05-30 14:59:23
ESP_NODE_04,2,5,2026-05-30 15:00:17
ESP_NODE_01,9,26,2026-05-30 15:00:30
ESP_NODE_02,5,10,2026-05-30 15:00:30
ESP_NODE_04,4,7,2026-05-30 15:01:22
ESP_NODE_01,10,18,2026-05-30 15:01:36
ESP_NODE_02,6,6,2026-05-30 15:01:36
ESP_NODE_04,7,5,2026-05-30 15:02:29
ESP_NODE_01,7,33,2026-05-30 15:02:42
ESP_NODE_02,4,12,2026-05-30 15:02:42
ESP_NODE_04,1,4,2026-05-30 15:03:35
ESP_NODE_04,4,4,2026-05-30 15:04:41
ESP_NODE_01,8,28,2026-05-30 15:04:54
ESP_NODE_02,5,10,2026-05-30 15:04:54
ESP_NODE_04,2,6,2026-05-30 15:05:47
ESP_NODE_01,5,24,2026-05-30 15:06:00
ESP_NODE_02,3,9,2026-05-30 15:06:00
ESP_NODE_04,5,6,2026-05-30 15:06:53
ESP_NODE_01,7,24,2026-05-30 15:07:08
ESP_NODE_02,4,9,2026-05-30 15:07:08
ESP_NODE_04,2,6,2026-05-30 15:07:59
ESP_NODE_01,9,26,2026-05-30 15:08:14
ESP_NODE_02,5,9,2026-05-30 15:08:14
ESP_NODE_04,2,4,2026-05-30 15:09:05
ESP_NODE_01,7,19,2026-05-30 15:09:20
ESP_NODE_02,4,7,2026-05-30 15:09:20
ESP_NODE_04,4,5,2026-05-30 15:10:11
ESP_NODE_01,11,22,2026-05-30 15:10:26
ESP_NODE_02,6,8,2026-05-30 15:10:26
ESP_NODE_04,3,3,2026-05-30 15:11:17
ESP_NODE_01,7,16,2026-05-30 15:12:38
ESP_NODE_02,4,6,2026-05-30 15:12:38
ESP_NODE_04,2,5,2026-05-30 15:13:29
ESP_NODE_01,5,21,2026-05-30 15:13:44
ESP_NODE_02,3,8,2026-05-30 15:13:44
ESP_NODE_04,2,6,2026-05-30 15:14:35
ESP_NODE_01,13,14,2026-05-30 15:14:50
ESP_NODE_02,8,5,2026-05-30 15:14:50
ESP_NODE_04,4,6,2026-05-30 15:15:41
ESP_NODE_01,5,22,2026-05-30 15:15:56
ESP_NODE_02,3,8,2026-05-30 15:15:56
ESP_NODE_04,1,5,2026-05-30 15:16:47
ESP_NODE_01,7,12,2026-05-30 15:17:02
ESP_NODE_02,4,4,2026-05-30 15:17:02
ESP_NODE_04,3,7,2026-05-30 15:17:53
ESP_NODE_01,10,13,2026-05-30 15:18:08
ESP_NODE_02,6,5,2026-05-30 15:18:08
ESP_NODE_01,5,11,2026-05-30 15:19:14
ESP_NODE_02,3,4,2026-05-30 15:19:14
ESP_NODE_04,0,5,2026-05-30 15:20:14
ESP_NODE_01,9,11,2026-05-30 15:20:20
ESP_NODE_02,5,4,2026-05-30 15:20:20
ESP_NODE_04,2,5,2026-05-30 15:21:20
ESP_NODE_01,6,15,2026-05-30 15:21:26
ESP_NODE_02,3,5,2026-05-30 15:21:26
ESP_NODE_01,5,16,2026-05-30 15:22:31
ESP_NODE_02,3,6,2026-05-30 15:22:31
ESP_NODE_04,2,5,2026-05-30 15:23:33
ESP_NODE_01,5,16,2026-05-30 15:23:37
ESP_NODE_02,3,5,2026-05-30 15:23:37
ESP_NODE_04,1,5,2026-05-30 15:24:39
ESP_NODE_01,5,17,2026-05-30 15:24:43
ESP_NODE_02,3,6,2026-05-30 15:24:43
ESP_NODE_04,1,5,2026-05-30 15:25:45
ESP_NODE_01,5,19,2026-05-30 15:25:49
ESP_NODE_02,3,7,2026-05-30 15:25:49
ESP_NODE_04,0,7,2026-05-30 15:26:51
ESP_NODE_01,6,13,2026-05-30 15:26:56
ESP_NODE_02,4,5,2026-05-30 15:26:56
ESP_NODE_04,1,3,2026-05-30 15:27:58
ESP_NODE_01,10,14,2026-05-30 15:28:02
ESP_NODE_02,6,5,2026-05-30 15:28:02
ESP_NODE_04,2,5,2026-05-30 15:29:04
ESP_NODE_01,8,15,2026-05-30 15:29:07
ESP_NODE_02,4,5,2026-05-30 15:29:07
ESP_NODE_04,2,4,2026-05-30 15:30:10
ESP_NODE_01,10,15,2026-05-30 15:30:13
ESP_NODE_02,6,5,2026-05-30 15:30:13
ESP_NODE_04,3,4,2026-05-30 15:31:16
ESP_NODE_01,6,7,2026-05-30 15:31:19
ESP_NODE_02,3,6,2026-05-30 15:31:19
ESP_NODE_04,0,4,2026-05-30 15:32:22
ESP_NODE_01,4,16,2026-05-30 15:32:25
ESP_NODE_02,2,6,2026-05-30 15:32:25
ESP_NODE_04,2,0,2026-05-30 15:33:28
ESP_NODE_01,7,15,2026-05-30 15:33:31
ESP_NODE_02,4,5,2026-05-30 15:33:31
ESP_NODE_04,1,4,2026-05-30 15:34:35
ESP_NODE_04,5,4,2026-05-30 15:35:40
ESP_NODE_01,8,17,2026-05-30 15:35:43
ESP_NODE_02,5,6,2026-05-30 15:35:43
ESP_NODE_01,15,17,2026-05-30 15:36:49
ESP_NODE_02,9,6,2026-05-30 15:36:49
ESP_NODE_01,7,17,2026-05-30 15:37:55
ESP_NODE_02,4,6,2026-05-30 15:37:55
ESP_NODE_04,0,3,2026-05-30 15:38:02
ESP_NODE_01,10,14,2026-05-30 15:39:01
ESP_NODE_02,6,5,2026-05-30 15:39:01
ESP_NODE_04,2,2,2026-05-30 15:39:08
ESP_NODE_01,9,9,2026-05-30 15:40:07
ESP_NODE_02,5,5,2026-05-30 15:40:07
ESP_NODE_04,4,4,2026-05-30 15:40:14
ESP_NODE_01,9,10,2026-05-30 15:41:14
ESP_NODE_02,5,5,2026-05-30 15:41:14
ESP_NODE_04,4,3,2026-05-30 15:41:20
ESP_NODE_01,9,9,2026-05-30 15:42:21
ESP_NODE_02,5,4,2026-05-30 15:42:21
ESP_NODE_04,3,3,2026-05-30 15:42:27
ESP_NODE_01,14,12,2026-05-30 15:43:27
ESP_NODE_02,8,4,2026-05-30 15:43:27
ESP_NODE_04,5,7,2026-05-30 15:43:33
ESP_NODE_01,8,17,2026-05-30 15:44:34
ESP_NODE_02,5,6,2026-05-30 15:44:34
ESP_NODE_04,4,6,2026-05-30 15:44:39
ESP_NODE_01,14,11,2026-05-30 15:45:40
ESP_NODE_02,8,4,2026-05-30 15:45:40
ESP_NODE_04,2,4,2026-05-30 15:45:45
ESP_NODE_01,26,8,2026-05-30 15:46:46
ESP_NODE_02,15,5,2026-05-30 15:46:46
ESP_NODE_04,1,5,2026-05-30 15:46:51
ESP_NODE_01,23,14,2026-05-30 15:47:52
ESP_NODE_02,14,5,2026-05-30 15:47:52
ESP_NODE_04,2,5,2026-05-30 15:47:57
ESP_NODE_01,17,15,2026-05-30 15:49:00
ESP_NODE_02,10,5,2026-05-30 15:49:00
ESP_NODE_04,1,5,2026-05-30 15:49:04
ESP_NODE_01,6,12,2026-05-30 15:50:06
ESP_NODE_02,3,4,2026-05-30 15:50:06
ESP_NODE_04,1,6,2026-05-30 15:50:09
ESP_NODE_01,9,21,2026-05-30 15:51:13
ESP_NODE_02,5,7,2026-05-30 15:51:13
ESP_NODE_01,7,19,2026-05-30 15:52:19
ESP_NODE_02,4,7,2026-05-30 15:52:19
ESP_NODE_04,5,6,2026-05-30 15:52:31
ESP_NODE_01,19,16,2026-05-30 15:53:25
ESP_NODE_02,11,6,2026-05-30 15:53:25
ESP_NODE_04,0,4,2026-05-30 15:53:37
ESP_NODE_01,12,10,2026-05-30 15:54:31
ESP_NODE_02,7,5,2026-05-30 15:54:31
ESP_NODE_01,13,24,2026-05-30 15:55:37
ESP_NODE_02,7,8,2026-05-30 15:55:37
ESP_NODE_04,4,5,2026-05-30 15:55:58
ESP_NODE_01,8,18,2026-05-30 15:56:43
ESP_NODE_02,4,6,2026-05-30 15:56:43
ESP_NODE_04,3,5,2026-05-30 15:57:04
ESP_NODE_01,17,20,2026-05-30 15:57:48
ESP_NODE_02,10,7,2026-05-30 15:57:48
ESP_NODE_04,1,8,2026-05-30 15:58:10
ESP_NODE_01,11,19,2026-05-30 15:58:55
ESP_NODE_02,6,7,2026-05-30 15:58:55
ESP_NODE_04,1,5,2026-05-30 15:59:16
ESP_NODE_01,5,16,2026-05-30 16:00:00
ESP_NODE_02,3,6,2026-05-30 16:00:00
ESP_NODE_04,3,5,2026-05-30 16:00:22
ESP_NODE_01,6,22,2026-05-30 16:01:07
ESP_NODE_02,4,8,2026-05-30 16:01:07
ESP_NODE_01,6,25,2026-05-30 16:02:13
ESP_NODE_02,4,9,2026-05-30 16:02:13
ESP_NODE_01,12,28,2026-05-30 16:03:19
ESP_NODE_02,7,10,2026-05-30 16:03:19
ESP_NODE_04,6,4,2026-05-30 16:03:50
ESP_NODE_01,18,13,2026-05-30 16:04:25
ESP_NODE_02,10,5,2026-05-30 16:04:25
ESP_NODE_04,2,4,2026-05-30 16:04:56
ESP_NODE_04,3,8,2026-05-30 16:06:02
ESP_NODE_01,10,12,2026-05-30 16:06:37
ESP_NODE_02,6,4,2026-05-30 16:06:37
ESP_NODE_04,5,7,2026-05-30 16:07:08
ESP_NODE_01,23,16,2026-05-30 16:07:43
ESP_NODE_02,14,6,2026-05-30 16:07:43
ESP_NODE_04,3,5,2026-05-30 16:08:14
ESP_NODE_01,19,12,2026-05-30 16:08:50
ESP_NODE_02,11,4,2026-05-30 16:08:50
ESP_NODE_04,7,10,2026-05-30 16:09:20
ESP_NODE_01,11,13,2026-05-30 16:09:56
ESP_NODE_02,6,5,2026-05-30 16:09:56
ESP_NODE_04,2,5,2026-05-30 16:10:26
ESP_NODE_01,5,11,2026-05-30 16:11:02
ESP_NODE_02,3,4,2026-05-30 16:11:02
ESP_NODE_04,5,7,2026-05-30 16:11:32
ESP_NODE_01,11,16,2026-05-30 16:12:08
ESP_NODE_02,6,6,2026-05-30 16:12:08
ESP_NODE_04,5,7,2026-05-30 16:12:38
ESP_NODE_01,4,11,2026-05-30 16:13:14
ESP_NODE_02,2,4,2026-05-30 16:13:14
ESP_NODE_04,3,9,2026-05-30 16:13:44
ESP_NODE_01,9,21,2026-05-30 16:14:20
ESP_NODE_02,5,8,2026-05-30 16:14:20
ESP_NODE_01,4,14,2026-05-30 16:15:26
ESP_NODE_02,3,5,2026-05-30 16:15:26
ESP_NODE_04,2,6,2026-05-30 16:16:05
ESP_NODE_01,16,18,2026-05-30 16:16:31
ESP_NODE_02,9,6,2026-05-30 16:16:31
ESP_NODE_04,1,8,2026-05-30 16:17:12
ESP_NODE_01,14,16,2026-05-30 16:17:37
ESP_NODE_02,8,6,2026-05-30 16:17:37
ESP_NODE_04,4,7,2026-05-30 16:18:18
ESP_NODE_01,13,19,2026-05-30 16:18:43
ESP_NODE_02,8,7,2026-05-30 16:18:43
ESP_NODE_04,4,7,2026-05-30 16:19:24
ESP_NODE_01,22,24,2026-05-30 16:19:49
ESP_NODE_02,13,9,2026-05-30 16:19:49
ESP_NODE_04,1,10,2026-05-30 16:20:30
ESP_NODE_04,3,7,2026-05-30 16:21:36
ESP_NODE_01,9,20,2026-05-30 16:22:02
ESP_NODE_02,5,7,2026-05-30 16:22:02
ESP_NODE_04,14,6,2026-05-30 16:22:42
ESP_NODE_01,19,23,2026-05-30 16:23:08
ESP_NODE_02,11,8,2026-05-30 16:23:08
ESP_NODE_01,9,18,2026-05-30 16:24:14
ESP_NODE_02,5,6,2026-05-30 16:24:14
ESP_NODE_04,4,9,2026-05-30 16:24:55
ESP_NODE_01,7,24,2026-05-30 16:25:20
ESP_NODE_02,4,9,2026-05-30 16:25:20
ESP_NODE_04,1,11,2026-05-30 16:26:02
ESP_NODE_01,12,27,2026-05-30 16:26:26
ESP_NODE_02,7,10,2026-05-30 16:26:26
ESP_NODE_04,0,10,2026-05-30 16:27:07
ESP_NODE_04,1,7,2026-05-30 16:28:14
ESP_NODE_01,9,26,2026-05-30 16:28:38
ESP_NODE_02,5,9,2026-05-30 16:28:38
ESP_NODE_04,3,6,2026-05-30 16:29:20
ESP_NODE_01,9,24,2026-05-30 16:29:44
ESP_NODE_02,5,9,2026-05-30 16:29:44
ESP_NODE_04,4,8,2026-05-30 16:30:26
ESP_NODE_01,9,21,2026-05-30 16:30:50
ESP_NODE_02,5,7,2026-05-30 16:30:50
ESP_NODE_04,2,6,2026-05-30 16:31:32
ESP_NODE_01,10,27,2026-05-30 16:31:56
ESP_NODE_02,6,10,2026-05-30 16:31:56
ESP_NODE_04,7,5,2026-05-30 16:32:38
ESP_NODE_01,5,24,2026-05-30 16:33:02
ESP_NODE_02,3,9,2026-05-30 16:33:02
ESP_NODE_01,13,30,2026-05-30 16:34:07
ESP_NODE_02,7,11,2026-05-30 16:34:07
ESP_NODE_04,5,10,2026-05-30 16:34:59
ESP_NODE_01,12,24,2026-05-30 16:35:14
ESP_NODE_02,7,9,2026-05-30 16:35:14
ESP_NODE_04,5,4,2026-05-30 16:36:05
ESP_NODE_01,9,24,2026-05-30 16:36:20
ESP_NODE_02,5,9,2026-05-30 16:36:20
ESP_NODE_04,1,5,2026-05-30 16:37:11
ESP_NODE_01,4,21,2026-05-30 16:37:26
ESP_NODE_02,2,7,2026-05-30 16:37:26
ESP_NODE_04,3,6,2026-05-30 16:38:17
ESP_NODE_01,11,30,2026-05-30 16:38:32
ESP_NODE_02,6,11,2026-05-30 16:38:32
ESP_NODE_04,2,6,2026-05-30 16:39:23
ESP_NODE_01,5,19,2026-05-30 16:39:38
ESP_NODE_02,3,7,2026-05-30 16:39:38
ESP_NODE_04,1,8,2026-05-30 16:40:29
ESP_NODE_01,11,21,2026-05-30 16:40:45
ESP_NODE_02,6,7,2026-05-30 16:40:45
ESP_NODE_04,2,7,2026-05-30 16:41:35
ESP_NODE_01,5,29,2026-05-30 16:41:51
ESP_NODE_02,3,11,2026-05-30 16:41:51
ESP_NODE_01,7,24,2026-05-30 16:42:57
ESP_NODE_02,4,9,2026-05-30 16:42:57
ESP_NODE_04,6,10,2026-05-30 16:43:48
ESP_NODE_01,4,29,2026-05-30 16:44:03
ESP_NODE_02,2,11,2026-05-30 16:44:03
ESP_NODE_04,2,5,2026-05-30 16:44:54
ESP_NODE_01,4,24,2026-05-30 16:45:09
ESP_NODE_02,2,9,2026-05-30 16:45:09
ESP_NODE_04,3,8,2026-05-30 16:46:00
ESP_NODE_04,6,8,2026-05-30 16:47:06
ESP_NODE_01,9,27,2026-05-30 16:47:22
ESP_NODE_02,5,10,2026-05-30 16:47:22
ESP_NODE_04,1,5,2026-05-30 16:48:12
ESP_NODE_01,6,24,2026-05-30 16:48:28
ESP_NODE_02,3,9,2026-05-30 16:48:28
ESP_NODE_04,3,7,2026-05-30 16:49:18
ESP_NODE_01,7,25,2026-05-30 16:49:34
ESP_NODE_02,4,9,2026-05-30 16:49:34
ESP_NODE_01,6,18,2026-05-30 16:50:40
ESP_NODE_02,3,6,2026-05-30 16:50:40
ESP_NODE_04,2,6,2026-05-30 16:51:30
ESP_NODE_01,6,26,2026-05-30 16:51:46
ESP_NODE_02,4,9,2026-05-30 16:51:46
ESP_NODE_04,2,6,2026-05-30 16:52:36
ESP_NODE_01,3,25,2026-05-30 16:52:52
ESP_NODE_02,2,9,2026-05-30 16:52:52
ESP_NODE_04,8,6,2026-05-30 16:53:43
ESP_NODE_01,6,32,2026-05-30 16:53:58
ESP_NODE_02,4,12,2026-05-30 16:53:58
ESP_NODE_04,6,7,2026-05-30 16:54:49
ESP_NODE_01,3,31,2026-05-30 16:55:04
ESP_NODE_02,3,11,2026-05-30 16:55:04
ESP_NODE_04,6,7,2026-05-30 16:55:56
ESP_NODE_01,3,24,2026-05-30 16:56:10
ESP_NODE_02,4,9,2026-05-30 16:56:10
ESP_NODE_04,4,6,2026-05-30 16:57:02
ESP_NODE_01,3,22,2026-05-30 16:57:16
ESP_NODE_02,2,8,2026-05-30 16:57:16
ESP_NODE_04,2,5,2026-05-30 16:58:08
ESP_NODE_01,6,34,2026-05-30 16:58:22
ESP_NODE_02,4,12,2026-05-30 16:58:22
ESP_NODE_04,0,8,2026-05-30 16:59:15
ESP_NODE_01,3,26,2026-05-30 16:59:28
ESP_NODE_02,3,9,2026-05-30 16:59:28
ESP_NODE_04,4,7,2026-05-30 17:00:21
ESP_NODE_01,2,26,2026-05-30 17:00:34
ESP_NODE_02,3,10,2026-05-30 17:00:34
ESP_NODE_04,4,7,2026-05-30 17:01:27
ESP_NODE_01,4,19,2026-05-30 17:01:40
ESP_NODE_02,2,7,2026-05-30 17:01:40
ESP_NODE_01,4,22,2026-05-30 17:02:47
ESP_NODE_02,4,8,2026-05-30 17:02:47
ESP_NODE_04,6,10,2026-05-30 17:03:40
ESP_NODE_01,5,15,2026-05-30 17:03:53
ESP_NODE_02,3,5,2026-05-30 17:03:53
ESP_NODE_01,6,21,2026-05-30 17:04:59
ESP_NODE_02,3,7,2026-05-30 17:04:59
ESP_NODE_04,6,10,2026-05-30 17:06:01
ESP_NODE_01,4,18,2026-05-30 17:06:05
ESP_NODE_02,2,6,2026-05-30 17:06:05
ESP_NODE_04,1,7,2026-05-30 17:07:07
ESP_NODE_01,6,21,2026-05-30 17:07:11
ESP_NODE_02,3,8,2026-05-30 17:07:11
ESP_NODE_04,5,6,2026-05-30 17:08:13
ESP_NODE_01,9,21,2026-05-30 17:08:17
ESP_NODE_02,5,8,2026-05-30 17:08:17
ESP_NODE_04,2,9,2026-05-30 17:09:19
ESP_NODE_04,9,9,2026-05-30 17:10:25
ESP_NODE_01,3,15,2026-05-30 17:10:29
ESP_NODE_02,3,5,2026-05-30 17:10:29
ESP_NODE_04,3,5,2026-05-30 17:11:31
ESP_NODE_01,7,17,2026-05-30 17:11:35
ESP_NODE_02,4,6,2026-05-30 17:11:35
ESP_NODE_04,9,5,2026-05-30 17:12:37
ESP_NODE_01,4,17,2026-05-30 17:12:40
ESP_NODE_02,2,6,2026-05-30 17:12:40
ESP_NODE_04,6,7,2026-05-30 17:13:44
ESP_NODE_01,4,20,2026-05-30 17:13:47
ESP_NODE_02,3,7,2026-05-30 17:13:47
ESP_NODE_04,9,8,2026-05-30 17:14:50
ESP_NODE_01,5,23,2026-05-30 17:14:52
ESP_NODE_02,3,8,2026-05-30 17:14:52
ESP_NODE_04,5,8,2026-05-30 17:15:56
ESP_NODE_01,8,20,2026-05-30 17:15:58
ESP_NODE_02,5,7,2026-05-30 17:15:58
ESP_NODE_04,10,6,2026-05-30 17:17:02
ESP_NODE_01,4,20,2026-05-30 17:17:04
ESP_NODE_02,2,7,2026-05-30 17:17:04
ESP_NODE_04,12,11,2026-05-30 17:18:09
ESP_NODE_01,11,24,2026-05-30 17:18:10
ESP_NODE_02,6,9,2026-05-30 17:18:10
ESP_NODE_04,1,9,2026-05-30 17:19:15
ESP_NODE_01,9,23,2026-05-30 17:19:17
ESP_NODE_02,5,8,2026-05-30 17:19:17
ESP_NODE_04,11,12,2026-05-30 17:20:21
ESP_NODE_01,9,17,2026-05-30 17:20:22
ESP_NODE_02,5,6,2026-05-30 17:20:22
ESP_NODE_04,4,8,2026-05-30 17:21:27
ESP_NODE_01,9,29,2026-05-30 17:21:32
ESP_NODE_02,5,11,2026-05-30 17:21:32
ESP_NODE_04,9,8,2026-05-30 17:22:34
ESP_NODE_01,6,20,2026-05-30 17:22:38
ESP_NODE_02,3,7,2026-05-30 17:22:38
ESP_NODE_04,6,7,2026-05-30 17:23:39
ESP_NODE_01,6,14,2026-05-30 17:23:43
ESP_NODE_02,3,5,2026-05-30 17:23:43
ESP_NODE_04,6,4,2026-05-30 17:24:45
ESP_NODE_01,8,14,2026-05-30 17:24:49
ESP_NODE_02,4,5,2026-05-30 17:24:49
ESP_NODE_04,4,9,2026-05-30 17:25:52
ESP_NODE_01,3,19,2026-05-30 17:25:55
ESP_NODE_02,4,7,2026-05-30 17:25:55
ESP_NODE_04,3,6,2026-05-30 17:26:58
ESP_NODE_04,4,7,2026-05-30 17:28:04
ESP_NODE_01,8,16,2026-05-30 17:28:07
ESP_NODE_02,4,6,2026-05-30 17:28:07
ESP_NODE_04,7,8,2026-05-30 17:29:10
ESP_NODE_01,8,26,2026-05-30 17:29:13
ESP_NODE_02,5,9,2026-05-30 17:29:13
ESP_NODE_04,4,7,2026-05-30 17:30:16
ESP_NODE_01,9,23,2026-05-30 17:30:19
ESP_NODE_02,5,8,2026-05-30 17:30:19
ESP_NODE_01,5,19,2026-05-30 17:31:25
ESP_NODE_02,3,7,2026-05-30 17:31:25
ESP_NODE_01,9,19,2026-05-30 17:32:30
ESP_NODE_02,5,7,2026-05-30 17:32:30
ESP_NODE_04,5,10,2026-05-30 17:32:37
ESP_NODE_01,6,17,2026-05-30 17:33:36
ESP_NODE_02,3,6,2026-05-30 17:33:36
ESP_NODE_04,2,11,2026-05-30 17:33:44
ESP_NODE_01,8,16,2026-05-30 17:34:42
ESP_NODE_02,4,6,2026-05-30 17:34:42
ESP_NODE_01,7,19,2026-05-30 17:35:49
ESP_NODE_02,4,7,2026-05-30 17:35:49
ESP_NODE_04,5,10,2026-05-30 17:35:56
ESP_NODE_01,5,12,2026-05-30 17:36:55
ESP_NODE_02,3,4,2026-05-30 17:36:55
ESP_NODE_04,2,9,2026-05-30 17:37:02
ESP_NODE_01,7,14,2026-05-30 17:38:02
ESP_NODE_02,4,5,2026-05-30 17:38:02
ESP_NODE_04,6,9,2026-05-30 17:38:08
ESP_NODE_01,5,14,2026-05-30 17:39:08
ESP_NODE_02,3,5,2026-05-30 17:39:08
ESP_NODE_04,13,9,2026-05-30 17:39:14
ESP_NODE_01,6,7,2026-05-30 17:40:14
ESP_NODE_02,3,5,2026-05-30 17:40:14
ESP_NODE_04,3,8,2026-05-30 17:40:20
ESP_NODE_01,4,14,2026-05-30 17:41:20
ESP_NODE_02,2,5,2026-05-30 17:41:20
ESP_NODE_04,8,11,2026-05-30 17:41:27
ESP_NODE_01,6,13,2026-05-30 17:42:26
ESP_NODE_02,3,4,2026-05-30 17:42:26
ESP_NODE_04,10,8,2026-05-30 17:42:33
ESP_NODE_01,12,15,2026-05-30 17:43:32
ESP_NODE_02,7,5,2026-05-30 17:43:32
ESP_NODE_04,2,16,2026-05-30 17:43:39
ESP_NODE_01,5,14,2026-05-30 17:44:38
ESP_NODE_02,3,5,2026-05-30 17:44:38
ESP_NODE_04,1,8,2026-05-30 17:44:45
ESP_NODE_01,9,11,2026-05-30 17:45:44
ESP_NODE_02,5,4,2026-05-30 17:45:44
ESP_NODE_04,1,9,2026-05-30 17:45:51
ESP_NODE_01,7,17,2026-05-30 17:46:50
ESP_NODE_02,4,6,2026-05-30 17:46:50
ESP_NODE_04,2,9,2026-05-30 17:46:57
ESP_NODE_01,5,14,2026-05-30 17:47:56
ESP_NODE_02,3,5,2026-05-30 17:47:56
ESP_NODE_04,10,7,2026-05-30 17:48:03
ESP_NODE_01,4,15,2026-05-30 17:49:02
ESP_NODE_02,3,5,2026-05-30 17:49:02
ESP_NODE_04,3,7,2026-05-30 17:49:09
ESP_NODE_01,13,15,2026-05-30 17:50:08
ESP_NODE_02,7,5,2026-05-30 17:50:08
ESP_NODE_04,5,6,2026-05-30 17:50:15
ESP_NODE_01,6,16,2026-05-30 17:51:14
ESP_NODE_02,3,6,2026-05-30 17:51:14
ESP_NODE_04,5,8,2026-05-30 17:51:21
ESP_NODE_01,14,14,2026-05-30 17:52:20
ESP_NODE_02,8,5,2026-05-30 17:52:20
ESP_NODE_04,4,12,2026-05-30 17:52:27
ESP_NODE_01,10,18,2026-05-30 17:53:26
ESP_NODE_02,6,6,2026-05-30 17:53:26
ESP_NODE_04,6,6,2026-05-30 17:53:34
ESP_NODE_01,5,12,2026-05-30 17:54:32
ESP_NODE_02,3,4,2026-05-30 17:54:32
ESP_NODE_04,2,6,2026-05-30 17:54:40
ESP_NODE_01,8,12,2026-05-30 17:55:40
ESP_NODE_02,5,4,2026-05-30 17:55:40
ESP_NODE_04,5,13,2026-05-30 17:55:46
ESP_NODE_01,6,9,2026-05-30 17:56:46
ESP_NODE_02,3,4,2026-05-30 17:56:46
ESP_NODE_04,7,11,2026-05-30 17:56:52
ESP_NODE_01,4,5,2026-05-30 17:57:52
ESP_NODE_02,2,6,2026-05-30 17:57:52
ESP_NODE_04,2,6,2026-05-30 17:57:58
ESP_NODE_01,4,7,2026-05-30 17:58:58
ESP_NODE_02,3,6,2026-05-30 17:58:58
ESP_NODE_04,2,7,2026-05-30 17:59:04
ESP_NODE_01,3,10,2026-05-30 18:00:04
ESP_NODE_02,4,5,2026-05-30 18:00:04
ESP_NODE_04,4,9,2026-05-30 18:00:10
ESP_NODE_01,10,8,2026-05-30 18:01:10
ESP_NODE_02,5,4,2026-05-30 18:01:10
ESP_NODE_04,6,9,2026-05-30 18:01:16
ESP_NODE_01,9,5,2026-05-30 18:02:16
ESP_NODE_02,5,5,2026-05-30 18:02:16
ESP_NODE_04,3,8,2026-05-30 18:02:22
ESP_NODE_01,8,6,2026-05-30 18:03:22
ESP_NODE_02,5,4,2026-05-30 18:03:22
ESP_NODE_04,4,9,2026-05-30 18:03:28
ESP_NODE_01,8,9,2026-05-30 18:04:28
ESP_NODE_02,5,4,2026-05-30 18:04:28
ESP_NODE_04,2,8,2026-05-30 18:04:34
ESP_NODE_01,9,6,2026-05-30 18:05:34
ESP_NODE_02,5,4,2026-05-30 18:05:34
ESP_NODE_04,4,9,2026-05-30 18:05:40
ESP_NODE_01,7,10,2026-05-30 18:06:40
ESP_NODE_02,4,6,2026-05-30 18:06:40
ESP_NODE_04,5,13,2026-05-30 18:06:46
ESP_NODE_01,9,7,2026-05-30 18:07:46
ESP_NODE_02,5,5,2026-05-30 18:07:46
ESP_NODE_04,6,11,2026-05-30 18:07:52
ESP_NODE_01,9,7,2026-05-30 18:08:52
ESP_NODE_02,5,4,2026-05-30 18:08:52
ESP_NODE_01,5,7,2026-05-30 18:09:58
ESP_NODE_02,3,6,2026-05-30 18:09:58
ESP_NODE_04,7,7,2026-05-30 18:10:08
ESP_NODE_01,7,9,2026-05-30 18:11:03
ESP_NODE_02,4,4,2026-05-30 18:11:03
ESP_NODE_01,10,7,2026-05-30 18:12:09
ESP_NODE_02,6,5,2026-05-30 18:12:09
ESP_NODE_04,3,9,2026-05-30 18:12:30
ESP_NODE_01,4,5,2026-05-30 18:13:15
ESP_NODE_02,2,4,2026-05-30 18:13:15
ESP_NODE_04,4,13,2026-05-30 18:13:36
ESP_NODE_01,8,9,2026-05-30 18:14:21
ESP_NODE_02,4,5,2026-05-30 18:14:21
ESP_NODE_04,3,8,2026-05-30 18:14:42
ESP_NODE_01,7,2,2026-05-30 18:15:27
ESP_NODE_02,4,5,2026-05-30 18:15:27
ESP_NODE_04,3,8,2026-05-30 18:15:48
ESP_NODE_01,3,2,2026-05-30 18:16:33
ESP_NODE_02,3,6,2026-05-30 18:16:33
ESP_NODE_04,0,12,2026-05-30 18:16:54
ESP_NODE_01,5,7,2026-05-30 18:17:39
ESP_NODE_02,3,4,2026-05-30 18:17:39
ESP_NODE_04,5,8,2026-05-30 18:18:00
ESP_NODE_01,3,7,2026-05-30 18:18:45
ESP_NODE_02,2,5,2026-05-30 18:18:45
ESP_NODE_04,3,11,2026-05-30 18:19:06
ESP_NODE_01,4,8,2026-05-30 18:19:51
ESP_NODE_02,2,5,2026-05-30 18:19:51
ESP_NODE_04,4,10,2026-05-30 18:20:12
ESP_NODE_01,6,8,2026-05-30 18:20:57
ESP_NODE_02,4,5,2026-05-30 18:20:57
ESP_NODE_04,2,11,2026-05-30 18:21:18
ESP_NODE_01,8,10,2026-05-30 18:22:03
ESP_NODE_02,4,6,2026-05-30 18:22:03
ESP_NODE_04,3,9,2026-05-30 18:22:25
ESP_NODE_01,9,8,2026-05-30 18:23:10
ESP_NODE_02,5,5,2026-05-30 18:23:10
ESP_NODE_04,2,5,2026-05-30 18:23:31
ESP_NODE_01,9,11,2026-05-30 18:24:15
ESP_NODE_02,5,4,2026-05-30 18:24:15
ESP_NODE_04,4,7,2026-05-30 18:24:37
ESP_NODE_01,3,7,2026-05-30 18:25:21
ESP_NODE_02,3,4,2026-05-30 18:25:21
ESP_NODE_04,2,12,2026-05-30 18:25:43
ESP_NODE_01,4,9,2026-05-30 18:26:27
ESP_NODE_02,2,4,2026-05-30 18:26:27
ESP_NODE_04,5,10,2026-05-30 18:26:50
ESP_NODE_01,7,11,2026-05-30 18:27:33
ESP_NODE_02,4,4,2026-05-30 18:27:33
ESP_NODE_04,1,10,2026-05-30 18:27:56
ESP_NODE_04,4,10,2026-05-30 18:29:02
ESP_NODE_01,7,3,2026-05-30 18:29:45
ESP_NODE_02,4,6,2026-05-30 18:29:45
ESP_NODE_04,4,10,2026-05-30 18:30:08
ESP_NODE_01,7,6,2026-05-30 18:30:51
ESP_NODE_02,4,6,2026-05-30 18:30:51
ESP_NODE_04,3,8,2026-05-30 18:31:15
ESP_NODE_01,8,4,2026-05-30 18:31:57
ESP_NODE_02,5,5,2026-05-30 18:31:57
ESP_NODE_04,1,6,2026-05-30 18:32:21
ESP_NODE_01,7,4,2026-05-30 18:33:04
ESP_NODE_02,4,5,2026-05-30 18:33:04
ESP_NODE_01,11,4,2026-05-30 18:34:09
ESP_NODE_02,6,6,2026-05-30 18:34:09
ESP_NODE_04,4,8,2026-05-30 18:34:33
ESP_NODE_01,6,3,2026-05-30 18:35:15
ESP_NODE_02,3,4,2026-05-30 18:35:15
ESP_NODE_04,1,6,2026-05-30 18:35:39
ESP_NODE_01,5,1,2026-05-30 18:36:21
ESP_NODE_02,3,6,2026-05-30 18:36:21
ESP_NODE_01,5,4,2026-05-30 18:37:28
ESP_NODE_02,3,6,2026-05-30 18:37:28
ESP_NODE_04,1,7,2026-05-30 18:38:01
ESP_NODE_01,4,2,2026-05-30 18:38:33
ESP_NODE_02,2,4,2026-05-30 18:38:33
ESP_NODE_01,7,3,2026-05-30 18:39:39
ESP_NODE_02,4,6,2026-05-30 18:39:39
ESP_NODE_04,6,5,2026-05-30 18:40:22
ESP_NODE_01,4,2,2026-05-30 18:40:45
ESP_NODE_02,2,5,2026-05-30 18:40:45
ESP_NODE_04,4,8,2026-05-30 18:41:28
ESP_NODE_01,3,1,2026-05-30 18:41:51
ESP_NODE_02,4,5,2026-05-30 18:41:51
ESP_NODE_04,1,11,2026-05-30 18:42:34
ESP_NODE_01,13,3,2026-05-30 18:42:57
ESP_NODE_02,8,5,2026-05-30 18:42:57
ESP_NODE_04,2,14,2026-05-30 18:43:40
ESP_NODE_01,3,1,2026-05-30 18:44:03
ESP_NODE_02,2,5,2026-05-30 18:44:03
ESP_NODE_04,2,8,2026-05-30 18:44:46
ESP_NODE_01,4,4,2026-05-30 18:45:08
ESP_NODE_02,2,5,2026-05-30 18:45:08
ESP_NODE_04,4,7,2026-05-30 18:45:52
ESP_NODE_01,4,4,2026-05-30 18:46:14
ESP_NODE_02,2,5,2026-05-30 18:46:14
ESP_NODE_04,5,8,2026-05-30 18:46:58
ESP_NODE_01,2,4,2026-05-30 18:47:20
ESP_NODE_02,3,4,2026-05-30 18:47:20
ESP_NODE_04,4,6,2026-05-30 18:48:04
ESP_NODE_01,5,3,2026-05-30 18:48:26
ESP_NODE_02,3,5,2026-05-30 18:48:26
ESP_NODE_04,1,11,2026-05-30 18:49:10
ESP_NODE_04,4,7,2026-05-30 18:50:16
ESP_NODE_01,5,4,2026-05-30 18:50:37
ESP_NODE_02,3,4,2026-05-30 18:50:37
ESP_NODE_01,4,1,2026-05-30 18:51:43
ESP_NODE_02,2,6,2026-05-30 18:51:43
ESP_NODE_04,2,4,2026-05-30 18:52:29
ESP_NODE_01,3,2,2026-05-30 18:52:49
ESP_NODE_02,3,5,2026-05-30 18:52:49
ESP_NODE_01,3,1,2026-05-30 18:53:55
ESP_NODE_02,3,4,2026-05-30 18:53:55
ESP_NODE_04,2,6,2026-05-30 18:54:41
ESP_NODE_01,1,4,2026-05-30 18:55:01
ESP_NODE_02,3,4,2026-05-30 18:55:01
ESP_NODE_04,4,4,2026-05-30 18:55:47
ESP_NODE_01,4,1,2026-05-30 18:56:07
ESP_NODE_02,3,5,2026-05-30 18:56:07
ESP_NODE_04,3,3,2026-05-30 18:56:53
ESP_NODE_01,2,1,2026-05-30 18:57:13
ESP_NODE_02,4,4,2026-05-30 18:57:13
ESP_NODE_01,4,3,2026-05-30 18:58:19
ESP_NODE_02,2,4,2026-05-30 18:58:19
ESP_NODE_04,2,3,2026-05-30 18:59:05
ESP_NODE_01,6,1,2026-05-30 18:59:25
ESP_NODE_02,3,4,2026-05-30 18:59:25
ESP_NODE_04,2,2,2026-05-30 19:00:11
ESP_NODE_01,1,0,2026-05-30 19:00:30
ESP_NODE_02,0,0,2026-05-30 19:00:30
ESP_NODE_04,2,4,2026-05-30 19:01:17
ESP_NODE_01,2,0,2026-05-30 19:01:36
ESP_NODE_02,1,0,2026-05-30 19:01:36
ESP_NODE_04,2,3,2026-05-30 19:02:23
ESP_NODE_01,3,2,2026-05-30 19:02:43
ESP_NODE_02,2,1,2026-05-30 19:02:43
ESP_NODE_04,6,5,2026-05-30 19:03:29
ESP_NODE_01,1,0,2026-05-30 19:03:48
ESP_NODE_02,1,0,2026-05-30 19:03:48
ESP_NODE_01,0,0,2026-05-30 19:04:54
ESP_NODE_02,0,0,2026-05-30 19:04:54
ESP_NODE_04,1,6,2026-05-30 19:05:51
ESP_NODE_01,0,0,2026-05-30 19:06:00
ESP_NODE_02,0,0,2026-05-30 19:06:00
ESP_NODE_04,3,4,2026-05-30 19:06:57
ESP_NODE_01,1,1,2026-05-30 19:07:06
ESP_NODE_02,0,0,2026-05-30 19:07:06
ESP_NODE_04,7,4,2026-05-30 19:08:03
ESP_NODE_01,1,0,2026-05-30 19:08:12
ESP_NODE_02,1,0,2026-05-30 19:08:12
ESP_NODE_04,3,3,2026-05-30 19:09:09
ESP_NODE_04,1,3,2026-05-30 19:10:16
ESP_NODE_04,8,5,2026-05-30 19:11:22
ESP_NODE_04,3,4,2026-05-30 19:12:28
ESP_NODE_04,1,6,2026-05-30 19:13:35
ESP_NODE_04,2,6,2026-05-30 19:14:41
ESP_NODE_04,2,2,2026-05-30 19:15:47
ESP_NODE_04,3,3,2026-05-30 19:16:54
ESP_NODE_04,2,3,2026-05-30 19:18:00
ESP_NODE_04,4,2,2026-05-30 19:19:06
ESP_NODE_04,4,2,2026-05-30 19:20:12
ESP_NODE_04,4,3,2026-05-30 19:21:18
ESP_NODE_04,1,3,2026-05-30 19:22:24
ESP_NODE_04,4,3,2026-05-30 19:23:31
ESP_NODE_04,1,2,2026-05-30 19:24:37
ESP_NODE_04,2,4,2026-05-30 19:25:43
ESP_NODE_04,0,4,2026-05-30 19:26:49
ESP_NODE_04,4,5,2026-05-30 19:29:11
ESP_NODE_04,1,4,2026-05-30 19:30:17
ESP_NODE_04,3,3,2026-05-30 19:31:23
ESP_NODE_04,1,3,2026-05-30 19:32:30
ESP_NODE_04,2,3,2026-05-30 19:33:36
ESP_NODE_04,8,3,2026-05-30 19:34:42
ESP_NODE_04,9,6,2026-05-30 19:39:25
ESP_NODE_04,5,5,2026-05-30 19:40:31
ESP_NODE_04,7,6,2026-05-30 19:41:37
ESP_NODE_04,14,8,2026-05-30 19:42:44
ESP_NODE_04,16,4,2026-05-30 19:45:05
ESP_NODE_04,10,5,2026-05-30 19:47:26
ESP_NODE_04,5,6,2026-05-30 19:48:32
ESP_NODE_04,5,7,2026-05-30 19:49:39
ESP_NODE_04,4,5,2026-05-30 19:52:00
ESP_NODE_04,7,11,2026-05-30 19:58:03
ESP_NODE_04,4,9,2026-05-30 19:59:09
ESP_NODE_04,10,11,2026-05-30 20:00:15
ESP_NODE_04,7,11,2026-05-30 20:01:22
ESP_NODE_04,3,9,2026-05-30 20:02:28
ESP_NODE_04,4,7,2026-05-30 20:03:35
ESP_NODE_04,2,10,2026-05-30 20:04:41
ESP_NODE_04,7,8,2026-05-30 20:05:47
ESP_NODE_04,4,8,2026-05-30 20:06:53
ESP_NODE_04,8,6,2026-05-30 20:09:06
ESP_NODE_04,13,4,2026-05-30 20:11:27
ESP_NODE_04,6,7,2026-05-30 20:13:48
ESP_NODE_04,5,4,2026-05-30 20:14:55
ESP_NODE_04,5,6,2026-05-30 20:16:01
ESP_NODE_04,1,5,2026-05-30 20:17:08
ESP_NODE_04,2,3,2026-05-30 20:18:14
ESP_NODE_04,3,6,2026-05-30 20:19:21
ESP_NODE_04,9,8,2026-05-30 20:21:42
ESP_NODE_04,14,7,2026-05-30 20:24:03
ESP_NODE_04,15,8,2026-05-30 20:25:11
ESP_NODE_04,7,7,2026-05-30 20:30:05
ESP_NODE_04,5,11,2026-05-30 20:31:12
ESP_NODE_04,2,9,2026-05-30 20:32:18
ESP_NODE_04,14,13,2026-05-30 20:33:24
ESP_NODE_04,7,11,2026-05-30 20:34:30
ESP_NODE_04,6,13,2026-05-30 20:36:52
ESP_NODE_04,10,13,2026-05-30 20:37:58
ESP_NODE_04,6,8,2026-05-30 20:39:04
ESP_NODE_04,2,8,2026-05-30 20:40:10
ESP_NODE_04,6,11,2026-05-30 20:41:16
ESP_NODE_04,2,10,2026-05-30 20:42:22
ESP_NODE_04,1,12,2026-05-30 20:43:28
ESP_NODE_04,2,11,2026-05-30 20:45:50
ESP_NODE_04,1,8,2026-05-30 20:46:56
ESP_NODE_04,3,10,2026-05-30 20:48:02
ESP_NODE_04,4,12,2026-05-30 20:49:08
ESP_NODE_04,4,12,2026-05-30 20:50:14
ESP_NODE_04,7,11,2026-05-30 20:51:21
ESP_NODE_04,0,12,2026-05-30 20:52:27
ESP_NODE_04,6,14,2026-05-30 20:53:33
ESP_NODE_04,0,9,2026-05-30 20:54:39
ESP_NODE_04,4,11,2026-05-30 20:58:07
ESP_NODE_04,4,12,2026-05-30 20:59:13
ESP_NODE_04,0,10,2026-05-30 21:02:40
ESP_NODE_04,1,11,2026-05-30 21:05:02
ESP_NODE_04,0,14,2026-05-30 21:07:23
ESP_NODE_04,0,7,2026-05-30 21:08:29
ESP_NODE_04,0,12,2026-05-30 21:09:36
ESP_NODE_04,0,12,2026-05-30 21:10:43
ESP_NODE_04,1,11,2026-05-30 21:11:50
ESP_NODE_04,5,14,2026-05-30 21:14:11
ESP_NODE_04,4,11,2026-05-30 21:15:17
ESP_NODE_04,1,9,2026-05-30 21:17:38
ESP_NODE_04,2,8,2026-05-30 21:18:44
ESP_NODE_04,2,11,2026-05-30 21:23:36
ESP_NODE_04,7,7,2026-05-30 21:25:57
ESP_NODE_04,4,10,2026-05-30 21:27:03
ESP_NODE_04,19,8,2026-05-30 21:31:46
ESP_NODE_04,2,8,2026-05-30 21:32:52
ESP_NODE_04,3,9,2026-05-30 21:36:19
ESP_NODE_04,1,8,2026-05-30 21:37:26
ESP_NODE_04,3,7,2026-05-30 21:43:32
ESP_NODE_04,6,4,2026-05-30 21:44:38
ESP_NODE_04,4,5,2026-05-30 21:45:45
ESP_NODE_04,1,6,2026-05-30 21:48:12
ESP_NODE_04,6,4,2026-05-30 21:49:19
ESP_NODE_04,3,5,2026-05-30 21:52:58
ESP_NODE_04,0,4,2026-05-30 21:56:35
ESP_NODE_04,3,5,2026-05-30 21:57:41
ESP_NODE_04,0,9,2026-05-30 21:58:47
ESP_NODE_04,1,6,2026-05-30 21:59:53
ESP_NODE_04,0,4,2026-05-30 22:00:59
ESP_NODE_04,0,4,2026-05-30 22:03:12
ESP_NODE_04,1,5,2026-05-30 22:04:18
ESP_NODE_04,7,10,2026-05-30 22:06:39
ESP_NODE_04,4,8,2026-05-30 22:07:45
ESP_NODE_04,5,9,2026-05-30 22:08:51
ESP_NODE_04,3,8,2026-05-30 22:09:57
ESP_NODE_04,4,5,2026-05-30 22:12:10
ESP_NODE_04,0,2,2026-05-30 22:13:16
ESP_NODE_04,1,1,2026-05-30 22:15:37
ESP_NODE_04,2,2,2026-05-30 22:19:14
ESP_NODE_04,3,1,2026-05-30 22:20:21
ESP_NODE_04,1,2,2026-05-30 22:22:42
ESP_NODE_04,4,2,2026-05-30 22:23:49
ESP_NODE_04,2,3,2026-05-30 22:24:55
ESP_NODE_04,0,2,2026-05-30 22:27:17
ESP_NODE_04,2,1,2026-05-30 22:28:23
ESP_NODE_04,2,3,2026-05-30 22:29:29
ESP_NODE_04,0,3,2026-05-30 22:30:35
ESP_NODE_04,1,3,2026-05-30 22:31:42
ESP_NODE_04,0,2,2026-05-30 22:32:48
ESP_NODE_04,2,2,2026-05-30 22:33:54
ESP_NODE_04,2,2,2026-05-30 22:35:01
ESP_NODE_04,1,1,2026-05-30 22:36:07
ESP_NODE_04,0,0,2026-05-30 22:37:13
ESP_NODE_04,0,1,2026-05-30 22:38:19
ESP_NODE_04,1,2,2026-05-30 22:39:25
ESP_NODE_04,2,2,2026-05-30 22:40:31
ESP_NODE_04,2,3,2026-05-30 22:42:52
ESP_NODE_04,2,4,2026-05-30 22:43:58
ESP_NODE_04,3,3,2026-05-30 22:45:05
ESP_NODE_04,6,3,2026-05-30 22:46:11
ESP_NODE_04,4,3,2026-05-30 22:47:17
ESP_NODE_04,0,1,2026-05-30 22:48:23
ESP_NODE_04,0,2,2026-05-30 22:49:30
ESP_NODE_04,2,1,2026-05-30 22:50:36
ESP_NODE_04,0,0,2026-05-30 22:51:41
ESP_NODE_04,4,2,2026-05-30 22:52:48
ESP_NODE_04,0,1,2026-05-30 22:53:53
ESP_NODE_04,4,1,2026-05-30 22:54:59
ESP_NODE_04,2,1,2026-05-30 22:56:05
ESP_NODE_04,1,2,2026-05-30 22:57:12
ESP_NODE_04,2,2,2026-05-30 22:59:33
ESP_NODE_04,4,1,2026-05-30 23:00:39
ESP_NODE_04,0,1,2026-05-30 23:01:45
ESP_NODE_04,0,0,2026-05-30 23:02:51
ESP_NODE_04,0,0,2026-05-30 23:03:57
ESP_NODE_04,0,0,2026-05-30 23:07:24
ESP_NODE_04,0,0,2026-05-30 23:08:30
ESP_NODE_04,0,0,2026-05-30 23:10:52
ESP_NODE_04,3,0,2026-05-30 23:11:58
ESP_NODE_04,1,0,2026-05-30 23:13:04
ESP_NODE_04,0,0,2026-05-30 23:14:10
ESP_NODE_04,0,0,2026-05-30 23:15:16
ESP_NODE_04,2,0,2026-05-30 23:16:22
ESP_NODE_04,1,0,2026-05-30 23:17:28
ESP_NODE_04,0,0,2026-05-30 23:18:34
ESP_NODE_04,0,0,2026-05-30 23:19:40
ESP_NODE_04,1,0,2026-05-30 23:20:46
ESP_NODE_04,0,0,2026-05-30 23:22:59
ESP_NODE_04,3,0,2026-05-30 23:24:05
ESP_NODE_04,0,0,2026-05-30 23:25:11
ESP_NODE_04,2,0,2026-05-30 23:26:17
ESP_NODE_04,1,0,2026-05-30 23:28:29
ESP_NODE_04,1,0,2026-05-30 23:30:50
ESP_NODE_04,2,0,2026-05-30 23:31:56
ESP_NODE_04,1,1,2026-05-30 23:33:02
ESP_NODE_04,0,0,2026-05-30 23:36:39
ESP_NODE_04,0,1,2026-05-30 23:40:16
ESP_NODE_04,2,1,2026-05-30 23:42:37
ESP_NODE_04,1,0,2026-05-30 23:46:05
ESP_NODE_04,0,0,2026-05-30 23:48:26
ESP_NODE_04,0,0,2026-05-30 23:50:47
ESP_NODE_04,0,1,2026-05-30 23:53:08
ESP_NODE_04,0,1,2026-05-30 23:56:35
ESP_NODE_04,1,1,2026-05-30 23:57:41
ESP_NODE_04,0,1,2026-05-31 00:20:48
ESP_NODE_04,0,0,2026-05-31 00:21:53
ESP_NODE_04,0,0,2026-05-31 00:23:00
ESP_NODE_04,0,0,2026-05-31 00:24:06
ESP_NODE_04,0,1,2026-05-31 00:26:27
ESP_NODE_04,0,0,2026-05-31 00:32:33
ESP_NODE_04,0,0,2026-05-31 00:34:55
ESP_NODE_04,0,0,2026-05-31 00:36:01
ESP_NODE_04,0,0,2026-05-31 00:40:43
ESP_NODE_04,4,1,2026-05-31 00:43:04
ESP_NODE_04,0,3,2026-05-31 00:46:40
ESP_NODE_04,0,2,2026-05-31 00:49:01
ESP_NODE_04,0,3,2026-05-31 00:50:07
ESP_NODE_04,0,4,2026-05-31 00:51:14
ESP_NODE_04,0,3,2026-05-31 00:52:20
ESP_NODE_04,5,3,2026-05-31 00:54:41
ESP_NODE_04,0,5,2026-05-31 01:00:47
ESP_NODE_04,0,4,2026-05-31 01:03:08
ESP_NODE_04,0,6,2026-05-31 01:05:30
ESP_NODE_04,0,3,2026-05-31 01:06:39
ESP_NODE_04,0,3,2026-05-31 01:07:50
ESP_NODE_04,0,4,2026-05-31 01:12:42
ESP_NODE_04,6,3,2026-05-31 01:13:48
ESP_NODE_04,0,3,2026-05-31 01:14:54
ESP_NODE_04,0,3,2026-05-31 01:16:00
ESP_NODE_04,0,4,2026-05-31 01:18:22
ESP_NODE_04,0,5,2026-05-31 01:20:43
ESP_NODE_04,0,4,2026-05-31 01:23:04
ESP_NODE_04,0,5,2026-05-31 01:24:11
ESP_NODE_04,0,2,2026-05-31 01:25:17
ESP_NODE_04,0,4,2026-05-31 01:26:23
ESP_NODE_04,12,2,2026-05-31 01:27:29
ESP_NODE_04,2,3,2026-05-31 01:29:50
ESP_NODE_04,0,4,2026-05-31 01:30:56
ESP_NODE_04,0,3,2026-05-31 01:32:02
ESP_NODE_04,0,3,2026-05-31 01:34:14
ESP_NODE_04,0,3,2026-05-31 01:35:20
ESP_NODE_04,0,3,2026-05-31 01:36:27
ESP_NODE_04,0,3,2026-05-31 01:40:03
ESP_NODE_04,0,3,2026-05-31 01:41:09
ESP_NODE_04,1,3,2026-05-31 01:43:30
ESP_NODE_04,7,4,2026-05-31 01:45:52
ESP_NODE_04,0,3,2026-05-31 01:48:13
ESP_NODE_04,0,4,2026-05-31 01:49:19
ESP_NODE_04,0,4,2026-05-31 01:51:40
ESP_NODE_04,0,3,2026-05-31 01:54:01
ESP_NODE_04,1,2,2026-05-31 01:55:07
ESP_NODE_04,0,4,2026-05-31 01:57:28
ESP_NODE_04,0,3,2026-05-31 01:59:49
ESP_NODE_04,0,3,2026-05-31 02:00:56
ESP_NODE_04,1,4,2026-05-31 02:02:02
ESP_NODE_04,0,3,2026-05-31 02:03:08
ESP_NODE_04,5,6,2026-05-31 02:05:29
ESP_NODE_04,0,5,2026-05-31 02:06:35
ESP_NODE_04,0,3,2026-05-31 02:07:41
ESP_NODE_04,1,3,2026-05-31 02:10:02
ESP_NODE_04,0,4,2026-05-31 02:12:23
ESP_NODE_04,0,3,2026-05-31 02:13:29
ESP_NODE_04,4,4,2026-05-31 02:15:50
ESP_NODE_04,6,3,2026-05-31 02:16:56
ESP_NODE_04,0,5,2026-05-31 02:18:03
ESP_NODE_04,0,4,2026-05-31 02:19:09
ESP_NODE_04,1,3,2026-05-31 02:21:30
ESP_NODE_04,0,4,2026-05-31 02:23:51
ESP_NODE_04,0,0,2026-05-31 02:24:57
ESP_NODE_04,0,0,2026-05-31 02:26:03
ESP_NODE_04,0,0,2026-05-31 02:27:09
ESP_NODE_04,0,0,2026-05-31 02:28:15
ESP_NODE_04,0,0,2026-05-31 02:29:21
ESP_NODE_04,0,0,2026-05-31 02:35:26
ESP_NODE_04,0,0,2026-05-31 02:36:37
ESP_NODE_04,0,0,2026-05-31 02:40:04
ESP_NODE_04,0,0,2026-05-31 02:42:25
ESP_NODE_04,0,0,2026-05-31 02:43:31
ESP_NODE_04,0,0,2026-05-31 02:44:37
ESP_NODE_04,0,0,2026-05-31 02:45:43
ESP_NODE_04,2,0,2026-05-31 02:48:05
ESP_NODE_04,0,0,2026-05-31 02:54:02
ESP_NODE_04,0,0,2026-05-31 02:55:08
ESP_NODE_04,0,0,2026-05-31 02:56:14
ESP_NODE_04,0,0,2026-05-31 02:58:36
ESP_NODE_04,0,0,2026-05-31 02:59:42
ESP_NODE_04,0,0,2026-05-31 03:00:48
ESP_NODE_04,0,0,2026-05-31 03:01:54
ESP_NODE_04,0,0,2026-05-31 03:03:00
ESP_NODE_04,0,0,2026-05-31 03:04:06
ESP_NODE_04,0,0,2026-05-31 03:06:27
ESP_NODE_04,0,0,2026-05-31 03:07:33
ESP_NODE_04,0,0,2026-05-31 03:08:39
ESP_NODE_04,0,0,2026-05-31 03:09:46
ESP_NODE_04,0,0,2026-05-31 03:10:52
ESP_NODE_04,0,0,2026-05-31 03:11:58
ESP_NODE_04,0,0,2026-05-31 03:13:04
ESP_NODE_04,0,0,2026-05-31 03:14:10
ESP_NODE_04,0,0,2026-05-31 03:16:31
ESP_NODE_04,0,0,2026-05-31 03:20:08
ESP_NODE_04,0,0,2026-05-31 03:22:29
ESP_NODE_04,0,0,2026-05-31 03:23:35
ESP_NODE_04,0,0,2026-05-31 03:24:41
ESP_NODE_04,0,0,2026-05-31 03:28:09
ESP_NODE_04,0,0,2026-05-31 03:30:30
ESP_NODE_04,0,0,2026-05-31 03:32:51
ESP_NODE_04,0,0,2026-05-31 03:33:57
ESP_NODE_04,0,0,2026-05-31 03:35:03
ESP_NODE_04,0,0,2026-05-31 03:36:09
ESP_NODE_04,0,0,2026-05-31 03:38:30
ESP_NODE_04,0,0,2026-05-31 03:39:36
ESP_NODE_04,0,0,2026-05-31 03:40:42
ESP_NODE_04,0,0,2026-05-31 03:41:48
ESP_NODE_04,0,0,2026-05-31 03:42:54
ESP_NODE_04,0,0,2026-05-31 03:45:15
ESP_NODE_04,0,0,2026-05-31 03:46:22
ESP_NODE_04,0,0,2026-05-31 03:51:13
ESP_NODE_04,0,0,2026-05-31 03:53:34
ESP_NODE_04,0,0,2026-05-31 03:54:41
ESP_NODE_04,0,0,2026-05-31 03:55:47
ESP_NODE_04,0,0,2026-05-31 03:56:54
ESP_NODE_04,0,0,2026-05-31 04:05:31
ESP_NODE_04,0,0,2026-05-31 04:06:37
ESP_NODE_04,0,0,2026-05-31 04:07:43
ESP_NODE_04,0,0,2026-05-31 04:10:04
ESP_NODE_04,0,0,2026-05-31 04:11:10
ESP_NODE_04,0,0,2026-05-31 04:12:17
ESP_NODE_04,0,0,2026-05-31 04:13:23
ESP_NODE_04,0,0,2026-05-31 04:15:44
ESP_NODE_04,0,0,2026-05-31 04:19:20
ESP_NODE_04,0,0,2026-05-31 04:20:27
ESP_NODE_04,0,0,2026-05-31 04:26:33
ESP_NODE_04,0,0,2026-05-31 04:31:24
ESP_NODE_04,0,0,2026-05-31 04:32:30
ESP_NODE_04,0,0,2026-05-31 04:33:36
ESP_NODE_04,0,0,2026-05-31 04:35:58
ESP_NODE_04,0,0,2026-05-31 04:37:04
ESP_NODE_04,0,0,2026-05-31 04:38:10
ESP_NODE_04,0,0,2026-05-31 04:39:16
ESP_NODE_04,0,0,2026-05-31 04:40:21
ESP_NODE_04,0,0,2026-05-31 04:42:43
ESP_NODE_04,0,0,2026-05-31 04:43:49
ESP_NODE_04,0,0,2026-05-31 04:44:54
ESP_NODE_04,0,0,2026-05-31 04:46:00
ESP_NODE_04,0,0,2026-05-31 04:47:07
ESP_NODE_04,0,0,2026-05-31 04:50:43
ESP_NODE_04,0,0,2026-05-31 04:53:04
ESP_NODE_04,0,0,2026-05-31 04:55:25
ESP_NODE_04,0,0,2026-05-31 04:56:31
ESP_NODE_04,0,0,2026-05-31 04:57:38
ESP_NODE_04,0,0,2026-05-31 04:58:44
ESP_NODE_04,0,0,2026-05-31 04:59:50
ESP_NODE_04,0,0,2026-05-31 05:00:56
ESP_NODE_04,0,0,2026-05-31 05:03:18
ESP_NODE_04,0,0,2026-05-31 05:06:54
ESP_NODE_04,0,0,2026-05-31 05:09:15
ESP_NODE_04,0,0,2026-05-31 05:11:36
ESP_NODE_04,0,0,2026-05-31 05:12:43
ESP_NODE_04,0,0,2026-05-31 05:13:48
ESP_NODE_04,0,0,2026-05-31 05:14:55
ESP_NODE_04,0,0,2026-05-31 05:17:07
ESP_NODE_04,0,0,2026-05-31 05:19:19
ESP_NODE_04,0,0,2026-05-31 05:20:25
ESP_NODE_04,0,0,2026-05-31 05:24:01
ESP_NODE_04,0,0,2026-05-31 05:25:07
ESP_NODE_04,0,0,2026-05-31 05:26:14
ESP_NODE_04,0,0,2026-05-31 05:28:27
ESP_NODE_04,0,0,2026-05-31 05:29:35
ESP_NODE_04,0,0,2026-05-31 05:30:47
ESP_NODE_04,0,0,2026-05-31 05:33:14
ESP_NODE_04,0,0,2026-05-31 05:35:35
ESP_NODE_04,0,0,2026-05-31 05:37:56
ESP_NODE_04,0,0,2026-05-31 05:39:03
ESP_NODE_04,0,0,2026-05-31 05:40:09
ESP_NODE_04,0,0,2026-05-31 05:41:15
ESP_NODE_04,0,0,2026-05-31 05:42:21
ESP_NODE_04,0,0,2026-05-31 05:43:27
ESP_NODE_04,0,0,2026-05-31 05:44:33
ESP_NODE_04,0,0,2026-05-31 05:45:39
ESP_NODE_04,0,0,2026-05-31 05:46:46
ESP_NODE_04,0,0,2026-05-31 05:47:52
ESP_NODE_04,0,0,2026-05-31 05:48:58
ESP_NODE_04,0,0,2026-05-31 05:50:04
ESP_NODE_04,0,0,2026-05-31 05:52:25
ESP_NODE_04,0,0,2026-05-31 05:54:38
ESP_NODE_04,0,0,2026-05-31 05:55:44
ESP_NODE_04,0,0,2026-05-31 05:56:51
ESP_NODE_04,0,0,2026-05-31 05:57:57
ESP_NODE_04,0,0,2026-05-31 05:59:03
ESP_NODE_04,0,0,2026-05-31 06:00:10
ESP_NODE_04,0,0,2026-05-31 06:01:17
ESP_NODE_04,0,0,2026-05-31 06:02:24
ESP_NODE_04,0,0,2026-05-31 06:03:31
ESP_NODE_04,0,0,2026-05-31 06:04:38
ESP_NODE_04,0,0,2026-05-31 06:05:45
ESP_NODE_04,0,0,2026-05-31 06:06:51
ESP_NODE_04,0,0,2026-05-31 06:07:57
ESP_NODE_04,0,0,2026-05-31 06:09:03
ESP_NODE_04,0,0,2026-05-31 06:11:17
ESP_NODE_04,0,0,2026-05-31 06:12:23
ESP_NODE_04,0,0,2026-05-31 06:14:44
ESP_NODE_04,0,0,2026-05-31 06:15:50
ESP_NODE_04,0,0,2026-05-31 06:16:56
ESP_NODE_04,0,0,2026-05-31 06:19:20
ESP_NODE_04,0,0,2026-05-31 06:21:37
ESP_NODE_04,1,0,2026-05-31 06:22:44
ESP_NODE_04,0,0,2026-05-31 06:25:05
ESP_NODE_04,0,0,2026-05-31 06:26:12
ESP_NODE_04,0,0,2026-05-31 06:27:18
ESP_NODE_04,1,0,2026-05-31 06:28:24
ESP_NODE_04,0,0,2026-05-31 06:29:30
ESP_NODE_04,0,0,2026-05-31 06:30:36
ESP_NODE_04,0,0,2026-05-31 06:31:42
ESP_NODE_04,0,0,2026-05-31 06:32:49
ESP_NODE_04,0,0,2026-05-31 06:33:55
ESP_NODE_04,0,0,2026-05-31 06:35:01
ESP_NODE_04,0,0,2026-05-31 06:36:07
ESP_NODE_04,0,0,2026-05-31 06:37:13
ESP_NODE_04,0,0,2026-05-31 06:38:19
ESP_NODE_04,0,0,2026-05-31 06:55:42
ESP_NODE_04,0,0,2026-05-31 06:56:49
ESP_NODE_04,0,0,2026-05-31 06:57:56
ESP_NODE_04,0,0,2026-05-31 06:59:06
ESP_NODE_04,0,0,2026-05-31 07:00:19
ESP_NODE_04,0,0,2026-05-31 07:01:26
ESP_NODE_04,0,0,2026-05-31 07:02:33
ESP_NODE_04,0,0,2026-05-31 07:03:41
ESP_NODE_04,0,0,2026-05-31 07:04:47
ESP_NODE_04,0,0,2026-05-31 07:07:08
ESP_NODE_04,5,0,2026-05-31 07:08:14
ESP_NODE_04,0,0,2026-05-31 07:09:20
ESP_NODE_04,0,0,2026-05-31 07:10:27
ESP_NODE_04,0,0,2026-05-31 07:11:33
ESP_NODE_04,1,0,2026-05-31 07:12:39
ESP_NODE_04,0,0,2026-05-31 07:13:45
ESP_NODE_04,0,0,2026-05-31 07:14:52
ESP_NODE_04,0,0,2026-05-31 07:15:58
ESP_NODE_04,0,0,2026-05-31 07:17:04
ESP_NODE_04,0,0,2026-05-31 07:18:14
ESP_NODE_04,0,0,2026-05-31 07:19:20
ESP_NODE_04,0,0,2026-05-31 07:20:26
ESP_NODE_04,0,0,2026-05-31 07:21:32
ESP_NODE_04,0,0,2026-05-31 07:22:39
ESP_NODE_04,0,0,2026-05-31 07:23:45
ESP_NODE_04,0,0,2026-05-31 07:24:51
ESP_NODE_04,0,0,2026-05-31 07:25:57
ESP_NODE_04,0,0,2026-05-31 07:27:03
ESP_NODE_04,0,0,2026-05-31 07:28:09
ESP_NODE_04,0,0,2026-05-31 07:29:16
ESP_NODE_04,0,0,2026-05-31 07:30:22
ESP_NODE_04,0,0,2026-05-31 07:31:30
ESP_NODE_04,0,0,2026-05-31 07:32:36
ESP_NODE_04,0,0,2026-05-31 07:33:42
ESP_NODE_04,0,0,2026-05-31 07:35:57
ESP_NODE_04,0,0,2026-05-31 07:37:03
ESP_NODE_04,0,0,2026-05-31 07:40:40
ESP_NODE_04,0,0,2026-05-31 07:41:46
ESP_NODE_04,0,0,2026-05-31 07:42:52
ESP_NODE_04,0,0,2026-05-31 07:43:58
ESP_NODE_04,0,0,2026-05-31 07:45:05
ESP_NODE_04,0,0,2026-05-31 07:46:12
ESP_NODE_04,0,0,2026-05-31 07:47:18
ESP_NODE_04,1,0,2026-05-31 07:48:24
ESP_NODE_04,0,0,2026-05-31 07:49:30
ESP_NODE_04,0,0,2026-05-31 07:50:36
ESP_NODE_04,0,0,2026-05-31 07:51:43
ESP_NODE_04,0,0,2026-05-31 07:52:50
ESP_NODE_04,0,0,2026-05-31 07:53:56
ESP_NODE_04,0,0,2026-05-31 07:55:02
ESP_NODE_04,0,0,2026-05-31 07:56:09
ESP_NODE_04,0,0,2026-05-31 07:57:15
ESP_NODE_04,0,0,2026-05-31 07:58:22
ESP_NODE_04,0,0,2026-05-31 07:59:28
ESP_NODE_04,0,0,2026-05-31 08:00:35
ESP_NODE_04,0,0,2026-05-31 08:01:42
ESP_NODE_04,1,0,2026-05-31 08:02:47
ESP_NODE_04,0,0,2026-05-31 08:03:54
ESP_NODE_04,0,0,2026-05-31 08:05:00
ESP_NODE_04,0,0,2026-05-31 08:06:12
ESP_NODE_04,0,0,2026-05-31 08:07:17
ESP_NODE_04,0,0,2026-05-31 08:09:39
ESP_NODE_04,0,0,2026-05-31 08:10:45
ESP_NODE_04,0,0,2026-05-31 08:11:51
ESP_NODE_04,0,0,2026-05-31 08:12:57
ESP_NODE_04,0,0,2026-05-31 08:15:10
ESP_NODE_04,0,0,2026-05-31 08:16:17
ESP_NODE_04,0,0,2026-05-31 08:17:24
ESP_NODE_04,0,0,2026-05-31 08:18:30
ESP_NODE_04,0,0,2026-05-31 08:19:36
ESP_NODE_04,0,0,2026-05-31 08:20:43
ESP_NODE_04,0,0,2026-05-31 08:23:08
ESP_NODE_04,0,0,2026-05-31 08:24:21
ESP_NODE_04,0,0,2026-05-31 08:25:27
ESP_NODE_04,0,0,2026-05-31 08:26:37
ESP_NODE_04,1,0,2026-05-31 08:27:44
ESP_NODE_04,0,0,2026-05-31 08:28:50
ESP_NODE_04,0,0,2026-05-31 08:31:12
ESP_NODE_04,0,0,2026-05-31 08:32:18
ESP_NODE_04,0,0,2026-05-31 08:33:25
ESP_NODE_04,0,0,2026-05-31 08:34:30
ESP_NODE_04,0,0,2026-05-31 08:35:37
ESP_NODE_04,0,0,2026-05-31 08:38:03
ESP_NODE_04,0,0,2026-05-31 08:39:11
ESP_NODE_04,0,0,2026-05-31 08:40:17
ESP_NODE_04,0,0,2026-05-31 08:41:24
ESP_NODE_04,0,0,2026-05-31 08:42:31
ESP_NODE_04,0,0,2026-05-31 08:43:37
ESP_NODE_04,0,0,2026-05-31 08:44:43
ESP_NODE_04,0,0,2026-05-31 08:47:04
ESP_NODE_04,0,0,2026-05-31 08:49:16
ESP_NODE_04,0,0,2026-05-31 08:50:22
ESP_NODE_04,0,0,2026-05-31 08:51:31
ESP_NODE_04,0,0,2026-05-31 08:53:43
ESP_NODE_04,0,0,2026-05-31 08:54:49
ESP_NODE_04,0,0,2026-05-31 08:57:02
ESP_NODE_04,0,0,2026-05-31 08:58:08
ESP_NODE_04,0,0,2026-05-31 09:00:29
ESP_NODE_04,0,0,2026-05-31 09:01:36
ESP_NODE_04,0,0,2026-05-31 09:02:42
ESP_NODE_04,0,0,2026-05-31 09:03:48
ESP_NODE_04,0,0,2026-05-31 09:04:56
ESP_NODE_04,0,0,2026-05-31 09:06:03
ESP_NODE_04,0,0,2026-05-31 09:09:30
ESP_NODE_04,0,0,2026-05-31 09:10:37
ESP_NODE_04,0,0,2026-05-31 09:11:42
ESP_NODE_04,0,0,2026-05-31 09:14:04
ESP_NODE_04,0,0,2026-05-31 09:15:10
ESP_NODE_04,0,0,2026-05-31 09:16:16
ESP_NODE_04,0,0,2026-05-31 09:17:22
ESP_NODE_04,0,0,2026-05-31 09:18:28
ESP_NODE_04,0,0,2026-05-31 09:19:34
ESP_NODE_04,0,0,2026-05-31 09:20:40
ESP_NODE_04,0,0,2026-05-31 09:21:46
ESP_NODE_04,0,0,2026-05-31 09:22:52
ESP_NODE_04,0,0,2026-05-31 09:25:04
ESP_NODE_04,0,0,2026-05-31 09:26:10
ESP_NODE_04,0,0,2026-05-31 09:28:32
ESP_NODE_04,0,0,2026-05-31 09:29:38
ESP_NODE_04,0,0,2026-05-31 09:31:59
ESP_NODE_04,0,0,2026-05-31 09:34:20
ESP_NODE_01,0,0,2026-05-31 09:35:48
ESP_NODE_02,4,6,2026-05-31 09:35:48
ESP_NODE_04,0,0,2026-05-31 09:36:49
ESP_NODE_01,0,2,2026-05-31 09:36:55
ESP_NODE_02,3,6,2026-05-31 09:36:55
ESP_NODE_04,0,0,2026-05-31 09:37:55
ESP_NODE_01,1,1,2026-05-31 09:38:01
ESP_NODE_02,3,4,2026-05-31 09:38:01
ESP_NODE_04,0,0,2026-05-31 09:39:01
ESP_NODE_01,0,1,2026-05-31 09:39:07
ESP_NODE_02,4,5,2026-05-31 09:39:07
ESP_NODE_04,0,0,2026-05-31 09:40:07
ESP_NODE_01,0,1,2026-05-31 09:40:13
ESP_NODE_02,2,5,2026-05-31 09:40:13
ESP_NODE_04,0,0,2026-05-31 09:41:14
ESP_NODE_01,0,1,2026-05-31 09:41:19
ESP_NODE_02,3,5,2026-05-31 09:41:19
ESP_NODE_04,0,0,2026-05-31 09:42:20
ESP_NODE_01,0,1,2026-05-31 09:42:25
ESP_NODE_02,4,5,2026-05-31 09:42:25
ESP_NODE_01,1,1,2026-05-31 09:43:31
ESP_NODE_02,3,6,2026-05-31 09:43:31
ESP_NODE_01,0,1,2026-05-31 09:44:37
ESP_NODE_02,2,5,2026-05-31 09:44:37
ESP_NODE_01,0,2,2026-05-31 09:46:49
ESP_NODE_02,4,5,2026-05-31 09:46:49
ESP_NODE_04,0,0,2026-05-31 09:47:10
ESP_NODE_01,0,1,2026-05-31 09:47:55
ESP_NODE_02,4,4,2026-05-31 09:47:55
ESP_NODE_04,0,0,2026-05-31 09:48:20
ESP_NODE_01,0,2,2026-05-31 09:49:02
ESP_NODE_02,4,4,2026-05-31 09:49:02
ESP_NODE_04,0,0,2026-05-31 09:49:27
ESP_NODE_01,0,2,2026-05-31 09:50:08
ESP_NODE_02,3,5,2026-05-31 09:50:08
ESP_NODE_04,0,0,2026-05-31 09:50:33
ESP_NODE_01,1,1,2026-05-31 09:51:14
ESP_NODE_02,3,4,2026-05-31 09:51:14
ESP_NODE_04,0,0,2026-05-31 09:51:39
ESP_NODE_01,0,1,2026-05-31 09:52:20
ESP_NODE_02,3,6,2026-05-31 09:52:20
ESP_NODE_04,0,0,2026-05-31 09:52:45
ESP_NODE_01,0,1,2026-05-31 09:53:26
ESP_NODE_02,3,5,2026-05-31 09:53:26
ESP_NODE_01,0,1,2026-05-31 09:54:32
ESP_NODE_02,3,5,2026-05-31 09:54:32
ESP_NODE_04,0,0,2026-05-31 09:55:06
ESP_NODE_01,0,2,2026-05-31 09:55:38
ESP_NODE_02,2,5,2026-05-31 09:55:38
ESP_NODE_04,0,0,2026-05-31 09:56:13
ESP_NODE_01,1,3,2026-05-31 09:56:44
ESP_NODE_02,3,6,2026-05-31 09:56:44
ESP_NODE_04,0,0,2026-05-31 09:57:19
ESP_NODE_01,0,1,2026-05-31 09:57:50
ESP_NODE_02,2,5,2026-05-31 09:57:50
ESP_NODE_04,0,0,2026-05-31 09:58:25
ESP_NODE_01,1,1,2026-05-31 09:58:56
ESP_NODE_02,4,5,2026-05-31 09:58:56
ESP_NODE_04,0,0,2026-05-31 09:59:31
ESP_NODE_01,0,1,2026-05-31 10:01:17
ESP_NODE_02,2,4,2026-05-31 10:01:17
ESP_NODE_04,0,0,2026-05-31 10:01:52
ESP_NODE_01,0,1,2026-05-31 10:02:23
ESP_NODE_02,3,4,2026-05-31 10:02:23
ESP_NODE_04,0,0,2026-05-31 10:02:58
ESP_NODE_01,0,2,2026-05-31 10:03:29
ESP_NODE_02,4,5,2026-05-31 10:03:29
ESP_NODE_04,0,0,2026-05-31 10:04:05
ESP_NODE_01,0,1,2026-05-31 10:04:34
ESP_NODE_02,3,5,2026-05-31 10:04:34
ESP_NODE_04,0,0,2026-05-31 10:05:11
ESP_NODE_01,1,1,2026-05-31 10:05:41
ESP_NODE_02,4,5,2026-05-31 10:05:41
ESP_NODE_04,0,0,2026-05-31 10:06:17
ESP_NODE_01,3,2,2026-05-31 10:06:47
ESP_NODE_02,2,4,2026-05-31 10:06:47
ESP_NODE_04,0,0,2026-05-31 10:07:23
ESP_NODE_01,1,1,2026-05-31 10:07:53
ESP_NODE_02,3,4,2026-05-31 10:07:53
ESP_NODE_04,0,0,2026-05-31 10:08:29
ESP_NODE_01,1,2,2026-05-31 10:08:59
ESP_NODE_02,4,4,2026-05-31 10:08:59
ESP_NODE_01,0,2,2026-05-31 10:10:05
ESP_NODE_02,4,5,2026-05-31 10:10:05
ESP_NODE_01,1,1,2026-05-31 10:11:11
ESP_NODE_02,3,6,2026-05-31 10:11:11
ESP_NODE_04,0,0,2026-05-31 10:11:57
ESP_NODE_04,0,0,2026-05-31 10:13:03
ESP_NODE_01,1,1,2026-05-31 10:13:23
ESP_NODE_02,2,4,2026-05-31 10:13:23
ESP_NODE_01,0,2,2026-05-31 10:14:29
ESP_NODE_02,3,4,2026-05-31 10:14:29
ESP_NODE_04,0,0,2026-05-31 10:15:24
ESP_NODE_01,0,1,2026-05-31 10:15:35
ESP_NODE_02,2,5,2026-05-31 10:15:35
ESP_NODE_04,0,0,2026-05-31 10:17:45
ESP_NODE_01,0,4,2026-05-31 10:17:47
ESP_NODE_02,3,5,2026-05-31 10:17:47
ESP_NODE_01,1,2,2026-05-31 10:18:53
ESP_NODE_02,3,6,2026-05-31 10:18:53
ESP_NODE_04,0,0,2026-05-31 10:19:58
ESP_NODE_01,0,2,2026-05-31 10:19:59
ESP_NODE_02,4,4,2026-05-31 10:19:59
ESP_NODE_01,1,4,2026-05-31 10:21:05
ESP_NODE_02,3,4,2026-05-31 10:21:05
ESP_NODE_01,2,4,2026-05-31 10:22:11
ESP_NODE_02,2,5,2026-05-31 10:22:11
ESP_NODE_04,0,0,2026-05-31 10:22:19
ESP_NODE_01,2,3,2026-05-31 10:23:18
ESP_NODE_02,4,4,2026-05-31 10:23:18
ESP_NODE_04,0,0,2026-05-31 10:23:25
ESP_NODE_01,3,4,2026-05-31 10:24:24
ESP_NODE_02,3,5,2026-05-31 10:24:24
ESP_NODE_04,0,0,2026-05-31 10:24:32
ESP_NODE_01,7,19,2026-05-31 10:25:30
ESP_NODE_02,4,7,2026-05-31 10:25:30
ESP_NODE_04,0,0,2026-05-31 10:25:38
ESP_NODE_01,10,19,2026-05-31 10:26:36
ESP_NODE_02,6,7,2026-05-31 10:26:36
ESP_NODE_04,0,0,2026-05-31 10:26:44
ESP_NODE_01,17,31,2026-05-31 10:27:42
ESP_NODE_02,10,11,2026-05-31 10:27:42
ESP_NODE_04,0,0,2026-05-31 10:27:50
ESP_NODE_01,18,29,2026-05-31 10:28:49
ESP_NODE_02,10,10,2026-05-31 10:28:49
ESP_NODE_04,0,0,2026-05-31 10:28:56
ESP_NODE_04,0,0,2026-05-31 10:30:02
ESP_NODE_01,6,28,2026-05-31 10:31:01
ESP_NODE_02,3,10,2026-05-31 10:31:01
ESP_NODE_04,0,0,2026-05-31 10:31:08
ESP_NODE_01,13,37,2026-05-31 10:32:07
ESP_NODE_02,8,14,2026-05-31 10:32:07
ESP_NODE_01,11,39,2026-05-31 10:33:13
ESP_NODE_02,6,14,2026-05-31 10:33:13
ESP_NODE_04,0,0,2026-05-31 10:33:29
ESP_NODE_01,18,38,2026-05-31 10:34:20
ESP_NODE_02,11,14,2026-05-31 10:34:20
ESP_NODE_04,0,0,2026-05-31 10:34:35
ESP_NODE_01,24,52,2026-05-31 10:35:26
ESP_NODE_02,14,19,2026-05-31 10:35:26
ESP_NODE_04,0,0,2026-05-31 10:35:41
ESP_NODE_04,0,0,2026-05-31 10:36:47
ESP_NODE_01,11,46,2026-05-31 10:37:39
ESP_NODE_02,7,17,2026-05-31 10:37:39
ESP_NODE_04,0,0,2026-05-31 10:37:53
ESP_NODE_01,16,51,2026-05-31 10:38:45
ESP_NODE_02,9,19,2026-05-31 10:38:45
ESP_NODE_04,0,0,2026-05-31 10:39:06
ESP_NODE_01,23,37,2026-05-31 10:39:51
ESP_NODE_02,14,13,2026-05-31 10:39:51
ESP_NODE_04,0,0,2026-05-31 10:40:13
ESP_NODE_04,0,0,2026-05-31 10:41:20
ESP_NODE_01,22,35,2026-05-31 10:42:05
ESP_NODE_02,13,13,2026-05-31 10:42:05
ESP_NODE_01,18,41,2026-05-31 10:43:12
ESP_NODE_02,10,15,2026-05-31 10:43:12
ESP_NODE_04,0,0,2026-05-31 10:43:41
ESP_NODE_01,15,35,2026-05-31 10:44:18
ESP_NODE_02,9,13,2026-05-31 10:44:18
ESP_NODE_04,0,0,2026-05-31 10:44:46
ESP_NODE_01,9,40,2026-05-31 10:45:25
ESP_NODE_02,5,14,2026-05-31 10:45:25
ESP_NODE_04,0,0,2026-05-31 10:45:53
ESP_NODE_01,20,47,2026-05-31 10:46:31
ESP_NODE_02,12,17,2026-05-31 10:46:31
ESP_NODE_04,0,0,2026-05-31 10:46:59
ESP_NODE_01,15,49,2026-05-31 10:47:38
ESP_NODE_02,9,18,2026-05-31 10:47:38
ESP_NODE_04,0,0,2026-05-31 10:48:05
ESP_NODE_01,27,42,2026-05-31 10:48:45
ESP_NODE_02,16,15,2026-05-31 10:48:45
ESP_NODE_04,0,2,2026-05-31 10:49:11
ESP_NODE_01,19,49,2026-05-31 10:49:51
ESP_NODE_02,11,18,2026-05-31 10:49:51
ESP_NODE_04,0,0,2026-05-31 10:50:17
ESP_NODE_01,9,54,2026-05-31 10:50:57
ESP_NODE_02,5,20,2026-05-31 10:50:57
ESP_NODE_04,0,0,2026-05-31 10:51:24
ESP_NODE_01,8,37,2026-05-31 10:52:03
ESP_NODE_02,5,13,2026-05-31 10:52:03
ESP_NODE_01,12,43,2026-05-31 10:53:10
ESP_NODE_02,7,16,2026-05-31 10:53:10
ESP_NODE_01,7,37,2026-05-31 10:54:16
ESP_NODE_02,4,13,2026-05-31 10:54:16
ESP_NODE_04,0,0,2026-05-31 10:54:51
ESP_NODE_01,22,41,2026-05-31 10:55:22
ESP_NODE_02,13,15,2026-05-31 10:55:22
ESP_NODE_04,0,0,2026-05-31 10:55:57
ESP_NODE_01,10,36,2026-05-31 10:56:29
ESP_NODE_02,6,13,2026-05-31 10:56:29
ESP_NODE_04,0,0,2026-05-31 10:57:04
ESP_NODE_01,12,35,2026-05-31 10:57:35
ESP_NODE_02,7,13,2026-05-31 10:57:35
ESP_NODE_04,0,0,2026-05-31 10:58:10
ESP_NODE_01,9,34,2026-05-31 10:58:42
ESP_NODE_02,5,12,2026-05-31 10:58:42
ESP_NODE_04,0,0,2026-05-31 10:59:16
ESP_NODE_01,9,28,2026-05-31 10:59:48
ESP_NODE_02,5,10,2026-05-31 10:59:48
ESP_NODE_04,0,0,2026-05-31 11:00:22
ESP_NODE_01,10,38,2026-05-31 11:00:54
ESP_NODE_02,6,14,2026-05-31 11:00:54
ESP_NODE_04,0,0,2026-05-31 11:01:29
ESP_NODE_01,11,43,2026-05-31 11:02:00
ESP_NODE_02,6,16,2026-05-31 11:02:00
ESP_NODE_04,0,0,2026-05-31 11:02:35
ESP_NODE_01,7,38,2026-05-31 11:03:06
ESP_NODE_02,4,14,2026-05-31 11:03:06
ESP_NODE_01,11,33,2026-05-31 11:04:12
ESP_NODE_02,6,12,2026-05-31 11:04:12
ESP_NODE_01,10,43,2026-05-31 11:05:18
ESP_NODE_02,6,16,2026-05-31 11:05:18
ESP_NODE_01,8,33,2026-05-31 11:06:24
ESP_NODE_02,5,12,2026-05-31 11:06:24
ESP_NODE_01,7,38,2026-05-31 11:07:30
ESP_NODE_02,4,14,2026-05-31 11:07:30
ESP_NODE_01,11,40,2026-05-31 11:08:37
ESP_NODE_02,6,14,2026-05-31 11:08:37
ESP_NODE_01,7,35,2026-05-31 11:09:43
ESP_NODE_02,4,13,2026-05-31 11:09:43
ESP_NODE_01,7,42,2026-05-31 11:10:50
ESP_NODE_02,4,15,2026-05-31 11:10:50
ESP_NODE_01,5,40,2026-05-31 11:11:56
ESP_NODE_02,3,15,2026-05-31 11:11:56
ESP_NODE_01,11,37,2026-05-31 11:13:02
ESP_NODE_02,6,14,2026-05-31 11:13:02
ESP_NODE_01,6,30,2026-05-31 11:14:08
ESP_NODE_02,4,11,2026-05-31 11:14:08
ESP_NODE_01,6,31,2026-05-31 11:16:21
ESP_NODE_02,4,11,2026-05-31 11:16:21
ESP_NODE_01,12,22,2026-05-31 11:17:28
ESP_NODE_02,7,8,2026-05-31 11:17:28
ESP_NODE_01,7,14,2026-05-31 11:18:35
ESP_NODE_02,4,5,2026-05-31 11:18:35
ESP_NODE_04,0,0,2026-05-31 11:19:57
ESP_NODE_01,5,25,2026-05-31 11:20:47
ESP_NODE_02,3,9,2026-05-31 11:20:47
ESP_NODE_04,0,0,2026-05-31 11:21:03
ESP_NODE_01,4,20,2026-05-31 11:21:54
ESP_NODE_02,2,7,2026-05-31 11:21:54
ESP_NODE_01,4,13,2026-05-31 11:23:00
ESP_NODE_02,2,5,2026-05-31 11:23:00
ESP_NODE_04,0,0,2026-05-31 11:23:24
ESP_NODE_01,7,20,2026-05-31 11:24:06
ESP_NODE_02,4,7,2026-05-31 11:24:06
ESP_NODE_04,0,0,2026-05-31 11:24:30
ESP_NODE_01,4,25,2026-05-31 11:25:12
ESP_NODE_02,2,9,2026-05-31 11:25:12
ESP_NODE_04,0,0,2026-05-31 11:25:37
ESP_NODE_01,9,18,2026-05-31 11:26:19
ESP_NODE_02,5,6,2026-05-31 11:26:19
ESP_NODE_04,0,0,2026-05-31 11:26:43
ESP_NODE_01,4,18,2026-05-31 11:27:26
ESP_NODE_02,2,6,2026-05-31 11:27:26
ESP_NODE_04,0,0,2026-05-31 11:27:49
ESP_NODE_01,7,28,2026-05-31 11:28:32
ESP_NODE_02,4,10,2026-05-31 11:28:32
ESP_NODE_04,0,0,2026-05-31 11:28:55
ESP_NODE_01,6,17,2026-05-31 11:29:38
ESP_NODE_02,3,6,2026-05-31 11:29:38
ESP_NODE_04,0,0,2026-05-31 11:30:01
ESP_NODE_01,8,14,2026-05-31 11:30:44
ESP_NODE_02,4,5,2026-05-31 11:30:44
ESP_NODE_04,0,0,2026-05-31 11:31:07
ESP_NODE_01,8,15,2026-05-31 11:31:50
ESP_NODE_02,5,5,2026-05-31 11:31:50
ESP_NODE_04,0,0,2026-05-31 11:32:13
ESP_NODE_01,5,22,2026-05-31 11:32:56
ESP_NODE_02,3,8,2026-05-31 11:32:56
ESP_NODE_04,0,0,2026-05-31 11:33:19
ESP_NODE_01,10,23,2026-05-31 11:34:02
ESP_NODE_02,6,8,2026-05-31 11:34:02
ESP_NODE_04,0,0,2026-05-31 11:34:25
ESP_NODE_01,5,23,2026-05-31 11:35:10
ESP_NODE_02,3,8,2026-05-31 11:35:10
ESP_NODE_04,0,0,2026-05-31 11:35:32
ESP_NODE_01,7,19,2026-05-31 11:36:16
ESP_NODE_02,4,7,2026-05-31 11:36:16
ESP_NODE_04,0,0,2026-05-31 11:36:38
ESP_NODE_01,5,14,2026-05-31 11:37:22
ESP_NODE_02,3,5,2026-05-31 11:37:22
ESP_NODE_04,0,0,2026-05-31 11:37:44
ESP_NODE_01,7,14,2026-05-31 11:38:28
ESP_NODE_02,4,5,2026-05-31 11:38:28
ESP_NODE_04,0,0,2026-05-31 11:38:50
ESP_NODE_01,7,20,2026-05-31 11:39:34
ESP_NODE_02,4,7,2026-05-31 11:39:34
ESP_NODE_04,0,0,2026-05-31 11:39:56
ESP_NODE_01,8,18,2026-05-31 11:40:40
ESP_NODE_02,4,7,2026-05-31 11:40:40
ESP_NODE_04,0,0,2026-05-31 11:41:03
ESP_NODE_01,9,13,2026-05-31 11:41:47
ESP_NODE_02,5,5,2026-05-31 11:41:47
ESP_NODE_04,0,0,2026-05-31 11:42:09
ESP_NODE_01,6,16,2026-05-31 11:42:53
ESP_NODE_02,3,5,2026-05-31 11:42:53
ESP_NODE_04,0,0,2026-05-31 11:43:16
ESP_NODE_01,8,22,2026-05-31 11:43:59
ESP_NODE_02,5,8,2026-05-31 11:43:59
ESP_NODE_01,8,18,2026-05-31 11:45:05
ESP_NODE_02,4,6,2026-05-31 11:45:05
ESP_NODE_04,1,0,2026-05-31 11:45:37
ESP_NODE_01,6,29,2026-05-31 11:46:11
ESP_NODE_02,4,10,2026-05-31 11:46:11
ESP_NODE_04,0,0,2026-05-31 11:46:43
ESP_NODE_01,7,25,2026-05-31 11:47:17
ESP_NODE_02,4,9,2026-05-31 11:47:17
ESP_NODE_04,0,0,2026-05-31 11:47:49
ESP_NODE_01,6,17,2026-05-31 11:48:23
ESP_NODE_02,3,6,2026-05-31 11:48:23
ESP_NODE_01,7,21,2026-05-31 11:49:29
ESP_NODE_02,4,8,2026-05-31 11:49:29
ESP_NODE_04,0,0,2026-05-31 11:50:01
ESP_NODE_01,6,21,2026-05-31 11:50:35
ESP_NODE_02,3,7,2026-05-31 11:50:35
ESP_NODE_04,0,0,2026-05-31 11:51:08
ESP_NODE_01,7,27,2026-05-31 11:51:41
ESP_NODE_02,4,10,2026-05-31 11:51:41
ESP_NODE_04,0,0,2026-05-31 11:52:14
ESP_NODE_01,8,29,2026-05-31 11:52:48
ESP_NODE_02,4,11,2026-05-31 11:52:48
ESP_NODE_04,0,0,2026-05-31 11:53:20
ESP_NODE_04,0,0,2026-05-31 11:54:28
ESP_NODE_01,14,28,2026-05-31 11:55:00
ESP_NODE_02,8,10,2026-05-31 11:55:00
ESP_NODE_04,0,0,2026-05-31 11:55:34
ESP_NODE_01,12,31,2026-05-31 11:56:06
ESP_NODE_02,7,11,2026-05-31 11:56:06
ESP_NODE_04,2,0,2026-05-31 11:56:41
ESP_NODE_04,0,4,2026-05-31 11:57:47
ESP_NODE_01,10,31,2026-05-31 11:58:26
ESP_NODE_02,6,11,2026-05-31 11:58:26
ESP_NODE_04,0,0,2026-05-31 11:58:53
ESP_NODE_01,10,33,2026-05-31 11:59:32
ESP_NODE_02,6,12,2026-05-31 11:59:32
ESP_NODE_01,9,33,2026-05-31 12:00:38
ESP_NODE_02,5,12,2026-05-31 12:00:38
ESP_NODE_04,0,0,2026-05-31 12:01:07
ESP_NODE_01,9,32,2026-05-31 12:01:45
ESP_NODE_02,5,11,2026-05-31 12:01:45
ESP_NODE_04,0,0,2026-05-31 12:02:13
ESP_NODE_01,7,29,2026-05-31 12:02:51
ESP_NODE_02,4,11,2026-05-31 12:02:51
ESP_NODE_04,1,0,2026-05-31 12:03:19
ESP_NODE_01,8,35,2026-05-31 12:03:57
ESP_NODE_02,5,13,2026-05-31 12:03:57
ESP_NODE_04,0,2,2026-05-31 12:04:26
ESP_NODE_01,9,30,2026-05-31 12:05:03
ESP_NODE_02,5,11,2026-05-31 12:05:03
ESP_NODE_04,0,0,2026-05-31 12:05:32
ESP_NODE_01,8,35,2026-05-31 12:06:09
ESP_NODE_02,4,13,2026-05-31 12:06:09
ESP_NODE_01,20,21,2026-05-31 12:07:15
ESP_NODE_02,12,8,2026-05-31 12:07:15
ESP_NODE_04,0,0,2026-05-31 12:07:53
ESP_NODE_01,11,24,2026-05-31 12:08:21
ESP_NODE_02,7,9,2026-05-31 12:08:21
ESP_NODE_04,0,4,2026-05-31 12:08:59
ESP_NODE_01,15,30,2026-05-31 12:09:28
ESP_NODE_02,9,11,2026-05-31 12:09:28
ESP_NODE_04,0,0,2026-05-31 12:10:05
ESP_NODE_01,18,42,2026-05-31 12:10:34
ESP_NODE_02,10,15,2026-05-31 12:10:34
ESP_NODE_04,0,2,2026-05-31 12:11:11
ESP_NODE_01,17,53,2026-05-31 12:11:40
ESP_NODE_02,10,19,2026-05-31 12:11:40
ESP_NODE_01,14,57,2026-05-31 12:12:46
ESP_NODE_02,8,21,2026-05-31 12:12:46
ESP_NODE_04,1,3,2026-05-31 12:13:32
ESP_NODE_01,22,59,2026-05-31 12:13:53
ESP_NODE_02,13,22,2026-05-31 12:13:53
ESP_NODE_04,0,3,2026-05-31 12:14:38
ESP_NODE_01,11,49,2026-05-31 12:16:05
ESP_NODE_02,6,18,2026-05-31 12:16:05
ESP_NODE_04,0,1,2026-05-31 12:16:50
ESP_NODE_01,9,54,2026-05-31 12:17:14
ESP_NODE_02,5,20,2026-05-31 12:17:14
ESP_NODE_04,0,1,2026-05-31 12:17:57
ESP_NODE_01,18,52,2026-05-31 12:18:20
ESP_NODE_02,10,19,2026-05-31 12:18:20
ESP_NODE_04,2,1,2026-05-31 12:19:04
ESP_NODE_01,13,47,2026-05-31 12:19:27
ESP_NODE_02,8,17,2026-05-31 12:19:27
ESP_NODE_04,0,2,2026-05-31 12:20:10
ESP_NODE_01,15,64,2026-05-31 12:20:33
ESP_NODE_02,9,24,2026-05-31 12:20:33
ESP_NODE_04,0,1,2026-05-31 12:21:16
ESP_NODE_01,10,66,2026-05-31 12:21:40
ESP_NODE_02,6,24,2026-05-31 12:21:40
ESP_NODE_04,0,1,2026-05-31 12:22:22
ESP_NODE_01,15,56,2026-05-31 12:22:46
ESP_NODE_02,9,21,2026-05-31 12:22:46
ESP_NODE_04,0,4,2026-05-31 12:23:28
ESP_NODE_01,10,72,2026-05-31 12:23:53
ESP_NODE_02,6,26,2026-05-31 12:23:53
ESP_NODE_04,0,3,2026-05-31 12:24:34
ESP_NODE_04,0,2,2026-05-31 12:25:40
ESP_NODE_04,0,2,2026-05-31 12:26:46
ESP_NODE_01,12,65,2026-05-31 12:27:12
ESP_NODE_02,7,24,2026-05-31 12:27:12
ESP_NODE_04,0,2,2026-05-31 12:27:57
ESP_NODE_01,16,49,2026-05-31 12:28:24
ESP_NODE_02,9,18,2026-05-31 12:28:24
ESP_NODE_04,0,2,2026-05-31 12:29:07
ESP_NODE_01,10,57,2026-05-31 12:29:30
ESP_NODE_02,6,21,2026-05-31 12:29:30
ESP_NODE_01,13,52,2026-05-31 12:30:36
ESP_NODE_02,7,19,2026-05-31 12:30:36
ESP_NODE_04,0,2,2026-05-31 12:31:35
ESP_NODE_01,11,56,2026-05-31 12:31:43
ESP_NODE_02,6,21,2026-05-31 12:31:43
ESP_NODE_04,0,1,2026-05-31 12:32:47
ESP_NODE_01,5,66,2026-05-31 12:32:48
ESP_NODE_02,3,24,2026-05-31 12:32:48
ESP_NODE_01,15,65,2026-05-31 12:33:55
ESP_NODE_02,9,24,2026-05-31 12:33:55
ESP_NODE_04,0,0,2026-05-31 12:33:57
ESP_NODE_01,16,54,2026-05-31 12:35:01
ESP_NODE_02,9,20,2026-05-31 12:35:01
ESP_NODE_04,0,2,2026-05-31 12:35:06
ESP_NODE_01,10,58,2026-05-31 12:36:07
ESP_NODE_02,6,21,2026-05-31 12:36:07
ESP_NODE_04,0,0,2026-05-31 12:36:11
ESP_NODE_01,22,53,2026-05-31 12:37:13
ESP_NODE_02,13,19,2026-05-31 12:37:13
ESP_NODE_04,0,3,2026-05-31 12:37:17
ESP_NODE_01,13,57,2026-05-31 12:38:20
ESP_NODE_02,7,21,2026-05-31 12:38:20
ESP_NODE_04,0,1,2026-05-31 12:38:24
ESP_NODE_01,24,65,2026-05-31 12:39:26
ESP_NODE_02,14,24,2026-05-31 12:39:26
ESP_NODE_01,23,55,2026-05-31 12:40:39
ESP_NODE_02,13,20,2026-05-31 12:40:39
ESP_NODE_01,26,48,2026-05-31 12:41:45
ESP_NODE_02,15,17,2026-05-31 12:41:45
ESP_NODE_04,0,1,2026-05-31 12:42:00
ESP_NODE_01,17,50,2026-05-31 12:42:52
ESP_NODE_02,10,18,2026-05-31 12:42:52
ESP_NODE_04,0,2,2026-05-31 12:43:06
ESP_NODE_01,18,37,2026-05-31 12:44:09
ESP_NODE_02,11,13,2026-05-31 12:44:09
ESP_NODE_04,0,1,2026-05-31 12:44:13
ESP_NODE_04,0,0,2026-05-31 12:45:19
ESP_NODE_01,22,41,2026-05-31 12:45:21
ESP_NODE_02,13,15,2026-05-31 12:45:21
ESP_NODE_04,0,0,2026-05-31 12:46:25
ESP_NODE_01,19,44,2026-05-31 12:46:27
ESP_NODE_02,11,16,2026-05-31 12:46:27
ESP_NODE_04,0,2,2026-05-31 12:47:32
ESP_NODE_01,19,49,2026-05-31 12:47:33
ESP_NODE_02,11,18,2026-05-31 12:47:33
ESP_NODE_04,0,1,2026-05-31 12:48:38
ESP_NODE_01,23,36,2026-05-31 12:48:40
ESP_NODE_02,14,13,2026-05-31 12:48:40
ESP_NODE_04,0,1,2026-05-31 12:49:44
ESP_NODE_01,15,47,2026-05-31 12:49:47
ESP_NODE_02,9,17,2026-05-31 12:49:47
ESP_NODE_04,0,1,2026-05-31 12:50:50
ESP_NODE_01,20,52,2026-05-31 12:50:53
ESP_NODE_02,11,19,2026-05-31 12:50:53
ESP_NODE_01,14,48,2026-05-31 12:52:00
ESP_NODE_02,8,18,2026-05-31 12:52:00
ESP_NODE_01,14,45,2026-05-31 12:53:06
ESP_NODE_02,8,17,2026-05-31 12:53:06
ESP_NODE_04,0,0,2026-05-31 12:53:11
ESP_NODE_01,7,48,2026-05-31 12:54:13
ESP_NODE_02,4,18,2026-05-31 12:54:13
ESP_NODE_04,0,3,2026-05-31 12:54:17
ESP_NODE_01,17,50,2026-05-31 12:55:20
ESP_NODE_02,10,18,2026-05-31 12:55:20
ESP_NODE_01,13,45,2026-05-31 12:56:26
ESP_NODE_02,8,16,2026-05-31 12:56:26
ESP_NODE_04,0,0,2026-05-31 12:56:38
ESP_NODE_01,8,49,2026-05-31 12:57:33
ESP_NODE_02,5,18,2026-05-31 12:57:33
ESP_NODE_01,9,51,2026-05-31 12:58:39
ESP_NODE_02,5,19,2026-05-31 12:58:39
ESP_NODE_04,1,1,2026-05-31 12:58:59
ESP_NODE_01,11,55,2026-05-31 12:59:46
ESP_NODE_02,6,20,2026-05-31 12:59:46
ESP_NODE_01,18,61,2026-05-31 13:00:53
ESP_NODE_02,11,22,2026-05-31 13:00:53
ESP_NODE_04,0,0,2026-05-31 13:01:21
ESP_NODE_01,16,44,2026-05-31 13:01:59
ESP_NODE_02,9,16,2026-05-31 13:01:59
ESP_NODE_04,0,2,2026-05-31 13:02:27
ESP_NODE_04,0,0,2026-05-31 13:04:48
ESP_NODE_04,0,3,2026-05-31 13:05:54
ESP_NODE_01,20,44,2026-05-31 13:06:48
ESP_NODE_02,12,16,2026-05-31 13:06:48
ESP_NODE_04,0,1,2026-05-31 13:07:00
ESP_NODE_01,14,47,2026-05-31 13:07:56
ESP_NODE_02,8,17,2026-05-31 13:07:56
ESP_NODE_04,0,3,2026-05-31 13:08:06
ESP_NODE_01,38,44,2026-05-31 13:09:03
ESP_NODE_02,22,16,2026-05-31 13:09:03
ESP_NODE_01,15,41,2026-05-31 13:11:18
ESP_NODE_02,9,15,2026-05-31 13:11:18
ESP_NODE_04,0,2,2026-05-31 13:11:38
ESP_NODE_01,9,45,2026-05-31 13:12:30
ESP_NODE_02,5,17,2026-05-31 13:12:30
ESP_NODE_04,0,3,2026-05-31 13:12:44
ESP_NODE_01,9,40,2026-05-31 13:13:37
ESP_NODE_02,5,15,2026-05-31 13:13:37
ESP_NODE_04,0,3,2026-05-31 13:13:50
ESP_NODE_01,8,46,2026-05-31 13:14:43
ESP_NODE_02,5,17,2026-05-31 13:14:43
ESP_NODE_04,0,2,2026-05-31 13:15:02
ESP_NODE_01,10,40,2026-05-31 13:15:50
ESP_NODE_02,6,15,2026-05-31 13:15:50
ESP_NODE_04,0,1,2026-05-31 13:16:08
ESP_NODE_01,10,36,2026-05-31 13:16:56
ESP_NODE_02,6,13,2026-05-31 13:16:56
ESP_NODE_04,0,2,2026-05-31 13:17:14
ESP_NODE_01,17,45,2026-05-31 13:18:03
ESP_NODE_02,10,17,2026-05-31 13:18:03
ESP_NODE_04,0,2,2026-05-31 13:18:20
ESP_NODE_01,12,50,2026-05-31 13:19:09
ESP_NODE_02,7,18,2026-05-31 13:19:09
ESP_NODE_01,11,56,2026-05-31 13:20:17
ESP_NODE_02,7,20,2026-05-31 13:20:17
ESP_NODE_01,14,45,2026-05-31 13:21:24
ESP_NODE_02,8,17,2026-05-31 13:21:24
ESP_NODE_04,0,3,2026-05-31 13:21:39
ESP_NODE_01,6,40,2026-05-31 13:22:31
ESP_NODE_02,3,15,2026-05-31 13:22:31
ESP_NODE_01,8,37,2026-05-31 13:23:41
ESP_NODE_02,5,14,2026-05-31 13:23:41
ESP_NODE_04,0,3,2026-05-31 13:24:00
ESP_NODE_01,13,59,2026-05-31 13:24:49
ESP_NODE_02,8,22,2026-05-31 13:24:49
ESP_NODE_01,15,48,2026-05-31 13:25:57
ESP_NODE_02,9,18,2026-05-31 13:25:57
ESP_NODE_04,1,3,2026-05-31 13:26:21
ESP_NODE_01,10,29,2026-05-31 13:27:05
ESP_NODE_02,6,11,2026-05-31 13:27:05
ESP_NODE_04,1,3,2026-05-31 13:27:27
ESP_NODE_01,12,42,2026-05-31 13:28:13
ESP_NODE_02,7,15,2026-05-31 13:28:13
ESP_NODE_04,0,3,2026-05-31 13:28:34
ESP_NODE_01,19,51,2026-05-31 13:29:22
ESP_NODE_02,11,19,2026-05-31 13:29:22
ESP_NODE_01,17,51,2026-05-31 13:30:32
ESP_NODE_02,10,19,2026-05-31 13:30:32
ESP_NODE_04,0,4,2026-05-31 13:30:55
ESP_NODE_01,11,43,2026-05-31 13:31:42
ESP_NODE_02,6,16,2026-05-31 13:31:42
ESP_NODE_01,13,49,2026-05-31 13:32:49
ESP_NODE_02,7,18,2026-05-31 13:32:49
ESP_NODE_04,2,4,2026-05-31 13:33:16
ESP_NODE_01,8,34,2026-05-31 13:33:55
ESP_NODE_02,5,13,2026-05-31 13:33:55
ESP_NODE_04,1,2,2026-05-31 13:34:22
ESP_NODE_01,11,55,2026-05-31 13:35:02
ESP_NODE_02,7,20,2026-05-31 13:35:02
ESP_NODE_04,4,5,2026-05-31 13:35:28
ESP_NODE_01,17,59,2026-05-31 13:36:08
ESP_NODE_02,10,22,2026-05-31 13:36:08
ESP_NODE_04,1,2,2026-05-31 13:36:34
ESP_NODE_01,13,44,2026-05-31 13:37:14
ESP_NODE_02,8,16,2026-05-31 13:37:14
ESP_NODE_04,2,2,2026-05-31 13:37:40
ESP_NODE_01,16,51,2026-05-31 13:38:20
ESP_NODE_02,9,19,2026-05-31 13:38:20
ESP_NODE_04,1,2,2026-05-31 13:38:46
ESP_NODE_01,13,56,2026-05-31 13:39:27
ESP_NODE_02,8,21,2026-05-31 13:39:27
ESP_NODE_04,1,3,2026-05-31 13:39:52
ESP_NODE_04,0,5,2026-05-31 13:40:57
ESP_NODE_01,15,43,2026-05-31 13:41:39
ESP_NODE_02,8,16,2026-05-31 13:41:39
ESP_NODE_04,0,4,2026-05-31 13:42:04
ESP_NODE_01,16,53,2026-05-31 13:42:47
ESP_NODE_02,10,19,2026-05-31 13:42:47
ESP_NODE_04,2,3,2026-05-31 13:43:10
ESP_NODE_04,0,4,2026-05-31 13:44:16
ESP_NODE_01,12,45,2026-05-31 13:45:00
ESP_NODE_02,7,16,2026-05-31 13:45:00
ESP_NODE_04,5,6,2026-05-31 13:45:22
ESP_NODE_01,20,55,2026-05-31 13:46:07
ESP_NODE_02,12,20,2026-05-31 13:46:07
ESP_NODE_04,10,6,2026-05-31 13:46:28
ESP_NODE_01,17,47,2026-05-31 13:47:20
ESP_NODE_02,10,17,2026-05-31 13:47:20
ESP_NODE_04,3,8,2026-05-31 13:47:35
ESP_NODE_01,19,51,2026-05-31 13:48:27
ESP_NODE_02,11,19,2026-05-31 13:48:27
ESP_NODE_04,8,4,2026-05-31 13:48:41
ESP_NODE_01,12,50,2026-05-31 13:49:34
ESP_NODE_02,7,18,2026-05-31 13:49:34
ESP_NODE_04,0,4,2026-05-31 13:49:47
ESP_NODE_01,13,58,2026-05-31 13:50:41
ESP_NODE_02,8,21,2026-05-31 13:50:41
ESP_NODE_01,18,47,2026-05-31 13:51:48
ESP_NODE_02,11,17,2026-05-31 13:51:48
ESP_NODE_04,0,6,2026-05-31 13:52:09
ESP_NODE_01,13,49,2026-05-31 13:52:54
ESP_NODE_02,8,18,2026-05-31 13:52:54
ESP_NODE_04,0,5,2026-05-31 13:53:18
ESP_NODE_01,9,50,2026-05-31 13:54:02
ESP_NODE_02,5,18,2026-05-31 13:54:02
ESP_NODE_04,2,6,2026-05-31 13:54:28
ESP_NODE_01,12,64,2026-05-31 13:55:11
ESP_NODE_02,7,24,2026-05-31 13:55:11
ESP_NODE_04,0,6,2026-05-31 13:55:40
ESP_NODE_01,25,58,2026-05-31 13:56:18
ESP_NODE_02,14,21,2026-05-31 13:56:18
ESP_NODE_01,11,45,2026-05-31 13:57:25
ESP_NODE_02,7,16,2026-05-31 13:57:25
ESP_NODE_04,0,5,2026-05-31 13:57:57
ESP_NODE_01,13,57,2026-05-31 13:58:31
ESP_NODE_02,8,21,2026-05-31 13:58:31
ESP_NODE_04,0,5,2026-05-31 13:59:03
ESP_NODE_01,19,55,2026-05-31 13:59:37
ESP_NODE_02,11,20,2026-05-31 13:59:37
ESP_NODE_04,1,6,2026-05-31 14:00:09
ESP_NODE_01,16,48,2026-05-31 14:00:44
ESP_NODE_02,9,18,2026-05-31 14:00:44
ESP_NODE_04,0,7,2026-05-31 14:01:15
ESP_NODE_04,0,7,2026-05-31 14:02:22
ESP_NODE_01,14,46,2026-05-31 14:04:11
ESP_NODE_02,8,17,2026-05-31 14:04:11
ESP_NODE_04,0,6,2026-05-31 14:04:43
ESP_NODE_01,13,34,2026-05-31 14:05:18
ESP_NODE_02,8,12,2026-05-31 14:05:18
ESP_NODE_04,0,6,2026-05-31 14:05:49
ESP_NODE_01,22,28,2026-05-31 14:06:24
ESP_NODE_02,13,10,2026-05-31 14:06:24
ESP_NODE_04,2,7,2026-05-31 14:06:54
ESP_NODE_01,16,32,2026-05-31 14:07:30
ESP_NODE_02,9,11,2026-05-31 14:07:30
ESP_NODE_04,0,6,2026-05-31 14:08:01
ESP_NODE_01,16,45,2026-05-31 14:08:36
ESP_NODE_02,9,16,2026-05-31 14:08:36
ESP_NODE_04,1,6,2026-05-31 14:09:07
ESP_NODE_01,22,37,2026-05-31 14:09:42
ESP_NODE_02,13,13,2026-05-31 14:09:42
ESP_NODE_04,3,6,2026-05-31 14:10:13
ESP_NODE_01,15,38,2026-05-31 14:10:48
ESP_NODE_02,8,14,2026-05-31 14:10:48
ESP_NODE_04,1,7,2026-05-31 14:11:21
ESP_NODE_01,16,34,2026-05-31 14:11:54
ESP_NODE_02,10,13,2026-05-31 14:11:54
ESP_NODE_04,0,6,2026-05-31 14:12:26
ESP_NODE_01,18,32,2026-05-31 14:13:00
ESP_NODE_02,11,12,2026-05-31 14:13:00
ESP_NODE_04,4,7,2026-05-31 14:13:32
ESP_NODE_01,10,32,2026-05-31 14:14:05
ESP_NODE_02,6,12,2026-05-31 14:14:05
ESP_NODE_04,5,6,2026-05-31 14:14:38
ESP_NODE_01,8,36,2026-05-31 14:15:12
ESP_NODE_02,5,13,2026-05-31 14:15:12
ESP_NODE_01,17,36,2026-05-31 14:16:17
ESP_NODE_02,10,13,2026-05-31 14:16:17
ESP_NODE_04,0,6,2026-05-31 14:16:51
ESP_NODE_01,12,32,2026-05-31 14:17:23
ESP_NODE_02,7,12,2026-05-31 14:17:23
ESP_NODE_04,2,6,2026-05-31 14:17:57
ESP_NODE_01,10,32,2026-05-31 14:18:29
ESP_NODE_02,6,12,2026-05-31 14:18:29
ESP_NODE_04,0,3,2026-05-31 14:19:03
ESP_NODE_01,8,27,2026-05-31 14:19:35
ESP_NODE_02,5,10,2026-05-31 14:19:35
ESP_NODE_04,2,6,2026-05-31 14:20:09
ESP_NODE_01,11,38,2026-05-31 14:20:41
ESP_NODE_02,6,14,2026-05-31 14:20:41
ESP_NODE_04,4,5,2026-05-31 14:21:15
ESP_NODE_01,6,30,2026-05-31 14:21:47
ESP_NODE_02,3,11,2026-05-31 14:21:47
ESP_NODE_04,0,5,2026-05-31 14:22:21
ESP_NODE_01,10,35,2026-05-31 14:22:53
ESP_NODE_02,6,13,2026-05-31 14:22:53
ESP_NODE_04,0,5,2026-05-31 14:23:27
ESP_NODE_01,11,27,2026-05-31 14:23:59
ESP_NODE_02,7,10,2026-05-31 14:23:59
ESP_NODE_04,1,4,2026-05-31 14:24:33
ESP_NODE_01,9,26,2026-05-31 14:25:04
ESP_NODE_02,5,9,2026-05-31 14:25:04
ESP_NODE_04,2,7,2026-05-31 14:25:39
ESP_NODE_01,14,30,2026-05-31 14:26:10
ESP_NODE_02,8,11,2026-05-31 14:26:10
ESP_NODE_04,4,6,2026-05-31 14:26:45
ESP_NODE_01,8,24,2026-05-31 14:27:18
ESP_NODE_02,5,8,2026-05-31 14:27:18
ESP_NODE_04,6,10,2026-05-31 14:27:51
ESP_NODE_01,13,28,2026-05-31 14:28:24
ESP_NODE_02,8,10,2026-05-31 14:28:24
ESP_NODE_04,1,7,2026-05-31 14:28:57
ESP_NODE_01,13,22,2026-05-31 14:29:30
ESP_NODE_02,8,8,2026-05-31 14:29:30
ESP_NODE_04,2,9,2026-05-31 14:30:02
ESP_NODE_01,8,23,2026-05-31 14:30:36
ESP_NODE_02,5,8,2026-05-31 14:30:36
ESP_NODE_04,0,4,2026-05-31 14:31:08
ESP_NODE_01,12,28,2026-05-31 14:31:43
ESP_NODE_02,7,10,2026-05-31 14:31:43
ESP_NODE_04,2,6,2026-05-31 14:32:14
ESP_NODE_01,19,27,2026-05-31 14:32:49
ESP_NODE_02,11,10,2026-05-31 14:32:49
ESP_NODE_04,0,5,2026-05-31 14:33:20
ESP_NODE_01,23,31,2026-05-31 14:33:55
ESP_NODE_02,13,11,2026-05-31 14:33:55
ESP_NODE_01,18,24,2026-05-31 14:35:00
ESP_NODE_02,11,9,2026-05-31 14:35:00
ESP_NODE_04,1,5,2026-05-31 14:35:41
ESP_NODE_01,20,20,2026-05-31 14:36:06
ESP_NODE_02,12,7,2026-05-31 14:36:06
ESP_NODE_04,4,5,2026-05-31 14:36:48
ESP_NODE_01,14,30,2026-05-31 14:37:13
ESP_NODE_02,8,11,2026-05-31 14:37:13
ESP_NODE_04,1,4,2026-05-31 14:37:54
ESP_NODE_01,18,24,2026-05-31 14:38:20
ESP_NODE_02,10,9,2026-05-31 14:38:20
ESP_NODE_04,3,5,2026-05-31 14:39:00
ESP_NODE_01,8,19,2026-05-31 14:39:26
ESP_NODE_02,5,7,2026-05-31 14:39:26
ESP_NODE_04,1,3,2026-05-31 14:40:06
ESP_NODE_01,12,22,2026-05-31 14:40:32
ESP_NODE_02,7,8,2026-05-31 14:40:32
ESP_NODE_04,2,3,2026-05-31 14:41:12
ESP_NODE_01,22,20,2026-05-31 14:41:38
ESP_NODE_02,13,7,2026-05-31 14:41:38
ESP_NODE_04,0,5,2026-05-31 14:42:18
ESP_NODE_01,23,21,2026-05-31 14:42:44
ESP_NODE_02,14,7,2026-05-31 14:42:44
ESP_NODE_04,1,5,2026-05-31 14:43:24
ESP_NODE_01,17,17,2026-05-31 14:43:50
ESP_NODE_02,10,6,2026-05-31 14:43:50
ESP_NODE_04,5,6,2026-05-31 14:45:45
ESP_NODE_01,11,19,2026-05-31 14:46:02
ESP_NODE_02,7,7,2026-05-31 14:46:02
ESP_NODE_01,10,17,2026-05-31 14:47:08
ESP_NODE_02,6,6,2026-05-31 14:47:08
ESP_NODE_04,0,5,2026-05-31 14:48:06
ESP_NODE_01,7,16,2026-05-31 14:48:14
ESP_NODE_02,4,6,2026-05-31 14:48:14
ESP_NODE_04,4,6,2026-05-31 14:49:13
ESP_NODE_01,9,17,2026-05-31 14:49:20
ESP_NODE_02,5,6,2026-05-31 14:49:20
ESP_NODE_01,17,20,2026-05-31 14:50:26
ESP_NODE_02,10,7,2026-05-31 14:50:26
ESP_NODE_01,29,20,2026-05-31 14:51:32
ESP_NODE_02,17,7,2026-05-31 14:51:32
ESP_NODE_04,0,5,2026-05-31 14:51:34
ESP_NODE_01,24,19,2026-05-31 14:52:38
ESP_NODE_02,14,7,2026-05-31 14:52:38
ESP_NODE_01,24,22,2026-05-31 14:53:44
ESP_NODE_02,14,8,2026-05-31 14:53:44
ESP_NODE_04,0,4,2026-05-31 14:53:55
ESP_NODE_04,3,6,2026-05-31 14:55:01
ESP_NODE_01,13,17,2026-05-31 14:56:00
ESP_NODE_02,8,6,2026-05-31 14:56:00
ESP_NODE_01,15,16,2026-05-31 14:57:07
ESP_NODE_02,8,6,2026-05-31 14:57:07
ESP_NODE_04,1,4,2026-05-31 14:57:22
ESP_NODE_01,12,15,2026-05-31 14:58:14
ESP_NODE_02,7,5,2026-05-31 14:58:14
ESP_NODE_04,1,4,2026-05-31 14:58:28
ESP_NODE_01,20,17,2026-05-31 14:59:20
ESP_NODE_02,12,6,2026-05-31 14:59:20
ESP_NODE_01,16,22,2026-05-31 15:00:26
ESP_NODE_02,9,8,2026-05-31 15:00:26
ESP_NODE_04,1,3,2026-05-31 15:00:40
ESP_NODE_04,2,4,2026-05-31 15:01:46
ESP_NODE_01,11,26,2026-05-31 15:02:38
ESP_NODE_02,6,9,2026-05-31 15:02:38
ESP_NODE_04,4,5,2026-05-31 15:02:52
ESP_NODE_04,3,5,2026-05-31 15:03:58
ESP_NODE_01,9,19,2026-05-31 15:04:52
ESP_NODE_02,5,7,2026-05-31 15:04:52
ESP_NODE_04,6,2,2026-05-31 15:05:04
ESP_NODE_01,15,22,2026-05-31 15:05:58
ESP_NODE_02,9,8,2026-05-31 15:05:58
ESP_NODE_04,5,2,2026-05-31 15:06:10
ESP_NODE_01,11,19,2026-05-31 15:07:04
ESP_NODE_02,6,7,2026-05-31 15:07:04
ESP_NODE_04,1,3,2026-05-31 15:07:16
ESP_NODE_01,9,15,2026-05-31 15:08:10
ESP_NODE_02,5,5,2026-05-31 15:08:10
ESP_NODE_04,0,3,2026-05-31 15:08:22
ESP_NODE_01,5,18,2026-05-31 15:09:16
ESP_NODE_02,3,7,2026-05-31 15:09:16
ESP_NODE_04,1,3,2026-05-31 15:09:28
ESP_NODE_01,6,15,2026-05-31 15:10:22
ESP_NODE_02,3,5,2026-05-31 15:10:22
ESP_NODE_01,13,30,2026-05-31 15:11:28
ESP_NODE_02,8,11,2026-05-31 15:11:28
ESP_NODE_01,9,22,2026-05-31 15:12:34
ESP_NODE_02,5,8,2026-05-31 15:12:34
ESP_NODE_04,1,4,2026-05-31 15:13:05
ESP_NODE_01,6,18,2026-05-31 15:13:40
ESP_NODE_02,3,6,2026-05-31 15:13:40
ESP_NODE_04,3,3,2026-05-31 15:14:11
ESP_NODE_01,11,15,2026-05-31 15:14:46
ESP_NODE_02,6,5,2026-05-31 15:14:46
ESP_NODE_04,1,4,2026-05-31 15:15:17
ESP_NODE_01,8,23,2026-05-31 15:15:52
ESP_NODE_02,4,8,2026-05-31 15:15:52
ESP_NODE_01,8,18,2026-05-31 15:16:58
ESP_NODE_02,5,6,2026-05-31 15:16:58
ESP_NODE_04,1,5,2026-05-31 15:17:39
ESP_NODE_01,8,19,2026-05-31 15:18:04
ESP_NODE_02,4,7,2026-05-31 15:18:04
ESP_NODE_01,9,20,2026-05-31 15:19:10
ESP_NODE_02,5,7,2026-05-31 15:19:10
ESP_NODE_04,3,2,2026-05-31 15:19:51
ESP_NODE_01,5,17,2026-05-31 15:20:16
ESP_NODE_02,3,6,2026-05-31 15:20:16
ESP_NODE_04,4,1,2026-05-31 15:20:57
ESP_NODE_01,9,22,2026-05-31 15:21:23
ESP_NODE_02,5,8,2026-05-31 15:21:23
ESP_NODE_04,2,2,2026-05-31 15:22:03
ESP_NODE_01,7,21,2026-05-31 15:22:30
ESP_NODE_02,4,8,2026-05-31 15:22:30
ESP_NODE_04,1,1,2026-05-31 15:23:09
ESP_NODE_01,8,15,2026-05-31 15:23:36
ESP_NODE_02,5,5,2026-05-31 15:23:36
ESP_NODE_04,3,1,2026-05-31 15:24:15
ESP_NODE_01,5,25,2026-05-31 15:24:42
ESP_NODE_02,3,9,2026-05-31 15:24:42
ESP_NODE_04,0,1,2026-05-31 15:25:21
ESP_NODE_01,6,22,2026-05-31 15:25:48
ESP_NODE_02,4,8,2026-05-31 15:25:48
ESP_NODE_04,3,1,2026-05-31 15:26:27
ESP_NODE_01,7,24,2026-05-31 15:26:54
ESP_NODE_02,4,9,2026-05-31 15:26:54
ESP_NODE_04,0,1,2026-05-31 15:27:33
ESP_NODE_01,4,21,2026-05-31 15:28:00
ESP_NODE_02,2,7,2026-05-31 15:28:00
ESP_NODE_04,2,1,2026-05-31 15:28:39
ESP_NODE_01,6,19,2026-05-31 15:29:08
ESP_NODE_02,3,7,2026-05-31 15:29:08
ESP_NODE_04,3,1,2026-05-31 15:29:45
ESP_NODE_01,7,21,2026-05-31 15:30:14
ESP_NODE_02,4,8,2026-05-31 15:30:14
ESP_NODE_04,0,1,2026-05-31 15:30:51
ESP_NODE_01,5,15,2026-05-31 15:31:20
ESP_NODE_02,3,5,2026-05-31 15:31:20
ESP_NODE_04,0,0,2026-05-31 15:31:58
ESP_NODE_01,9,17,2026-05-31 15:32:26
ESP_NODE_02,5,6,2026-05-31 15:32:26
ESP_NODE_04,0,1,2026-05-31 15:33:04
ESP_NODE_04,3,0,2026-05-31 15:34:10
ESP_NODE_01,6,14,2026-05-31 15:34:38
ESP_NODE_02,3,5,2026-05-31 15:34:38
ESP_NODE_04,2,1,2026-05-31 15:35:16
ESP_NODE_01,4,18,2026-05-31 15:35:44
ESP_NODE_02,2,6,2026-05-31 15:35:44
ESP_NODE_04,1,0,2026-05-31 15:36:22
ESP_NODE_04,1,1,2026-05-31 15:37:28
ESP_NODE_01,5,18,2026-05-31 15:37:56
ESP_NODE_02,3,7,2026-05-31 15:37:56
ESP_NODE_04,0,1,2026-05-31 15:38:34
ESP_NODE_01,6,10,2026-05-31 15:39:02
ESP_NODE_02,3,5,2026-05-31 15:39:02
ESP_NODE_04,4,1,2026-05-31 15:39:40
ESP_NODE_01,8,10,2026-05-31 15:40:08
ESP_NODE_02,4,4,2026-05-31 15:40:08
ESP_NODE_04,0,0,2026-05-31 15:40:47
ESP_NODE_01,4,10,2026-05-31 15:41:14
ESP_NODE_02,2,5,2026-05-31 15:41:14
ESP_NODE_04,3,0,2026-05-31 15:41:53
ESP_NODE_01,8,9,2026-05-31 15:42:20
ESP_NODE_02,4,5,2026-05-31 15:42:20
ESP_NODE_01,4,11,2026-05-31 15:43:26
ESP_NODE_02,2,4,2026-05-31 15:43:26
ESP_NODE_04,1,0,2026-05-31 15:44:06
ESP_NODE_01,4,12,2026-05-31 15:44:31
ESP_NODE_02,2,4,2026-05-31 15:44:31
ESP_NODE_04,3,1,2026-05-31 15:45:12
ESP_NODE_01,4,13,2026-05-31 15:45:37
ESP_NODE_02,2,5,2026-05-31 15:45:37
ESP_NODE_04,1,0,2026-05-31 15:46:18
ESP_NODE_01,4,14,2026-05-31 15:46:43
ESP_NODE_02,3,5,2026-05-31 15:46:43
ESP_NODE_04,1,1,2026-05-31 15:47:24
ESP_NODE_01,4,15,2026-05-31 15:47:49
ESP_NODE_02,2,5,2026-05-31 15:47:49
ESP_NODE_01,5,11,2026-05-31 15:48:56
ESP_NODE_02,3,4,2026-05-31 15:48:56
ESP_NODE_04,2,0,2026-05-31 15:49:36
ESP_NODE_01,9,12,2026-05-31 15:50:02
ESP_NODE_02,5,4,2026-05-31 15:50:02
ESP_NODE_04,1,1,2026-05-31 15:50:42
ESP_NODE_04,2,1,2026-05-31 15:51:49
ESP_NODE_01,8,12,2026-05-31 15:52:13
ESP_NODE_02,4,4,2026-05-31 15:52:13
ESP_NODE_04,0,0,2026-05-31 15:52:55
ESP_NODE_01,5,6,2026-05-31 15:53:19
ESP_NODE_02,3,5,2026-05-31 15:53:19
ESP_NODE_04,0,1,2026-05-31 15:54:01
ESP_NODE_01,3,13,2026-05-31 15:54:25
ESP_NODE_02,4,5,2026-05-31 15:54:25
ESP_NODE_04,0,0,2026-05-31 15:55:07
ESP_NODE_01,5,11,2026-05-31 15:55:31
ESP_NODE_02,3,4,2026-05-31 15:55:31
ESP_NODE_04,3,2,2026-05-31 15:56:13
ESP_NODE_01,3,9,2026-05-31 15:56:37
ESP_NODE_02,3,6,2026-05-31 15:56:37
ESP_NODE_04,5,0,2026-05-31 15:57:19
ESP_NODE_01,6,13,2026-05-31 15:57:43
ESP_NODE_02,4,5,2026-05-31 15:57:43
ESP_NODE_04,2,1,2026-05-31 15:58:25
ESP_NODE_01,13,14,2026-05-31 15:58:49
ESP_NODE_02,7,5,2026-05-31 15:58:49
ESP_NODE_04,2,1,2026-05-31 15:59:31
ESP_NODE_01,5,13,2026-05-31 15:59:55
ESP_NODE_02,3,5,2026-05-31 15:59:55
ESP_NODE_01,8,11,2026-05-31 16:01:01
ESP_NODE_02,5,4,2026-05-31 16:01:01
ESP_NODE_04,1,1,2026-05-31 16:01:44
ESP_NODE_01,7,8,2026-05-31 16:02:07
ESP_NODE_02,4,5,2026-05-31 16:02:07
ESP_NODE_04,5,1,2026-05-31 16:02:50
ESP_NODE_01,7,8,2026-05-31 16:03:14
ESP_NODE_02,4,4,2026-05-31 16:03:14
ESP_NODE_04,8,1,2026-05-31 16:03:56
ESP_NODE_01,7,7,2026-05-31 16:04:21
ESP_NODE_02,4,4,2026-05-31 16:04:21
ESP_NODE_04,0,1,2026-05-31 16:05:02
ESP_NODE_01,12,10,2026-05-31 16:05:27
ESP_NODE_02,7,4,2026-05-31 16:05:27
ESP_NODE_04,2,1,2026-05-31 16:06:08
ESP_NODE_01,7,15,2026-05-31 16:06:34
ESP_NODE_02,4,5,2026-05-31 16:06:34
ESP_NODE_04,2,1,2026-05-31 16:07:13
ESP_NODE_01,11,9,2026-05-31 16:07:40
ESP_NODE_02,6,4,2026-05-31 16:07:40
ESP_NODE_04,0,1,2026-05-31 16:08:19
ESP_NODE_01,22,7,2026-05-31 16:08:46
ESP_NODE_02,13,6,2026-05-31 16:08:46
ESP_NODE_04,8,1,2026-05-31 16:09:25
ESP_NODE_01,20,12,2026-05-31 16:09:52
ESP_NODE_02,12,4,2026-05-31 16:09:52
ESP_NODE_04,7,2,2026-05-31 16:10:32
ESP_NODE_01,14,12,2026-05-31 16:11:00
ESP_NODE_02,8,4,2026-05-31 16:11:00
ESP_NODE_04,4,0,2026-05-31 16:11:37
ESP_NODE_01,5,11,2026-05-31 16:12:06
ESP_NODE_02,3,4,2026-05-31 16:12:06
ESP_NODE_04,4,1,2026-05-31 16:12:44
ESP_NODE_01,7,16,2026-05-31 16:13:13
ESP_NODE_02,4,6,2026-05-31 16:13:13
ESP_NODE_04,9,1,2026-05-31 16:13:49
ESP_NODE_01,6,15,2026-05-31 16:14:19
ESP_NODE_02,3,5,2026-05-31 16:14:19
ESP_NODE_04,1,2,2026-05-31 16:14:55
ESP_NODE_01,16,13,2026-05-31 16:15:25
ESP_NODE_02,9,5,2026-05-31 16:15:25
ESP_NODE_04,7,0,2026-05-31 16:16:02
ESP_NODE_01,10,8,2026-05-31 16:16:31
ESP_NODE_02,6,4,2026-05-31 16:16:31
ESP_NODE_04,1,1,2026-05-31 16:17:08
ESP_NODE_01,10,18,2026-05-31 16:17:37
ESP_NODE_02,6,7,2026-05-31 16:17:37
ESP_NODE_04,0,1,2026-05-31 16:18:14
ESP_NODE_01,6,15,2026-05-31 16:18:43
ESP_NODE_02,4,5,2026-05-31 16:18:43
ESP_NODE_04,2,0,2026-05-31 16:19:20
ESP_NODE_01,13,16,2026-05-31 16:19:48
ESP_NODE_02,8,6,2026-05-31 16:19:48
ESP_NODE_04,3,1,2026-05-31 16:20:26
ESP_NODE_01,9,16,2026-05-31 16:20:55
ESP_NODE_02,5,6,2026-05-31 16:20:55
ESP_NODE_04,0,1,2026-05-31 16:21:32
ESP_NODE_01,4,12,2026-05-31 16:22:00
ESP_NODE_02,3,4,2026-05-31 16:22:00
ESP_NODE_04,2,0,2026-05-31 16:22:38
ESP_NODE_01,5,18,2026-05-31 16:23:07
ESP_NODE_02,3,6,2026-05-31 16:23:07
ESP_NODE_04,7,1,2026-05-31 16:23:44
ESP_NODE_01,5,19,2026-05-31 16:24:13
ESP_NODE_02,3,7,2026-05-31 16:24:13
ESP_NODE_04,3,1,2026-05-31 16:24:50
ESP_NODE_01,10,22,2026-05-31 16:25:19
ESP_NODE_02,6,8,2026-05-31 16:25:19
ESP_NODE_04,4,0,2026-05-31 16:25:56
ESP_NODE_01,14,10,2026-05-31 16:26:25
ESP_NODE_02,8,5,2026-05-31 16:26:25
ESP_NODE_04,6,0,2026-05-31 16:27:02
ESP_NODE_01,15,10,2026-05-31 16:27:31
ESP_NODE_02,9,4,2026-05-31 16:27:31
ESP_NODE_04,10,0,2026-05-31 16:28:08
ESP_NODE_01,9,11,2026-05-31 16:28:37
ESP_NODE_02,5,4,2026-05-31 16:28:37
ESP_NODE_04,3,0,2026-05-31 16:29:14
ESP_NODE_01,19,13,2026-05-31 16:29:43
ESP_NODE_02,11,5,2026-05-31 16:29:43
ESP_NODE_01,15,9,2026-05-31 16:30:50
ESP_NODE_02,9,4,2026-05-31 16:30:50
ESP_NODE_04,1,0,2026-05-31 16:31:26
ESP_NODE_01,8,10,2026-05-31 16:31:56
ESP_NODE_02,5,6,2026-05-31 16:31:56
ESP_NODE_04,2,1,2026-05-31 16:32:32
ESP_NODE_01,4,9,2026-05-31 16:33:02
ESP_NODE_02,2,5,2026-05-31 16:33:02
ESP_NODE_01,8,13,2026-05-31 16:34:08
ESP_NODE_02,5,4,2026-05-31 16:34:08
ESP_NODE_04,3,1,2026-05-31 16:34:45
ESP_NODE_01,4,9,2026-05-31 16:35:14
ESP_NODE_02,4,5,2026-05-31 16:35:14
ESP_NODE_04,0,1,2026-05-31 16:35:51
ESP_NODE_04,1,1,2026-05-31 16:36:57
ESP_NODE_01,3,11,2026-05-31 16:37:26
ESP_NODE_02,3,4,2026-05-31 16:37:26
ESP_NODE_04,4,1,2026-05-31 16:38:04
ESP_NODE_01,14,16,2026-05-31 16:38:31
ESP_NODE_02,8,6,2026-05-31 16:38:31
ESP_NODE_04,1,1,2026-05-31 16:39:10
ESP_NODE_01,10,12,2026-05-31 16:39:37
ESP_NODE_02,6,4,2026-05-31 16:39:37
ESP_NODE_04,2,2,2026-05-31 16:40:16
ESP_NODE_01,11,15,2026-05-31 16:40:43
ESP_NODE_02,6,5,2026-05-31 16:40:43
ESP_NODE_04,3,0,2026-05-31 16:41:22
ESP_NODE_01,17,19,2026-05-31 16:41:49
ESP_NODE_02,10,7,2026-05-31 16:41:49
ESP_NODE_04,3,1,2026-05-31 16:42:28
ESP_NODE_01,6,17,2026-05-31 16:42:55
ESP_NODE_02,4,6,2026-05-31 16:42:55
ESP_NODE_04,3,1,2026-05-31 16:43:34
ESP_NODE_01,7,16,2026-05-31 16:44:02
ESP_NODE_02,4,6,2026-05-31 16:44:02
ESP_NODE_04,1,2,2026-05-31 16:44:40
ESP_NODE_01,16,19,2026-05-31 16:45:08
ESP_NODE_02,9,7,2026-05-31 16:45:08
ESP_NODE_04,3,1,2026-05-31 16:45:46
ESP_NODE_01,7,15,2026-05-31 16:46:14
ESP_NODE_02,4,5,2026-05-31 16:46:14
ESP_NODE_04,7,1,2026-05-31 16:46:53
ESP_NODE_01,6,19,2026-05-31 16:47:20
ESP_NODE_02,3,7,2026-05-31 16:47:20
ESP_NODE_04,1,0,2026-05-31 16:47:59
ESP_NODE_01,11,25,2026-05-31 16:48:26
ESP_NODE_02,6,9,2026-05-31 16:48:26
ESP_NODE_04,6,0,2026-05-31 16:49:05
ESP_NODE_01,9,23,2026-05-31 16:49:32
ESP_NODE_02,5,8,2026-05-31 16:49:32
ESP_NODE_04,3,1,2026-05-31 16:50:11
ESP_NODE_01,7,20,2026-05-31 16:50:38
ESP_NODE_02,4,7,2026-05-31 16:50:38
ESP_NODE_01,7,19,2026-05-31 16:51:44
ESP_NODE_02,4,7,2026-05-31 16:51:44
ESP_NODE_04,0,0,2026-05-31 16:52:24
ESP_NODE_01,7,16,2026-05-31 16:52:50
ESP_NODE_02,4,6,2026-05-31 16:52:50
ESP_NODE_04,1,0,2026-05-31 16:53:30
ESP_NODE_01,8,21,2026-05-31 16:53:56
ESP_NODE_02,5,8,2026-05-31 16:53:56
ESP_NODE_04,6,1,2026-05-31 16:54:36
ESP_NODE_04,0,1,2026-05-31 16:55:42
ESP_NODE_01,9,22,2026-05-31 16:56:07
ESP_NODE_02,5,8,2026-05-31 16:56:07
ESP_NODE_04,0,1,2026-05-31 16:56:48
ESP_NODE_01,10,19,2026-05-31 16:57:14
ESP_NODE_02,6,7,2026-05-31 16:57:14
ESP_NODE_04,0,2,2026-05-31 16:57:54
ESP_NODE_01,8,21,2026-05-31 16:58:20
ESP_NODE_02,4,7,2026-05-31 16:58:20
ESP_NODE_04,1,0,2026-05-31 16:59:00
ESP_NODE_01,4,18,2026-05-31 16:59:26
ESP_NODE_02,2,6,2026-05-31 16:59:26
ESP_NODE_04,4,0,2026-05-31 17:00:06
ESP_NODE_01,9,24,2026-05-31 17:00:32
ESP_NODE_02,5,9,2026-05-31 17:00:32
ESP_NODE_04,0,1,2026-05-31 17:01:12
ESP_NODE_01,4,15,2026-05-31 17:01:38
ESP_NODE_02,4,5,2026-05-31 17:01:38
ESP_NODE_04,2,2,2026-05-31 17:02:19
ESP_NODE_01,8,16,2026-05-31 17:02:45
ESP_NODE_02,5,6,2026-05-31 17:02:45
ESP_NODE_04,2,1,2026-05-31 17:03:25
ESP_NODE_01,4,22,2026-05-31 17:03:51
ESP_NODE_02,2,8,2026-05-31 17:03:51
ESP_NODE_04,14,2,2026-05-31 17:04:31
ESP_NODE_01,5,20,2026-05-31 17:04:57
ESP_NODE_02,3,7,2026-05-31 17:04:57
ESP_NODE_01,3,25,2026-05-31 17:06:03
ESP_NODE_02,3,9,2026-05-31 17:06:03
ESP_NODE_04,8,2,2026-05-31 17:06:43
ESP_NODE_01,3,18,2026-05-31 17:07:09
ESP_NODE_02,3,7,2026-05-31 17:07:09
ESP_NODE_04,6,2,2026-05-31 17:07:49
ESP_NODE_01,2,20,2026-05-31 17:08:15
ESP_NODE_02,2,7,2026-05-31 17:08:15
ESP_NODE_04,0,2,2026-05-31 17:08:55
ESP_NODE_01,7,21,2026-05-31 17:09:22
ESP_NODE_02,4,7,2026-05-31 17:09:22
ESP_NODE_01,4,19,2026-05-31 17:10:28
ESP_NODE_02,2,7,2026-05-31 17:10:28
ESP_NODE_04,1,2,2026-05-31 17:11:06
ESP_NODE_01,6,21,2026-05-31 17:11:34
ESP_NODE_02,4,8,2026-05-31 17:11:34
ESP_NODE_04,0,2,2026-05-31 17:12:12
ESP_NODE_01,4,13,2026-05-31 17:12:40
ESP_NODE_02,2,5,2026-05-31 17:12:40
ESP_NODE_04,4,3,2026-05-31 17:13:18
ESP_NODE_01,5,21,2026-05-31 17:13:46
ESP_NODE_02,3,8,2026-05-31 17:13:46
ESP_NODE_04,1,2,2026-05-31 17:14:25
ESP_NODE_01,2,20,2026-05-31 17:14:52
ESP_NODE_02,4,7,2026-05-31 17:14:52
ESP_NODE_04,0,3,2026-05-31 17:15:31
ESP_NODE_01,5,24,2026-05-31 17:15:58
ESP_NODE_02,3,9,2026-05-31 17:15:58
ESP_NODE_04,4,3,2026-05-31 17:16:37
ESP_NODE_01,3,25,2026-05-31 17:17:04
ESP_NODE_02,3,9,2026-05-31 17:17:04
ESP_NODE_04,0,1,2026-05-31 17:17:43
ESP_NODE_01,2,20,2026-05-31 17:18:10
ESP_NODE_02,4,7,2026-05-31 17:18:10
ESP_NODE_04,3,2,2026-05-31 17:18:49
ESP_NODE_01,2,17,2026-05-31 17:19:16
ESP_NODE_02,2,6,2026-05-31 17:19:16
ESP_NODE_04,1,1,2026-05-31 17:19:55
ESP_NODE_01,5,29,2026-05-31 17:20:22
ESP_NODE_02,3,11,2026-05-31 17:20:22
ESP_NODE_04,3,2,2026-05-31 17:21:01
ESP_NODE_01,2,20,2026-05-31 17:21:28
ESP_NODE_02,3,7,2026-05-31 17:21:28
ESP_NODE_04,1,1,2026-05-31 17:22:07
ESP_NODE_01,2,22,2026-05-31 17:22:34
ESP_NODE_02,3,8,2026-05-31 17:22:34
ESP_NODE_04,5,2,2026-05-31 17:23:13
ESP_NODE_01,4,17,2026-05-31 17:23:40
ESP_NODE_02,3,6,2026-05-31 17:23:40
ESP_NODE_04,1,2,2026-05-31 17:24:19
ESP_NODE_01,3,18,2026-05-31 17:24:47
ESP_NODE_02,2,6,2026-05-31 17:24:47
ESP_NODE_04,21,2,2026-05-31 17:25:25
ESP_NODE_01,4,13,2026-05-31 17:25:53
ESP_NODE_02,2,4,2026-05-31 17:25:53
ESP_NODE_04,2,2,2026-05-31 17:26:31
ESP_NODE_01,4,16,2026-05-31 17:26:59
ESP_NODE_02,2,6,2026-05-31 17:26:59
ESP_NODE_04,3,1,2026-05-31 17:27:38
ESP_NODE_01,3,16,2026-05-31 17:28:05
ESP_NODE_02,4,6,2026-05-31 17:28:05
ESP_NODE_04,6,1,2026-05-31 17:28:44
ESP_NODE_01,4,17,2026-05-31 17:29:11
ESP_NODE_02,2,6,2026-05-31 17:29:11
ESP_NODE_01,7,17,2026-05-31 17:30:17
ESP_NODE_02,4,6,2026-05-31 17:30:17
ESP_NODE_04,2,2,2026-05-31 17:30:56
ESP_NODE_01,2,9,2026-05-31 17:31:23
ESP_NODE_02,3,6,2026-05-31 17:31:23
ESP_NODE_04,0,2,2026-05-31 17:32:02
ESP_NODE_01,2,11,2026-05-31 17:32:29
ESP_NODE_02,3,4,2026-05-31 17:32:29
ESP_NODE_04,2,2,2026-05-31 17:33:08
ESP_NODE_01,5,14,2026-05-31 17:33:35
ESP_NODE_02,3,5,2026-05-31 17:33:35
ESP_NODE_04,10,1,2026-05-31 17:34:14
ESP_NODE_01,3,14,2026-05-31 17:34:40
ESP_NODE_02,4,5,2026-05-31 17:34:40
ESP_NODE_04,0,3,2026-05-31 17:35:20
ESP_NODE_01,3,16,2026-05-31 17:35:47
ESP_NODE_02,3,6,2026-05-31 17:35:47
ESP_NODE_04,3,1,2026-05-31 17:36:26
ESP_NODE_01,4,19,2026-05-31 17:36:52
ESP_NODE_02,2,7,2026-05-31 17:36:52
ESP_NODE_04,7,0,2026-05-31 17:37:32
ESP_NODE_01,7,17,2026-05-31 17:37:58
ESP_NODE_02,4,6,2026-05-31 17:37:58
ESP_NODE_01,3,17,2026-05-31 17:39:04
ESP_NODE_02,4,6,2026-05-31 17:39:04
ESP_NODE_04,0,2,2026-05-31 17:39:53
ESP_NODE_01,8,19,2026-05-31 17:40:10
ESP_NODE_02,5,7,2026-05-31 17:40:10
ESP_NODE_04,1,2,2026-05-31 17:40:59
ESP_NODE_01,7,17,2026-05-31 17:41:17
ESP_NODE_02,4,6,2026-05-31 17:41:17
ESP_NODE_04,6,2,2026-05-31 17:42:05
ESP_NODE_01,7,14,2026-05-31 17:42:22
ESP_NODE_02,4,5,2026-05-31 17:42:22
ESP_NODE_04,4,2,2026-05-31 17:43:11
ESP_NODE_01,7,24,2026-05-31 17:43:32
ESP_NODE_02,4,9,2026-05-31 17:43:32
ESP_NODE_04,1,2,2026-05-31 17:44:17
ESP_NODE_01,5,17,2026-05-31 17:44:38
ESP_NODE_02,3,6,2026-05-31 17:44:38
ESP_NODE_04,3,2,2026-05-31 17:45:23
ESP_NODE_01,5,12,2026-05-31 17:45:43
ESP_NODE_02,3,4,2026-05-31 17:45:43
ESP_NODE_04,5,2,2026-05-31 17:46:29
ESP_NODE_01,7,12,2026-05-31 17:46:49
ESP_NODE_02,4,4,2026-05-31 17:46:49
ESP_NODE_04,1,2,2026-05-31 17:47:35
ESP_NODE_01,2,16,2026-05-31 17:47:55
ESP_NODE_02,2,6,2026-05-31 17:47:55
ESP_NODE_04,1,2,2026-05-31 17:48:41
ESP_NODE_01,7,18,2026-05-31 17:49:01
ESP_NODE_02,4,7,2026-05-31 17:49:01
ESP_NODE_04,3,2,2026-05-31 17:49:48
ESP_NODE_01,6,12,2026-05-31 17:50:07
ESP_NODE_02,3,4,2026-05-31 17:50:07
ESP_NODE_04,1,2,2026-05-31 17:50:54
ESP_NODE_01,6,19,2026-05-31 17:51:13
ESP_NODE_02,3,7,2026-05-31 17:51:13
ESP_NODE_04,0,2,2026-05-31 17:52:00
ESP_NODE_01,7,19,2026-05-31 17:52:19
ESP_NODE_02,4,7,2026-05-31 17:52:19
ESP_NODE_04,0,1,2026-05-31 17:53:06
ESP_NODE_01,4,15,2026-05-31 17:53:25
ESP_NODE_02,2,5,2026-05-31 17:53:25
ESP_NODE_04,4,1,2026-05-31 17:54:12
ESP_NODE_01,7,14,2026-05-31 17:54:30
ESP_NODE_02,4,5,2026-05-31 17:54:30
ESP_NODE_04,2,1,2026-05-31 17:55:18
ESP_NODE_01,5,14,2026-05-31 17:55:36
ESP_NODE_02,2,5,2026-05-31 17:55:36
ESP_NODE_04,2,2,2026-05-31 17:56:24
ESP_NODE_01,6,12,2026-05-31 17:56:42
ESP_NODE_02,3,4,2026-05-31 17:56:42
ESP_NODE_04,2,0,2026-05-31 17:57:30
ESP_NODE_01,5,15,2026-05-31 17:57:49
ESP_NODE_02,3,5,2026-05-31 17:57:49
ESP_NODE_04,3,0,2026-05-31 17:58:36
ESP_NODE_01,4,10,2026-05-31 17:58:55
ESP_NODE_02,2,4,2026-05-31 17:58:55
ESP_NODE_04,0,0,2026-05-31 17:59:43
ESP_NODE_01,6,11,2026-05-31 18:00:02
ESP_NODE_02,3,4,2026-05-31 18:00:02
ESP_NODE_04,3,0,2026-05-31 18:00:49
ESP_NODE_01,5,12,2026-05-31 18:01:08
ESP_NODE_02,2,4,2026-05-31 18:01:08
ESP_NODE_01,5,6,2026-05-31 18:02:14
ESP_NODE_02,3,5,2026-05-31 18:02:14
ESP_NODE_04,5,0,2026-05-31 18:03:01
ESP_NODE_01,3,11,2026-05-31 18:03:20
ESP_NODE_02,3,4,2026-05-31 18:03:20
ESP_NODE_04,0,0,2026-05-31 18:04:07
ESP_NODE_01,4,10,2026-05-31 18:04:26
ESP_NODE_02,2,5,2026-05-31 18:04:26
ESP_NODE_04,2,2,2026-05-31 18:05:13
ESP_NODE_01,10,12,2026-05-31 18:05:32
ESP_NODE_02,6,4,2026-05-31 18:05:32
ESP_NODE_04,0,1,2026-05-31 18:06:19
ESP_NODE_01,5,12,2026-05-31 18:06:38
ESP_NODE_02,3,4,2026-05-31 18:06:38
ESP_NODE_04,3,2,2026-05-31 18:07:25
ESP_NODE_01,8,9,2026-05-31 18:07:44
ESP_NODE_02,4,4,2026-05-31 18:07:44
ESP_NODE_04,0,2,2026-05-31 18:08:31
ESP_NODE_01,5,14,2026-05-31 18:08:50
ESP_NODE_02,3,5,2026-05-31 18:08:50
ESP_NODE_04,0,1,2026-05-31 18:09:37
ESP_NODE_01,4,11,2026-05-31 18:09:56
ESP_NODE_02,2,4,2026-05-31 18:09:56
ESP_NODE_04,1,0,2026-05-31 18:10:43
ESP_NODE_01,3,11,2026-05-31 18:11:02
ESP_NODE_02,3,4,2026-05-31 18:11:02
ESP_NODE_04,0,2,2026-05-31 18:11:49
ESP_NODE_01,10,13,2026-05-31 18:12:08
ESP_NODE_02,6,4,2026-05-31 18:12:08
ESP_NODE_04,2,2,2026-05-31 18:12:55
ESP_NODE_01,5,13,2026-05-31 18:13:14
ESP_NODE_02,3,5,2026-05-31 18:13:14
ESP_NODE_04,3,1,2026-05-31 18:14:01
ESP_NODE_01,11,11,2026-05-31 18:14:20
ESP_NODE_02,6,4,2026-05-31 18:14:20
ESP_NODE_04,8,2,2026-05-31 18:15:08
ESP_NODE_01,8,14,2026-05-31 18:15:26
ESP_NODE_02,4,5,2026-05-31 18:15:26
ESP_NODE_01,4,11,2026-05-31 18:16:32
ESP_NODE_02,2,4,2026-05-31 18:16:32
ESP_NODE_04,0,2,2026-05-31 18:17:20
ESP_NODE_01,7,9,2026-05-31 18:17:40
ESP_NODE_02,4,6,2026-05-31 18:17:40
ESP_NODE_04,0,1,2026-05-31 18:18:26
ESP_NODE_01,4,7,2026-05-31 18:18:46
ESP_NODE_02,2,5,2026-05-31 18:18:46
ESP_NODE_04,3,0,2026-05-31 18:19:32
ESP_NODE_01,4,4,2026-05-31 18:19:52
ESP_NODE_02,2,4,2026-05-31 18:19:52
ESP_NODE_04,0,4,2026-05-31 18:20:38
ESP_NODE_01,3,5,2026-05-31 18:20:58
ESP_NODE_02,3,4,2026-05-31 18:20:58
ESP_NODE_04,0,1,2026-05-31 18:21:44
ESP_NODE_01,3,8,2026-05-31 18:22:04
ESP_NODE_02,2,5,2026-05-31 18:22:04
ESP_NODE_04,2,2,2026-05-31 18:22:50
ESP_NODE_01,8,7,2026-05-31 18:23:10
ESP_NODE_02,4,6,2026-05-31 18:23:10
ESP_NODE_04,3,1,2026-05-31 18:23:56
ESP_NODE_01,7,4,2026-05-31 18:24:16
ESP_NODE_02,4,5,2026-05-31 18:24:16
ESP_NODE_04,5,2,2026-05-31 18:25:02
ESP_NODE_01,6,4,2026-05-31 18:25:22
ESP_NODE_02,3,5,2026-05-31 18:25:22
ESP_NODE_04,2,1,2026-05-31 18:26:09
ESP_NODE_01,7,7,2026-05-31 18:26:28
ESP_NODE_02,4,6,2026-05-31 18:26:28
ESP_NODE_04,1,0,2026-05-31 18:27:15
ESP_NODE_01,7,4,2026-05-31 18:27:34
ESP_NODE_02,4,4,2026-05-31 18:27:34
ESP_NODE_04,6,1,2026-05-31 18:28:21
ESP_NODE_01,6,8,2026-05-31 18:28:40
ESP_NODE_02,3,6,2026-05-31 18:28:40
ESP_NODE_04,0,1,2026-05-31 18:29:27
ESP_NODE_01,8,6,2026-05-31 18:29:46
ESP_NODE_02,4,5,2026-05-31 18:29:46
ESP_NODE_04,0,0,2026-05-31 18:30:33
ESP_NODE_01,6,5,2026-05-31 18:30:52
ESP_NODE_02,4,5,2026-05-31 18:30:52
ESP_NODE_04,9,0,2026-05-31 18:31:39
ESP_NODE_01,4,6,2026-05-31 18:31:58
ESP_NODE_02,2,4,2026-05-31 18:31:58
ESP_NODE_04,12,0,2026-05-31 18:32:45
ESP_NODE_01,5,7,2026-05-31 18:33:03
ESP_NODE_02,3,4,2026-05-31 18:33:03
ESP_NODE_04,11,0,2026-05-31 18:33:51
ESP_NODE_01,8,5,2026-05-31 18:34:09
ESP_NODE_02,5,5,2026-05-31 18:34:09
ESP_NODE_01,4,4,2026-05-31 18:35:15
ESP_NODE_02,3,4,2026-05-31 18:35:15
ESP_NODE_04,22,4,2026-05-31 18:36:03
ESP_NODE_01,6,7,2026-05-31 18:36:21
ESP_NODE_02,3,4,2026-05-31 18:36:21
ESP_NODE_04,6,2,2026-05-31 18:37:09
ESP_NODE_01,5,2,2026-05-31 18:37:27
ESP_NODE_02,3,6,2026-05-31 18:37:27
ESP_NODE_04,5,2,2026-05-31 18:38:15
ESP_NODE_01,3,2,2026-05-31 18:38:33
ESP_NODE_02,3,6,2026-05-31 18:38:33
ESP_NODE_04,0,1,2026-05-31 18:39:21
ESP_NODE_01,4,6,2026-05-31 18:39:39
ESP_NODE_02,2,6,2026-05-31 18:39:39
ESP_NODE_04,0,3,2026-05-31 18:40:27
ESP_NODE_01,3,6,2026-05-31 18:40:45
ESP_NODE_02,2,4,2026-05-31 18:40:45
ESP_NODE_04,0,2,2026-05-31 18:41:33
ESP_NODE_04,6,3,2026-05-31 18:42:39
ESP_NODE_01,5,7,2026-05-31 18:42:57
ESP_NODE_02,3,6,2026-05-31 18:42:57
ESP_NODE_04,4,2,2026-05-31 18:43:45
ESP_NODE_01,6,8,2026-05-31 18:44:03
ESP_NODE_02,3,6,2026-05-31 18:44:03
ESP_NODE_04,0,2,2026-05-31 18:44:51
ESP_NODE_01,8,9,2026-05-31 18:46:15
ESP_NODE_02,4,5,2026-05-31 18:46:15
ESP_NODE_01,3,6,2026-05-31 18:47:21
ESP_NODE_02,2,5,2026-05-31 18:47:21
ESP_NODE_04,3,3,2026-05-31 18:48:19
ESP_NODE_01,3,8,2026-05-31 18:48:27
ESP_NODE_02,3,6,2026-05-31 18:48:27
ESP_NODE_01,6,9,2026-05-31 18:49:33
ESP_NODE_02,3,5,2026-05-31 18:49:33
ESP_NODE_01,3,4,2026-05-31 18:50:39
ESP_NODE_02,2,5,2026-05-31 18:50:39
ESP_NODE_04,1,3,2026-05-31 18:50:40
ESP_NODE_01,5,2,2026-05-31 18:51:45
ESP_NODE_02,3,5,2026-05-31 18:51:45
ESP_NODE_01,6,4,2026-05-31 18:52:51
ESP_NODE_02,3,4,2026-05-31 18:52:51
ESP_NODE_04,7,2,2026-05-31 18:53:01
ESP_NODE_01,6,3,2026-05-31 18:53:57
ESP_NODE_02,4,4,2026-05-31 18:53:57
ESP_NODE_04,2,0,2026-05-31 18:54:07
ESP_NODE_01,6,3,2026-05-31 18:55:04
ESP_NODE_02,3,5,2026-05-31 18:55:04
ESP_NODE_01,8,3,2026-05-31 18:56:09
ESP_NODE_02,5,4,2026-05-31 18:56:09
ESP_NODE_04,0,0,2026-05-31 18:56:19
ESP_NODE_01,4,2,2026-05-31 18:57:15
ESP_NODE_02,2,5,2026-05-31 18:57:15
ESP_NODE_04,0,0,2026-05-31 18:57:26
ESP_NODE_01,4,1,2026-05-31 18:58:21
ESP_NODE_02,2,4,2026-05-31 18:58:21
ESP_NODE_01,4,3,2026-05-31 18:59:28
ESP_NODE_02,2,4,2026-05-31 18:59:28
ESP_NODE_04,0,0,2026-05-31 18:59:47
ESP_NODE_01,4,2,2026-05-31 19:00:33
ESP_NODE_02,2,0,2026-05-31 19:00:33
ESP_NODE_04,2,0,2026-05-31 19:00:53
ESP_NODE_01,5,2,2026-05-31 19:01:39
ESP_NODE_02,3,0,2026-05-31 19:01:39
ESP_NODE_04,0,0,2026-05-31 19:01:59
ESP_NODE_01,4,2,2026-05-31 19:02:45
ESP_NODE_02,2,0,2026-05-31 19:02:45
ESP_NODE_01,3,1,2026-05-31 19:03:51
ESP_NODE_02,1,0,2026-05-31 19:03:51
ESP_NODE_04,2,4,2026-05-31 19:04:20
ESP_NODE_01,10,2,2026-05-31 19:04:57
ESP_NODE_02,6,0,2026-05-31 19:04:57
ESP_NODE_01,3,1,2026-05-31 19:06:03
ESP_NODE_02,1,0,2026-05-31 19:06:03
ESP_NODE_04,5,0,2026-05-31 19:06:47
ESP_NODE_01,4,3,2026-05-31 19:07:08
ESP_NODE_02,2,1,2026-05-31 19:07:08
ESP_NODE_04,2,2,2026-05-31 19:07:53
ESP_NODE_01,3,3,2026-05-31 19:08:14
ESP_NODE_02,2,1,2026-05-31 19:08:14
ESP_NODE_04,0,1,2026-05-31 19:08:59
ESP_NODE_01,1,3,2026-05-31 19:09:20
ESP_NODE_02,1,1,2026-05-31 19:09:20
ESP_NODE_04,1,0,2026-05-31 19:10:06
ESP_NODE_01,4,2,2026-05-31 19:10:26
ESP_NODE_02,2,0,2026-05-31 19:10:26
ESP_NODE_04,0,0,2026-05-31 19:11:11
ESP_NODE_01,5,4,2026-05-31 19:11:32
ESP_NODE_02,3,1,2026-05-31 19:11:32
ESP_NODE_04,0,0,2026-05-31 19:12:18
ESP_NODE_01,3,3,2026-05-31 19:12:37
ESP_NODE_02,2,1,2026-05-31 19:12:37
ESP_NODE_04,0,0,2026-05-31 19:13:24
ESP_NODE_01,3,1,2026-05-31 19:13:43
ESP_NODE_02,2,0,2026-05-31 19:13:43
ESP_NODE_01,2,2,2026-05-31 19:14:49
ESP_NODE_02,1,0,2026-05-31 19:14:49
ESP_NODE_04,1,0,2026-05-31 19:15:45
ESP_NODE_01,2,1,2026-05-31 19:15:55
ESP_NODE_02,1,0,2026-05-31 19:15:55
ESP_NODE_04,5,1,2026-05-31 19:16:51
ESP_NODE_01,1,3,2026-05-31 19:17:01
ESP_NODE_02,0,1,2026-05-31 19:17:01
ESP_NODE_01,3,1,2026-05-31 19:18:07
ESP_NODE_02,1,0,2026-05-31 19:18:07
ESP_NODE_04,6,1,2026-05-31 19:19:12
ESP_NODE_01,2,1,2026-05-31 19:19:13
ESP_NODE_02,1,0,2026-05-31 19:19:13
ESP_NODE_01,3,2,2026-05-31 19:20:19
ESP_NODE_02,2,0,2026-05-31 19:20:19
ESP_NODE_04,0,1,2026-05-31 19:21:24
ESP_NODE_01,4,1,2026-05-31 19:21:25
ESP_NODE_02,2,0,2026-05-31 19:21:25
ESP_NODE_01,1,0,2026-05-31 19:22:30
ESP_NODE_02,0,0,2026-05-31 19:22:30
ESP_NODE_04,1,3,2026-05-31 19:22:30
ESP_NODE_01,2,0,2026-05-31 19:23:36
ESP_NODE_02,1,0,2026-05-31 19:23:36
ESP_NODE_04,1,0,2026-05-31 19:23:37
ESP_NODE_04,0,1,2026-05-31 19:24:57
ESP_NODE_01,1,0,2026-05-31 19:25:48
ESP_NODE_02,0,0,2026-05-31 19:25:48
ESP_NODE_04,1,0,2026-05-31 19:26:03
ESP_NODE_01,0,0,2026-05-31 19:26:54
ESP_NODE_02,0,0,2026-05-31 19:26:54
ESP_NODE_01,0,0,2026-05-31 19:28:00
ESP_NODE_02,0,0,2026-05-31 19:28:00
ESP_NODE_04,0,1,2026-05-31 19:28:24
ESP_NODE_01,0,1,2026-05-31 19:29:06
ESP_NODE_02,0,0,2026-05-31 19:29:06
ESP_NODE_04,2,0,2026-05-31 19:29:30
ESP_NODE_01,1,0,2026-05-31 19:30:12
ESP_NODE_02,0,0,2026-05-31 19:30:12
ESP_NODE_04,1,1,2026-05-31 19:31:42
ESP_NODE_04,0,2,2026-05-31 19:32:48
ESP_NODE_04,0,0,2026-05-31 19:35:09
ESP_NODE_04,1,0,2026-05-31 19:36:15
ESP_NODE_04,0,0,2026-05-31 19:37:21
ESP_NODE_04,0,1,2026-05-31 19:38:27
ESP_NODE_04,0,0,2026-05-31 19:39:32
ESP_NODE_04,0,1,2026-05-31 19:41:53
ESP_NODE_04,10,1,2026-05-31 19:44:15
ESP_NODE_04,3,0,2026-05-31 19:45:20
ESP_NODE_04,5,0,2026-05-31 19:46:26
ESP_NODE_04,0,1,2026-05-31 19:47:32
ESP_NODE_04,0,0,2026-05-31 19:48:39
ESP_NODE_04,2,1,2026-05-31 19:49:45
ESP_NODE_04,0,1,2026-05-31 19:50:51
ESP_NODE_04,11,2,2026-05-31 19:51:57
ESP_NODE_04,2,1,2026-05-31 19:55:24
ESP_NODE_04,2,1,2026-05-31 19:56:31
ESP_NODE_04,2,1,2026-05-31 19:57:37
ESP_NODE_04,10,1,2026-05-31 19:58:43
ESP_NODE_04,6,0,2026-05-31 19:59:49
ESP_NODE_04,8,2,2026-05-31 20:00:55
ESP_NODE_04,8,0,2026-05-31 20:02:01
ESP_NODE_04,4,0,2026-05-31 20:04:22
ESP_NODE_04,1,3,2026-05-31 20:05:29
ESP_NODE_04,5,1,2026-05-31 20:06:35
ESP_NODE_04,4,1,2026-05-31 20:10:02
ESP_NODE_04,7,1,2026-05-31 20:11:09
ESP_NODE_04,0,1,2026-05-31 20:12:15
ESP_NODE_04,1,0,2026-05-31 20:13:21
ESP_NODE_04,0,0,2026-05-31 20:15:42
ESP_NODE_04,4,1,2026-05-31 20:16:48
ESP_NODE_04,0,2,2026-05-31 20:17:54
ESP_NODE_04,8,1,2026-05-31 20:20:15
ESP_NODE_04,8,1,2026-05-31 20:21:22
ESP_NODE_04,1,0,2026-05-31 20:22:28
ESP_NODE_04,3,0,2026-05-31 20:24:40
ESP_NODE_04,0,0,2026-05-31 20:25:46
ESP_NODE_04,0,0,2026-05-31 20:26:52
ESP_NODE_04,2,0,2026-05-31 20:27:59
ESP_NODE_04,2,0,2026-05-31 20:30:11
ESP_NODE_04,0,0,2026-05-31 20:31:17
ESP_NODE_04,2,0,2026-05-31 20:32:23
ESP_NODE_04,2,2,2026-05-31 20:33:29
ESP_NODE_04,18,2,2026-05-31 20:34:35
ESP_NODE_04,8,3,2026-05-31 20:35:41
ESP_NODE_04,0,0,2026-05-31 20:36:48
ESP_NODE_04,4,2,2026-05-31 20:39:09
ESP_NODE_04,2,0,2026-05-31 20:40:15
ESP_NODE_04,2,0,2026-05-31 20:41:21
ESP_NODE_04,0,0,2026-05-31 20:42:28
ESP_NODE_04,1,0,2026-05-31 20:43:34
ESP_NODE_04,12,0,2026-05-31 20:44:40
ESP_NODE_04,8,0,2026-05-31 20:45:46
ESP_NODE_04,6,0,2026-05-31 20:46:52
ESP_NODE_04,4,0,2026-05-31 20:47:58
ESP_NODE_04,5,0,2026-05-31 20:49:04
ESP_NODE_04,3,0,2026-05-31 20:50:10
ESP_NODE_04,2,0,2026-05-31 20:51:16
ESP_NODE_04,2,0,2026-05-31 20:52:23
ESP_NODE_04,22,2,2026-05-31 20:53:29
ESP_NODE_04,6,2,2026-05-31 20:54:35
ESP_NODE_04,21,1,2026-05-31 20:55:41
ESP_NODE_04,8,3,2026-05-31 20:56:47
ESP_NODE_04,10,2,2026-05-31 20:57:54
ESP_NODE_04,6,1,2026-05-31 20:59:00
ESP_NODE_04,0,2,2026-05-31 21:01:22
ESP_NODE_04,0,1,2026-05-31 21:02:28
ESP_NODE_04,0,0,2026-05-31 21:03:34
ESP_NODE_04,3,1,2026-05-31 21:04:40
ESP_NODE_04,9,6,2026-05-31 21:05:46
ESP_NODE_04,1,3,2026-05-31 21:06:52
ESP_NODE_04,0,5,2026-05-31 21:07:58
ESP_NODE_04,1,3,2026-05-31 21:09:05
ESP_NODE_04,1,1,2026-05-31 21:11:17
ESP_NODE_04,1,3,2026-05-31 21:12:23
ESP_NODE_04,1,3,2026-05-31 21:13:29
ESP_NODE_04,1,2,2026-05-31 21:14:35
ESP_NODE_04,1,2,2026-05-31 21:15:41
ESP_NODE_04,0,2,2026-05-31 21:16:47
ESP_NODE_04,2,3,2026-05-31 21:17:53
ESP_NODE_04,1,3,2026-05-31 21:18:59
ESP_NODE_04,4,2,2026-05-31 21:20:05
ESP_NODE_04,4,1,2026-05-31 21:21:11
ESP_NODE_04,4,4,2026-05-31 21:22:17
ESP_NODE_04,0,5,2026-05-31 21:23:24
ESP_NODE_04,0,2,2026-05-31 21:24:29
ESP_NODE_04,3,1,2026-05-31 21:25:35
ESP_NODE_04,0,3,2026-05-31 21:26:41
ESP_NODE_04,3,4,2026-05-31 21:27:47
ESP_NODE_04,1,3,2026-05-31 21:30:09
ESP_NODE_04,0,3,2026-05-31 21:31:15
ESP_NODE_04,0,3,2026-05-31 21:32:21
ESP_NODE_04,0,2,2026-05-31 21:33:27
ESP_NODE_04,1,2,2026-05-31 21:34:33
ESP_NODE_04,7,0,2026-05-31 21:35:39
ESP_NODE_04,0,0,2026-05-31 21:36:45
ESP_NODE_04,2,1,2026-05-31 21:39:06
ESP_NODE_04,6,1,2026-05-31 21:40:12
ESP_NODE_04,3,0,2026-05-31 21:41:18
ESP_NODE_04,1,1,2026-05-31 21:42:24
ESP_NODE_04,6,0,2026-05-31 21:44:36
ESP_NODE_04,0,1,2026-05-31 21:46:57
ESP_NODE_04,3,2,2026-05-31 21:48:03
ESP_NODE_04,2,0,2026-05-31 21:49:09
ESP_NODE_04,1,0,2026-05-31 21:50:15
ESP_NODE_04,0,1,2026-05-31 21:51:21
ESP_NODE_04,1,0,2026-05-31 21:52:28
ESP_NODE_04,0,0,2026-05-31 21:53:34
ESP_NODE_04,8,0,2026-05-31 21:54:39
ESP_NODE_04,6,0,2026-05-31 21:55:45
ESP_NODE_04,1,1,2026-05-31 21:56:52
ESP_NODE_04,4,0,2026-05-31 21:57:58
ESP_NODE_04,0,1,2026-05-31 21:59:04
ESP_NODE_04,11,0,2026-05-31 22:00:10
ESP_NODE_04,1,0,2026-05-31 22:01:28
ESP_NODE_04,4,0,2026-05-31 22:02:34
ESP_NODE_04,5,3,2026-05-31 22:04:55
ESP_NODE_04,4,6,2026-05-31 22:06:01
ESP_NODE_04,3,4,2026-05-31 22:08:13
ESP_NODE_04,4,5,2026-05-31 22:09:19
ESP_NODE_04,6,5,2026-05-31 22:10:26
ESP_NODE_04,3,5,2026-05-31 22:11:32
ESP_NODE_04,15,3,2026-05-31 22:12:38
ESP_NODE_04,13,2,2026-05-31 22:13:44
ESP_NODE_04,5,2,2026-05-31 22:16:05
ESP_NODE_04,6,4,2026-05-31 22:18:17
ESP_NODE_04,9,4,2026-05-31 22:19:23
ESP_NODE_04,7,4,2026-05-31 22:20:29
ESP_NODE_04,1,3,2026-05-31 22:21:36
ESP_NODE_04,3,6,2026-05-31 22:22:42
ESP_NODE_04,0,6,2026-05-31 22:23:48
ESP_NODE_04,2,5,2026-05-31 22:24:54
ESP_NODE_04,4,6,2026-05-31 22:26:01
ESP_NODE_04,1,4,2026-05-31 22:27:07
ESP_NODE_04,0,5,2026-05-31 22:28:13
ESP_NODE_04,1,4,2026-05-31 22:29:19
ESP_NODE_04,4,5,2026-05-31 22:30:25
ESP_NODE_04,5,6,2026-05-31 22:31:31
ESP_NODE_04,1,6,2026-05-31 22:32:37
ESP_NODE_04,6,5,2026-05-31 22:33:43
ESP_NODE_04,3,5,2026-05-31 22:34:49
ESP_NODE_04,8,8,2026-05-31 22:35:55
ESP_NODE_04,7,6,2026-05-31 22:37:01
ESP_NODE_04,0,6,2026-05-31 22:38:07
ESP_NODE_04,10,7,2026-05-31 22:39:13
ESP_NODE_04,4,6,2026-05-31 22:40:20
ESP_NODE_04,8,4,2026-05-31 22:41:25
ESP_NODE_04,13,3,2026-05-31 22:42:31
ESP_NODE_04,6,6,2026-05-31 22:43:38
ESP_NODE_04,12,4,2026-05-31 22:44:44
ESP_NODE_04,2,8,2026-05-31 22:45:50
ESP_NODE_04,2,6,2026-05-31 22:46:56
ESP_NODE_04,5,10,2026-05-31 22:48:02
ESP_NODE_04,25,11,2026-05-31 22:49:08
ESP_NODE_04,8,8,2026-05-31 22:50:14
ESP_NODE_04,5,12,2026-05-31 22:51:20
ESP_NODE_04,8,9,2026-05-31 22:52:27
ESP_NODE_04,4,6,2026-05-31 22:53:33
ESP_NODE_04,4,4,2026-05-31 22:54:39
ESP_NODE_04,0,5,2026-05-31 22:55:45
ESP_NODE_04,3,9,2026-05-31 22:58:07
ESP_NODE_04,11,10,2026-05-31 22:59:13
ESP_NODE_04,0,11,2026-05-31 23:00:19
ESP_NODE_04,7,7,2026-05-31 23:01:25
ESP_NODE_04,0,7,2026-05-31 23:02:30
ESP_NODE_04,3,7,2026-05-31 23:04:52
ESP_NODE_04,5,8,2026-05-31 23:07:13
ESP_NODE_04,7,5,2026-05-31 23:08:19
ESP_NODE_04,10,6,2026-05-31 23:09:25
ESP_NODE_04,10,6,2026-05-31 23:10:31
ESP_NODE_04,5,5,2026-05-31 23:11:38
ESP_NODE_04,7,5,2026-05-31 23:12:44
ESP_NODE_04,10,8,2026-05-31 23:14:57
ESP_NODE_04,10,6,2026-05-31 23:16:03
ESP_NODE_04,8,4,2026-05-31 23:17:10
ESP_NODE_04,8,9,2026-05-31 23:18:16
ESP_NODE_04,0,5,2026-05-31 23:20:28
ESP_NODE_04,0,1,2026-05-31 23:21:34
ESP_NODE_04,0,4,2026-05-31 23:22:40
ESP_NODE_04,2,1,2026-05-31 23:23:47
ESP_NODE_04,1,2,2026-05-31 23:24:53
ESP_NODE_04,0,1,2026-05-31 23:27:05
ESP_NODE_04,0,2,2026-05-31 23:28:11
ESP_NODE_04,0,2,2026-05-31 23:29:17
ESP_NODE_04,2,1,2026-05-31 23:30:23
ESP_NODE_04,2,2,2026-05-31 23:31:29
ESP_NODE_04,0,1,2026-05-31 23:32:35
ESP_NODE_04,0,1,2026-05-31 23:33:41
ESP_NODE_04,0,2,2026-05-31 23:34:48
ESP_NODE_04,1,2,2026-05-31 23:35:54
ESP_NODE_04,4,2,2026-05-31 23:37:00
ESP_NODE_04,2,2,2026-05-31 23:38:06
ESP_NODE_04,0,1,2026-05-31 23:39:12
ESP_NODE_04,0,5,2026-05-31 23:40:18
ESP_NODE_04,2,3,2026-05-31 23:41:25
ESP_NODE_04,1,3,2026-05-31 23:42:31
ESP_NODE_04,2,4,2026-05-31 23:43:37
ESP_NODE_04,1,1,2026-05-31 23:44:43
ESP_NODE_04,0,2,2026-05-31 23:45:49
ESP_NODE_04,1,2,2026-05-31 23:46:55
ESP_NODE_04,0,2,2026-05-31 23:48:01
ESP_NODE_04,1,2,2026-05-31 23:49:07
ESP_NODE_04,7,2,2026-05-31 23:51:19
ESP_NODE_04,0,4,2026-05-31 23:52:25
ESP_NODE_04,4,4,2026-05-31 23:53:31
ESP_NODE_04,0,5,2026-05-31 23:54:37
ESP_NODE_04,2,6,2026-05-31 23:55:44
ESP_NODE_04,5,5,2026-05-31 23:56:50
ESP_NODE_04,0,4,2026-05-31 23:57:56
ESP_NODE_04,0,4,2026-05-31 23:59:02
ESP_NODE_04,3,5,2026-06-01 00:01:23
ESP_NODE_04,1,5,2026-06-01 00:02:29
ESP_NODE_04,3,6,2026-06-01 00:03:39
ESP_NODE_04,1,4,2026-06-01 00:04:45
ESP_NODE_04,3,6,2026-06-01 00:05:51
ESP_NODE_04,3,5,2026-06-01 00:06:57
ESP_NODE_04,2,6,2026-06-01 00:08:03
ESP_NODE_04,3,4,2026-06-01 00:09:09
ESP_NODE_04,0,3,2026-06-01 00:09:16
ESP_NODE_04,1,4,2026-06-01 00:10:15
ESP_NODE_04,1,3,2026-06-01 00:10:22
ESP_NODE_04,1,4,2026-06-01 00:11:21
ESP_NODE_04,0,4,2026-06-01 00:11:28
ESP_NODE_04,1,4,2026-06-01 00:12:27
ESP_NODE_04,0,1,2026-06-01 00:12:34
ESP_NODE_04,1,3,2026-06-01 00:13:34
ESP_NODE_04,0,0,2026-06-01 00:13:40
ESP_NODE_04,0,2,2026-06-01 00:14:40
ESP_NODE_04,7,4,2026-06-01 00:14:46
ESP_NODE_04,0,4,2026-06-01 00:15:46
ESP_NODE_04,1,3,2026-06-01 00:15:52
ESP_NODE_04,0,4,2026-06-01 00:16:52
ESP_NODE_04,0,1,2026-06-01 00:16:58
ESP_NODE_04,4,4,2026-06-01 00:17:58
ESP_NODE_04,0,2,2026-06-01 00:18:04
ESP_NODE_04,0,1,2026-06-01 00:19:10
ESP_NODE_04,0,0,2026-06-01 00:20:16
ESP_NODE_04,0,2,2026-06-01 00:21:22
ESP_NODE_04,0,3,2026-06-01 00:22:29
ESP_NODE_04,0,5,2026-06-01 00:23:35
ESP_NODE_04,2,3,2026-06-01 00:24:41
ESP_NODE_04,0,9,2026-06-01 00:25:47
ESP_NODE_04,3,10,2026-06-01 00:26:53
ESP_NODE_04,1,3,2026-06-01 00:27:59
ESP_NODE_04,0,1,2026-06-01 00:29:05
ESP_NODE_04,0,1,2026-06-01 00:30:11
ESP_NODE_04,6,4,2026-06-01 00:31:17
ESP_NODE_04,2,4,2026-06-01 00:32:24
ESP_NODE_04,0,3,2026-06-01 00:34:36
ESP_NODE_04,1,2,2026-06-01 00:35:42
ESP_NODE_04,0,3,2026-06-01 00:38:04
ESP_NODE_04,0,2,2026-06-01 00:40:16
ESP_NODE_04,0,2,2026-06-01 00:41:22
ESP_NODE_04,0,1,2026-06-01 00:42:28
ESP_NODE_04,0,3,2026-06-01 00:44:49
ESP_NODE_04,0,3,2026-06-01 00:45:55
ESP_NODE_04,4,4,2026-06-01 00:47:01
ESP_NODE_04,3,7,2026-06-01 00:48:07
ESP_NODE_04,2,5,2026-06-01 00:49:13
ESP_NODE_04,0,7,2026-06-01 00:50:19
ESP_NODE_04,1,7,2026-06-01 00:52:40
ESP_NODE_04,0,11,2026-06-01 00:53:47
ESP_NODE_04,0,10,2026-06-01 00:54:53
ESP_NODE_04,1,8,2026-06-01 00:55:59
ESP_NODE_04,1,6,2026-06-01 00:57:05
ESP_NODE_04,0,7,2026-06-01 00:58:11
ESP_NODE_04,0,5,2026-06-01 00:59:17
ESP_NODE_04,0,6,2026-06-01 01:00:23
ESP_NODE_04,1,5,2026-06-01 01:01:29
ESP_NODE_04,2,3,2026-06-01 01:02:35
ESP_NODE_04,1,3,2026-06-01 01:03:41
ESP_NODE_04,4,4,2026-06-01 01:04:47
ESP_NODE_04,1,5,2026-06-01 01:07:00
ESP_NODE_04,0,2,2026-06-01 01:08:06
ESP_NODE_04,0,4,2026-06-01 01:09:12
ESP_NODE_04,0,1,2026-06-01 01:10:18
ESP_NODE_04,0,1,2026-06-01 01:11:24
ESP_NODE_04,0,1,2026-06-01 01:12:31
ESP_NODE_04,0,1,2026-06-01 01:13:37
ESP_NODE_04,0,2,2026-06-01 01:14:43
ESP_NODE_04,0,2,2026-06-01 01:15:49
ESP_NODE_04,0,1,2026-06-01 01:16:55
ESP_NODE_04,0,1,2026-06-01 01:18:01
ESP_NODE_04,0,1,2026-06-01 01:20:13
ESP_NODE_04,0,1,2026-06-01 01:21:19
ESP_NODE_04,0,0,2026-06-01 01:22:25
ESP_NODE_04,0,2,2026-06-01 01:24:38
ESP_NODE_04,4,1,2026-06-01 01:27:06
ESP_NODE_04,0,1,2026-06-01 01:28:12
ESP_NODE_04,0,1,2026-06-01 01:29:19
ESP_NODE_04,0,2,2026-06-01 01:30:25
ESP_NODE_04,0,2,2026-06-01 01:31:31
ESP_NODE_04,0,1,2026-06-01 01:32:37
ESP_NODE_04,0,3,2026-06-01 01:33:43
ESP_NODE_04,0,1,2026-06-01 01:34:49
ESP_NODE_04,0,3,2026-06-01 01:35:55
ESP_NODE_04,0,2,2026-06-01 01:37:02
ESP_NODE_04,0,3,2026-06-01 01:38:08
ESP_NODE_04,0,1,2026-06-01 01:41:35
ESP_NODE_04,0,2,2026-06-01 01:42:41
ESP_NODE_04,0,2,2026-06-01 01:43:47
ESP_NODE_04,0,1,2026-06-01 01:44:53
ESP_NODE_04,0,3,2026-06-01 01:45:59
ESP_NODE_04,0,1,2026-06-01 01:47:05
ESP_NODE_04,0,2,2026-06-01 01:48:12
ESP_NODE_04,0,1,2026-06-01 01:49:18
ESP_NODE_04,0,1,2026-06-01 01:50:24
ESP_NODE_04,2,1,2026-06-01 01:51:30
ESP_NODE_04,0,2,2026-06-01 01:52:36
ESP_NODE_04,1,1,2026-06-01 01:53:42
ESP_NODE_04,0,2,2026-06-01 01:55:55
ESP_NODE_04,0,1,2026-06-01 01:57:01
ESP_NODE_04,0,1,2026-06-01 01:58:07
ESP_NODE_04,0,1,2026-06-01 01:59:13
ESP_NODE_04,0,2,2026-06-01 02:00:19
ESP_NODE_04,0,1,2026-06-01 02:01:25
ESP_NODE_04,0,2,2026-06-01 02:02:31
ESP_NODE_04,0,3,2026-06-01 02:03:37
ESP_NODE_04,2,1,2026-06-01 02:04:44
ESP_NODE_04,0,1,2026-06-01 02:05:50
ESP_NODE_04,1,1,2026-06-01 02:06:56
ESP_NODE_04,2,2,2026-06-01 02:08:02
ESP_NODE_04,2,1,2026-06-01 02:09:08
ESP_NODE_04,0,1,2026-06-01 02:10:14
ESP_NODE_04,1,2,2026-06-01 02:11:20
ESP_NODE_04,0,1,2026-06-01 02:12:26
ESP_NODE_04,0,1,2026-06-01 02:13:32
ESP_NODE_04,3,0,2026-06-01 02:14:38
ESP_NODE_04,0,3,2026-06-01 02:16:51
ESP_NODE_04,0,1,2026-06-01 02:17:57
ESP_NODE_04,0,1,2026-06-01 02:19:02
ESP_NODE_04,1,2,2026-06-01 02:20:08
ESP_NODE_04,0,1,2026-06-01 02:21:15
ESP_NODE_04,0,2,2026-06-01 02:22:21
ESP_NODE_04,0,0,2026-06-01 02:23:40
ESP_NODE_04,0,1,2026-06-01 02:24:47
ESP_NODE_04,0,1,2026-06-01 02:25:53
ESP_NODE_04,0,1,2026-06-01 02:26:59
ESP_NODE_04,1,1,2026-06-01 02:28:05
ESP_NODE_04,0,0,2026-06-01 02:29:11
ESP_NODE_04,0,1,2026-06-01 02:30:17
ESP_NODE_04,0,0,2026-06-01 02:31:23
ESP_NODE_04,0,0,2026-06-01 02:32:29
ESP_NODE_04,0,0,2026-06-01 02:33:35
ESP_NODE_04,0,1,2026-06-01 02:34:41
ESP_NODE_04,0,0,2026-06-01 02:35:46
ESP_NODE_04,2,0,2026-06-01 02:36:53
ESP_NODE_04,4,0,2026-06-01 02:37:59
ESP_NODE_04,0,0,2026-06-01 02:40:20
ESP_NODE_04,0,1,2026-06-01 02:41:26
ESP_NODE_04,0,0,2026-06-01 02:43:47
ESP_NODE_04,0,1,2026-06-01 02:44:53
ESP_NODE_04,3,0,2026-06-01 02:45:59
ESP_NODE_04,0,0,2026-06-01 02:47:05
ESP_NODE_04,2,1,2026-06-01 02:48:11
ESP_NODE_04,0,1,2026-06-01 02:49:17
ESP_NODE_04,0,0,2026-06-01 02:50:24
ESP_NODE_04,0,1,2026-06-01 02:51:30
ESP_NODE_04,0,0,2026-06-01 02:52:35
ESP_NODE_04,0,0,2026-06-01 02:53:41
ESP_NODE_04,0,1,2026-06-01 02:54:48
ESP_NODE_04,0,0,2026-06-01 02:55:54
ESP_NODE_04,0,1,2026-06-01 02:57:00
ESP_NODE_04,0,0,2026-06-01 02:58:06
ESP_NODE_04,0,0,2026-06-01 02:59:12
ESP_NODE_04,0,0,2026-06-01 03:00:18
ESP_NODE_04,0,0,2026-06-01 03:02:30
ESP_NODE_04,0,0,2026-06-01 03:03:37
ESP_NODE_04,0,0,2026-06-01 03:04:42
ESP_NODE_04,0,0,2026-06-01 03:05:48
ESP_NODE_04,0,1,2026-06-01 03:06:55
ESP_NODE_04,0,0,2026-06-01 03:08:01
ESP_NODE_04,0,1,2026-06-01 03:09:07
ESP_NODE_04,0,1,2026-06-01 03:10:13
ESP_NODE_04,0,2,2026-06-01 03:11:19
ESP_NODE_04,0,0,2026-06-01 03:12:25
ESP_NODE_04,0,0,2026-06-01 03:13:31
ESP_NODE_04,0,1,2026-06-01 03:15:52
ESP_NODE_04,0,1,2026-06-01 03:16:58
ESP_NODE_04,0,1,2026-06-01 03:18:04
ESP_NODE_04,0,2,2026-06-01 03:19:10
ESP_NODE_04,0,2,2026-06-01 03:20:17
ESP_NODE_04,0,1,2026-06-01 03:21:23
ESP_NODE_04,0,3,2026-06-01 03:22:29
ESP_NODE_04,0,2,2026-06-01 03:23:35
ESP_NODE_04,0,3,2026-06-01 03:24:41
ESP_NODE_04,0,2,2026-06-01 03:25:47
ESP_NODE_04,2,2,2026-06-01 03:26:53
ESP_NODE_04,0,2,2026-06-01 03:27:59
ESP_NODE_04,0,2,2026-06-01 03:29:05
ESP_NODE_04,0,3,2026-06-01 03:30:11
ESP_NODE_04,0,1,2026-06-01 03:31:17
ESP_NODE_04,0,2,2026-06-01 03:32:23
ESP_NODE_04,0,3,2026-06-01 03:33:29
ESP_NODE_04,0,3,2026-06-01 03:34:35
ESP_NODE_04,0,2,2026-06-01 03:35:41
ESP_NODE_04,0,1,2026-06-01 03:36:47
ESP_NODE_04,0,2,2026-06-01 03:37:53
ESP_NODE_04,0,0,2026-06-01 03:38:59
ESP_NODE_04,0,1,2026-06-01 03:40:05
ESP_NODE_04,0,0,2026-06-01 03:41:12
ESP_NODE_04,0,0,2026-06-01 03:42:18
ESP_NODE_04,0,0,2026-06-01 03:43:24
ESP_NODE_04,0,0,2026-06-01 03:44:29
ESP_NODE_04,0,0,2026-06-01 03:45:36
ESP_NODE_04,0,0,2026-06-01 03:46:42
ESP_NODE_04,0,0,2026-06-01 03:47:48
ESP_NODE_04,0,0,2026-06-01 03:50:09
ESP_NODE_04,0,0,2026-06-01 03:51:16
ESP_NODE_04,0,0,2026-06-01 03:52:22
ESP_NODE_04,0,0,2026-06-01 03:53:28
ESP_NODE_04,0,0,2026-06-01 03:54:34
ESP_NODE_04,0,0,2026-06-01 03:55:40
ESP_NODE_04,0,0,2026-06-01 03:58:01
ESP_NODE_04,0,0,2026-06-01 03:59:07
ESP_NODE_04,0,0,2026-06-01 04:00:13
ESP_NODE_04,0,0,2026-06-01 04:01:19
ESP_NODE_04,0,0,2026-06-01 04:02:25
ESP_NODE_04,0,0,2026-06-01 04:03:31
ESP_NODE_04,0,0,2026-06-01 04:04:37
ESP_NODE_04,0,0,2026-06-01 04:05:44
ESP_NODE_04,0,0,2026-06-01 04:06:50
ESP_NODE_04,0,0,2026-06-01 04:07:56
ESP_NODE_04,0,0,2026-06-01 04:09:02
ESP_NODE_04,0,0,2026-06-01 04:10:08
ESP_NODE_04,0,0,2026-06-01 04:11:14
ESP_NODE_04,0,0,2026-06-01 04:12:20
ESP_NODE_04,0,0,2026-06-01 04:14:31
ESP_NODE_04,0,0,2026-06-01 04:15:37
ESP_NODE_04,0,0,2026-06-01 04:19:13
ESP_NODE_04,0,0,2026-06-01 04:20:20
ESP_NODE_04,0,0,2026-06-01 04:21:26
ESP_NODE_04,0,0,2026-06-01 04:22:32
ESP_NODE_04,0,0,2026-06-01 04:23:38
ESP_NODE_04,0,0,2026-06-01 04:24:44
ESP_NODE_04,0,0,2026-06-01 04:25:51
ESP_NODE_04,0,0,2026-06-01 04:26:57
ESP_NODE_04,0,0,2026-06-01 04:28:03
ESP_NODE_04,0,0,2026-06-01 04:29:10
ESP_NODE_04,0,0,2026-06-01 04:30:16
ESP_NODE_04,0,0,2026-06-01 04:32:28
ESP_NODE_04,0,0,2026-06-01 04:33:34
ESP_NODE_04,0,0,2026-06-01 04:34:40
ESP_NODE_04,0,0,2026-06-01 04:35:46
ESP_NODE_04,0,0,2026-06-01 04:36:52
ESP_NODE_04,0,0,2026-06-01 04:37:59
ESP_NODE_04,0,0,2026-06-01 04:39:05
ESP_NODE_04,0,0,2026-06-01 04:41:26
ESP_NODE_04,0,0,2026-06-01 04:42:32
ESP_NODE_04,0,0,2026-06-01 04:43:38
ESP_NODE_04,0,0,2026-06-01 04:44:45
ESP_NODE_04,0,0,2026-06-01 04:45:51
ESP_NODE_04,0,0,2026-06-01 04:46:57
ESP_NODE_04,0,0,2026-06-01 04:48:03
ESP_NODE_04,0,0,2026-06-01 04:49:09
ESP_NODE_04,0,0,2026-06-01 04:51:31
ESP_NODE_04,0,0,2026-06-01 04:52:37
ESP_NODE_04,0,0,2026-06-01 04:53:43
ESP_NODE_04,0,0,2026-06-01 04:54:49
ESP_NODE_04,0,0,2026-06-01 04:55:55
ESP_NODE_04,0,0,2026-06-01 04:57:02
ESP_NODE_04,0,0,2026-06-01 04:58:07
ESP_NODE_04,0,0,2026-06-01 04:59:14
ESP_NODE_04,0,0,2026-06-01 05:00:20
ESP_NODE_04,0,0,2026-06-01 05:01:26
ESP_NODE_04,0,0,2026-06-01 05:02:32
ESP_NODE_04,0,0,2026-06-01 05:03:38
ESP_NODE_04,0,0,2026-06-01 05:04:44
ESP_NODE_04,0,0,2026-06-01 05:05:50
ESP_NODE_04,0,0,2026-06-01 05:06:56
ESP_NODE_04,0,0,2026-06-01 05:08:02
ESP_NODE_04,0,0,2026-06-01 05:09:08
ESP_NODE_04,0,0,2026-06-01 05:10:14
ESP_NODE_04,0,0,2026-06-01 05:11:21
ESP_NODE_04,0,0,2026-06-01 05:12:27
ESP_NODE_04,0,0,2026-06-01 05:13:33
ESP_NODE_04,0,0,2026-06-01 05:14:52
ESP_NODE_04,0,0,2026-06-01 05:15:58
ESP_NODE_04,0,0,2026-06-01 05:19:25
ESP_NODE_04,0,0,2026-06-01 05:20:31
ESP_NODE_04,0,0,2026-06-01 05:21:37
ESP_NODE_04,0,0,2026-06-01 05:22:43
ESP_NODE_04,0,0,2026-06-01 05:23:50
ESP_NODE_04,0,0,2026-06-01 05:24:56
ESP_NODE_04,0,0,2026-06-01 05:26:02
ESP_NODE_04,0,0,2026-06-01 05:27:08
ESP_NODE_04,0,0,2026-06-01 05:29:20
ESP_NODE_04,0,0,2026-06-01 05:31:41
ESP_NODE_04,0,0,2026-06-01 05:32:48
ESP_NODE_04,0,0,2026-06-01 05:35:00
ESP_NODE_04,0,0,2026-06-01 05:52:22
ESP_NODE_04,0,0,2026-06-01 05:54:44
ESP_NODE_04,0,0,2026-06-01 05:55:50
ESP_NODE_04,0,0,2026-06-01 05:59:31
ESP_NODE_04,0,0,2026-06-01 06:01:57
ESP_NODE_04,0,0,2026-06-01 06:03:08
ESP_NODE_04,0,0,2026-06-01 06:05:29
ESP_NODE_04,0,0,2026-06-01 06:06:35
ESP_NODE_04,0,0,2026-06-01 06:07:41
ESP_NODE_04,0,0,2026-06-01 06:08:47
ESP_NODE_04,0,0,2026-06-01 06:13:39
ESP_NODE_04,0,0,2026-06-01 06:14:45
ESP_NODE_04,0,0,2026-06-01 06:15:51
ESP_NODE_04,0,0,2026-06-01 06:16:57
ESP_NODE_04,2,0,2026-06-01 06:19:18
ESP_NODE_04,0,0,2026-06-01 06:21:39
ESP_NODE_04,0,0,2026-06-01 06:22:45
ESP_NODE_04,0,0,2026-06-01 06:23:51
ESP_NODE_04,0,0,2026-06-01 06:24:58
ESP_NODE_04,0,0,2026-06-01 06:26:04
ESP_NODE_04,0,0,2026-06-01 06:27:10
ESP_NODE_04,0,0,2026-06-01 06:28:16
ESP_NODE_04,0,0,2026-06-01 06:29:23
ESP_NODE_04,0,0,2026-06-01 06:32:59
ESP_NODE_04,0,0,2026-06-01 06:34:05
ESP_NODE_04,0,0,2026-06-01 06:40:11
ESP_NODE_04,0,0,2026-06-01 06:41:17
ESP_NODE_04,0,2,2026-06-01 06:42:24
ESP_NODE_04,0,0,2026-06-01 06:44:45
ESP_NODE_04,0,0,2026-06-01 06:45:51
ESP_NODE_04,0,0,2026-06-01 06:46:57
ESP_NODE_04,0,0,2026-06-01 06:48:03
ESP_NODE_04,0,0,2026-06-01 06:50:25
ESP_NODE_04,0,0,2026-06-01 06:52:46
ESP_NODE_04,0,0,2026-06-01 06:53:53
ESP_NODE_04,0,0,2026-06-01 06:57:29
ESP_NODE_04,0,1,2026-06-01 06:58:36
ESP_NODE_04,0,0,2026-06-01 06:59:44
ESP_NODE_04,0,0,2026-06-01 07:03:20
ESP_NODE_04,0,0,2026-06-01 07:05:42
ESP_NODE_04,0,0,2026-06-01 07:06:48
ESP_NODE_04,0,1,2026-06-01 07:07:54
ESP_NODE_04,8,2,2026-06-01 07:10:15
ESP_NODE_04,0,3,2026-06-01 07:11:22
ESP_NODE_04,0,3,2026-06-01 07:12:28
ESP_NODE_04,1,0,2026-06-01 07:13:34
ESP_NODE_04,11,1,2026-06-01 07:14:40
ESP_NODE_04,14,2,2026-06-01 07:15:46
ESP_NODE_04,2,3,2026-06-01 07:16:52
ESP_NODE_04,0,3,2026-06-01 07:17:58
ESP_NODE_04,0,2,2026-06-01 07:19:05
ESP_NODE_04,1,1,2026-06-01 07:20:11
ESP_NODE_04,3,2,2026-06-01 07:27:44
ESP_NODE_04,0,0,2026-06-01 07:41:21
ESP_NODE_04,3,4,2026-06-01 07:42:28
ESP_NODE_04,0,3,2026-06-01 07:43:34
ESP_NODE_04,0,3,2026-06-01 07:44:40
ESP_NODE_04,3,4,2026-06-01 07:47:01
ESP_NODE_04,0,1,2026-06-01 07:48:08
ESP_NODE_04,0,2,2026-06-01 07:49:13
ESP_NODE_04,1,1,2026-06-01 07:50:20
ESP_NODE_04,3,2,2026-06-01 07:51:26
ESP_NODE_04,0,2,2026-06-01 07:52:32
ESP_NODE_04,1,1,2026-06-01 07:53:38
ESP_NODE_04,3,1,2026-06-01 07:55:59
ESP_NODE_04,1,0,2026-06-01 07:58:20
ESP_NODE_04,0,1,2026-06-01 08:00:41
ESP_NODE_04,0,0,2026-06-01 08:01:47
ESP_NODE_04,6,2,2026-06-01 08:02:53
ESP_NODE_04,3,3,2026-06-01 08:06:29
ESP_NODE_04,1,3,2026-06-01 08:07:36
ESP_NODE_04,4,1,2026-06-01 08:12:18
ESP_NODE_04,0,0,2026-06-01 08:13:24
ESP_NODE_04,5,2,2026-06-01 08:17:00
ESP_NODE_04,1,2,2026-06-01 08:18:06
ESP_NODE_04,3,1,2026-06-01 08:19:12
ESP_NODE_04,0,2,2026-06-01 08:22:48
ESP_NODE_04,0,3,2026-06-01 08:25:09
ESP_NODE_04,3,2,2026-06-01 08:26:15
ESP_NODE_04,1,2,2026-06-01 08:27:21
ESP_NODE_04,3,0,2026-06-01 08:28:27
ESP_NODE_04,1,4,2026-06-01 08:29:33
ESP_NODE_04,0,4,2026-06-01 08:33:00
ESP_NODE_04,3,4,2026-06-01 08:34:07
ESP_NODE_04,3,3,2026-06-01 08:35:13
ESP_NODE_04,9,3,2026-06-01 08:36:19
ESP_NODE_04,4,4,2026-06-01 08:38:41
ESP_NODE_04,0,1,2026-06-01 08:39:47
ESP_NODE_04,5,4,2026-06-01 08:40:53
ESP_NODE_04,1,2,2026-06-01 08:43:14
ESP_NODE_04,14,1,2026-06-01 08:44:20
ESP_NODE_04,0,3,2026-06-01 08:45:26
ESP_NODE_04,2,1,2026-06-01 08:47:47
ESP_NODE_04,2,4,2026-06-01 08:50:08
ESP_NODE_04,2,1,2026-06-01 08:51:14
ESP_NODE_04,6,1,2026-06-01 08:52:21
ESP_NODE_04,1,2,2026-06-01 08:53:26
ESP_NODE_04,4,1,2026-06-01 08:54:33
ESP_NODE_04,2,1,2026-06-01 08:55:39
ESP_NODE_04,0,0,2026-06-01 08:56:45
ESP_NODE_04,21,0,2026-06-01 08:57:52
ESP_NODE_04,1,0,2026-06-01 09:00:13
ESP_NODE_04,0,3,2026-06-01 09:05:08
ESP_NODE_04,2,8,2026-06-01 09:06:16
ESP_NODE_04,1,3,2026-06-01 09:07:21
ESP_NODE_04,0,3,2026-06-01 09:08:28
ESP_NODE_04,1,5,2026-06-01 09:09:34
ESP_NODE_04,0,1,2026-06-01 09:10:40
ESP_NODE_04,0,2,2026-06-01 09:11:46
ESP_NODE_04,2,6,2026-06-01 09:12:52
ESP_NODE_04,0,6,2026-06-01 09:13:58
ESP_NODE_04,1,3,2026-06-01 09:16:20
ESP_NODE_04,3,1,2026-06-01 09:17:26
ESP_NODE_04,0,3,2026-06-01 09:18:32
ESP_NODE_04,3,6,2026-06-01 09:23:23
ESP_NODE_03,0,0,2026-06-01 09:23:48
ESP_NODE_01,0,0,2026-06-01 09:23:48
ESP_NODE_02,5,12,2026-06-01 09:23:48
ESP_NODE_03,1,1,2026-06-01 09:24:55
ESP_NODE_01,1,4,2026-06-01 09:24:55
ESP_NODE_02,8,8,2026-06-01 09:24:55
ESP_NODE_04,2,5,2026-06-01 09:25:45
ESP_NODE_03,3,0,2026-06-01 09:26:01
ESP_NODE_01,2,2,2026-06-01 09:26:01
ESP_NODE_02,8,11,2026-06-01 09:26:01
ESP_NODE_04,0,5,2026-06-01 09:26:52
ESP_NODE_03,0,0,2026-06-01 09:27:07
ESP_NODE_01,0,2,2026-06-01 09:27:07
ESP_NODE_02,7,8,2026-06-01 09:27:07
ESP_NODE_03,0,0,2026-06-01 09:28:13
ESP_NODE_01,0,2,2026-06-01 09:28:13
ESP_NODE_02,8,9,2026-06-01 09:28:13
ESP_NODE_04,22,10,2026-06-01 09:29:13
ESP_NODE_03,1,0,2026-06-01 09:29:19
ESP_NODE_01,1,2,2026-06-01 09:29:19
ESP_NODE_02,7,10,2026-06-01 09:29:19
ESP_NODE_04,10,5,2026-06-01 09:30:19
ESP_NODE_03,1,0,2026-06-01 09:30:25
ESP_NODE_01,1,2,2026-06-01 09:30:25
ESP_NODE_02,8,8,2026-06-01 09:30:25
ESP_NODE_04,0,4,2026-06-01 09:31:25
ESP_NODE_03,4,0,2026-06-01 09:31:31
ESP_NODE_01,2,2,2026-06-01 09:31:31
ESP_NODE_02,8,8,2026-06-01 09:31:31
ESP_NODE_03,1,0,2026-06-01 09:32:37
ESP_NODE_01,1,2,2026-06-01 09:32:37
ESP_NODE_02,7,12,2026-06-01 09:32:37
ESP_NODE_03,4,0,2026-06-01 09:33:43
ESP_NODE_01,3,2,2026-06-01 09:33:43
ESP_NODE_02,8,11,2026-06-01 09:33:43
ESP_NODE_04,2,5,2026-06-01 09:33:46
ESP_NODE_03,1,1,2026-06-01 09:34:49
ESP_NODE_01,1,4,2026-06-01 09:34:49
ESP_NODE_02,7,8,2026-06-01 09:34:49
ESP_NODE_04,0,1,2026-06-01 09:34:52
ESP_NODE_03,1,0,2026-06-01 09:35:55
ESP_NODE_01,1,2,2026-06-01 09:35:55
ESP_NODE_02,5,8,2026-06-01 09:35:55
ESP_NODE_03,1,1,2026-06-01 09:37:02
ESP_NODE_01,1,4,2026-06-01 09:37:02
ESP_NODE_02,6,10,2026-06-01 09:37:02
ESP_NODE_03,1,1,2026-06-01 09:38:08
ESP_NODE_01,1,4,2026-06-01 09:38:08
ESP_NODE_02,6,11,2026-06-01 09:38:08
ESP_NODE_04,0,3,2026-06-01 09:38:19
ESP_NODE_03,4,0,2026-06-01 09:39:14
ESP_NODE_01,2,2,2026-06-01 09:39:14
ESP_NODE_02,8,10,2026-06-01 09:39:14
ESP_NODE_04,0,3,2026-06-01 09:39:25
ESP_NODE_03,2,0,2026-06-01 09:40:20
ESP_NODE_01,1,2,2026-06-01 09:40:20
ESP_NODE_02,7,10,2026-06-01 09:40:20
ESP_NODE_04,0,2,2026-06-01 09:40:31
ESP_NODE_03,1,0,2026-06-01 09:41:26
ESP_NODE_01,1,2,2026-06-01 09:41:26
ESP_NODE_02,5,8,2026-06-01 09:41:26
ESP_NODE_03,2,0,2026-06-01 09:42:32
ESP_NODE_01,1,2,2026-06-01 09:42:32
ESP_NODE_02,6,10,2026-06-01 09:42:32
ESP_NODE_04,0,3,2026-06-01 09:42:52
ESP_NODE_03,2,1,2026-06-01 09:43:38
ESP_NODE_01,1,4,2026-06-01 09:43:38
ESP_NODE_02,5,10,2026-06-01 09:43:38
ESP_NODE_04,7,4,2026-06-01 09:43:59
ESP_NODE_03,4,2,2026-06-01 09:44:44
ESP_NODE_01,3,7,2026-06-01 09:44:44
ESP_NODE_02,7,10,2026-06-01 09:44:44
ESP_NODE_03,1,0,2026-06-01 09:45:50
ESP_NODE_01,1,2,2026-06-01 09:45:50
ESP_NODE_02,7,8,2026-06-01 09:45:50
ESP_NODE_04,4,4,2026-06-01 09:46:11
ESP_NODE_03,4,0,2026-06-01 09:46:56
ESP_NODE_01,2,2,2026-06-01 09:46:56
ESP_NODE_02,6,12,2026-06-01 09:46:56
ESP_NODE_04,0,3,2026-06-01 09:48:32
ESP_NODE_03,1,0,2026-06-01 09:49:17
ESP_NODE_01,1,2,2026-06-01 09:49:17
ESP_NODE_02,5,8,2026-06-01 09:49:17
ESP_NODE_04,4,6,2026-06-01 09:49:39
ESP_NODE_03,1,0,2026-06-01 09:50:23
ESP_NODE_01,1,2,2026-06-01 09:50:23
ESP_NODE_02,8,10,2026-06-01 09:50:23
ESP_NODE_04,3,2,2026-06-01 09:50:45
ESP_NODE_03,1,1,2026-06-01 09:51:29
ESP_NODE_01,1,4,2026-06-01 09:51:29
ESP_NODE_02,7,8,2026-06-01 09:51:29
ESP_NODE_04,7,3,2026-06-01 09:51:51
ESP_NODE_03,2,0,2026-06-01 09:52:34
ESP_NODE_01,1,2,2026-06-01 09:52:34
ESP_NODE_02,5,9,2026-06-01 09:52:34
ESP_NODE_04,2,2,2026-06-01 09:52:57
ESP_NODE_03,4,0,2026-06-01 09:53:41
ESP_NODE_01,2,2,2026-06-01 09:53:41
ESP_NODE_02,5,11,2026-06-01 09:53:41
ESP_NODE_04,2,1,2026-06-01 09:54:03
ESP_NODE_03,9,1,2026-06-01 09:54:47
ESP_NODE_01,6,5,2026-06-01 09:54:47
ESP_NODE_02,7,11,2026-06-01 09:54:47
ESP_NODE_04,3,1,2026-06-01 09:55:09
ESP_NODE_03,3,0,2026-06-01 09:55:53
ESP_NODE_01,2,2,2026-06-01 09:55:53
ESP_NODE_02,6,8,2026-06-01 09:55:53
ESP_NODE_04,0,2,2026-06-01 09:56:15
ESP_NODE_03,4,1,2026-06-01 09:56:59
ESP_NODE_01,2,4,2026-06-01 09:56:59
ESP_NODE_02,7,12,2026-06-01 09:56:59
ESP_NODE_04,0,2,2026-06-01 09:57:21
ESP_NODE_04,4,2,2026-06-01 09:58:27
ESP_NODE_03,3,0,2026-06-01 09:59:11
ESP_NODE_01,2,2,2026-06-01 09:59:11
ESP_NODE_02,5,11,2026-06-01 09:59:11
ESP_NODE_04,6,3,2026-06-01 09:59:33
ESP_NODE_03,0,0,2026-06-01 10:00:17
ESP_NODE_01,0,2,2026-06-01 10:00:17
ESP_NODE_02,7,10,2026-06-01 10:00:17
ESP_NODE_04,0,2,2026-06-01 10:00:39
ESP_NODE_03,3,0,2026-06-01 10:01:23
ESP_NODE_01,2,2,2026-06-01 10:01:23
ESP_NODE_02,5,10,2026-06-01 10:01:23
ESP_NODE_04,0,1,2026-06-01 10:01:46
ESP_NODE_03,0,1,2026-06-01 10:02:29
ESP_NODE_01,0,4,2026-06-01 10:02:29
ESP_NODE_02,6,9,2026-06-01 10:02:29
ESP_NODE_04,0,1,2026-06-01 10:02:52
ESP_NODE_03,2,0,2026-06-01 10:03:35
ESP_NODE_01,1,2,2026-06-01 10:03:35
ESP_NODE_02,6,10,2026-06-01 10:03:35
ESP_NODE_04,0,2,2026-06-01 10:03:58
ESP_NODE_04,0,2,2026-06-01 10:05:04
ESP_NODE_03,2,3,2026-06-01 10:05:47
ESP_NODE_01,1,9,2026-06-01 10:05:47
ESP_NODE_02,7,9,2026-06-01 10:05:47
ESP_NODE_04,0,2,2026-06-01 10:06:10
ESP_NODE_03,3,1,2026-06-01 10:06:53
ESP_NODE_01,2,5,2026-06-01 10:06:53
ESP_NODE_02,6,9,2026-06-01 10:06:53
ESP_NODE_04,0,2,2026-06-01 10:07:16
ESP_NODE_03,2,1,2026-06-01 10:07:59
ESP_NODE_01,1,4,2026-06-01 10:07:59
ESP_NODE_02,7,11,2026-06-01 10:07:59
ESP_NODE_04,4,1,2026-06-01 10:08:22
ESP_NODE_04,0,2,2026-06-01 10:09:28
ESP_NODE_03,9,3,2026-06-01 10:10:11
ESP_NODE_01,6,9,2026-06-01 10:10:11
ESP_NODE_02,5,11,2026-06-01 10:10:11
ESP_NODE_04,0,3,2026-06-01 10:10:34
ESP_NODE_04,2,2,2026-06-01 10:11:40
ESP_NODE_03,11,3,2026-06-01 10:12:24
ESP_NODE_01,7,9,2026-06-01 10:12:24
ESP_NODE_02,7,11,2026-06-01 10:12:24
ESP_NODE_04,1,2,2026-06-01 10:12:46
ESP_NODE_03,20,13,2026-06-01 10:13:30
ESP_NODE_01,13,37,2026-06-01 10:13:30
ESP_NODE_02,8,13,2026-06-01 10:13:30
ESP_NODE_04,5,0,2026-06-01 10:13:52
ESP_NODE_03,31,14,2026-06-01 10:14:36
ESP_NODE_01,21,38,2026-06-01 10:14:36
ESP_NODE_02,12,14,2026-06-01 10:14:36
ESP_NODE_04,3,1,2026-06-01 10:14:58
ESP_NODE_03,48,22,2026-06-01 10:15:42
ESP_NODE_01,32,59,2026-06-01 10:15:42
ESP_NODE_02,19,22,2026-06-01 10:15:42
ESP_NODE_04,2,1,2026-06-01 10:16:04
ESP_NODE_03,50,20,2026-06-01 10:16:49
ESP_NODE_01,34,55,2026-06-01 10:16:49
ESP_NODE_02,20,20,2026-06-01 10:16:49
ESP_NODE_04,3,1,2026-06-01 10:17:10
ESP_NODE_03,57,21,2026-06-01 10:17:55
ESP_NODE_01,38,57,2026-06-01 10:17:55
ESP_NODE_02,22,21,2026-06-01 10:17:55
ESP_NODE_04,1,2,2026-06-01 10:18:16
ESP_NODE_03,19,20,2026-06-01 10:19:01
ESP_NODE_01,12,56,2026-06-01 10:19:01
ESP_NODE_02,7,20,2026-06-01 10:19:01
ESP_NODE_04,3,3,2026-06-01 10:19:22
ESP_NODE_03,42,28,2026-06-01 10:20:07
ESP_NODE_01,28,77,2026-06-01 10:20:07
ESP_NODE_02,17,28,2026-06-01 10:20:07
ESP_NODE_04,1,4,2026-06-01 10:20:28
ESP_NODE_03,35,31,2026-06-01 10:21:13
ESP_NODE_01,23,84,2026-06-01 10:21:13
ESP_NODE_02,14,31,2026-06-01 10:21:13
ESP_NODE_04,5,5,2026-06-01 10:21:34
ESP_NODE_03,52,27,2026-06-01 10:22:20
ESP_NODE_01,35,73,2026-06-01 10:22:20
ESP_NODE_02,20,27,2026-06-01 10:22:20
ESP_NODE_04,8,7,2026-06-01 10:22:40
ESP_NODE_03,73,40,2026-06-01 10:23:26
ESP_NODE_01,49,108,2026-06-01 10:23:26
ESP_NODE_02,29,40,2026-06-01 10:23:26
ESP_NODE_04,6,10,2026-06-01 10:23:47
ESP_NODE_03,37,32,2026-06-01 10:24:32
ESP_NODE_01,25,86,2026-06-01 10:24:32
ESP_NODE_02,15,32,2026-06-01 10:24:32
ESP_NODE_04,3,10,2026-06-01 10:24:53
ESP_NODE_04,7,9,2026-06-01 10:25:59
ESP_NODE_03,45,35,2026-06-01 10:26:45
ESP_NODE_01,30,96,2026-06-01 10:26:45
ESP_NODE_02,18,35,2026-06-01 10:26:45
ESP_NODE_04,7,6,2026-06-01 10:27:05
ESP_NODE_03,73,29,2026-06-01 10:27:51
ESP_NODE_01,49,77,2026-06-01 10:27:51
ESP_NODE_02,29,29,2026-06-01 10:27:51
ESP_NODE_04,3,10,2026-06-01 10:28:12
ESP_NODE_03,113,25,2026-06-01 10:28:59
ESP_NODE_01,76,68,2026-06-01 10:28:59
ESP_NODE_02,45,25,2026-06-01 10:28:59
ESP_NODE_04,12,9,2026-06-01 10:29:18
ESP_NODE_03,68,27,2026-06-01 10:30:05
ESP_NODE_01,46,74,2026-06-01 10:30:05
ESP_NODE_02,27,27,2026-06-01 10:30:05
ESP_NODE_03,52,30,2026-06-01 10:31:12
ESP_NODE_01,35,80,2026-06-01 10:31:12
ESP_NODE_02,21,30,2026-06-01 10:31:12
ESP_NODE_04,4,9,2026-06-01 10:31:30
ESP_NODE_03,49,27,2026-06-01 10:32:18
ESP_NODE_01,33,74,2026-06-01 10:32:18
ESP_NODE_02,19,27,2026-06-01 10:32:18
ESP_NODE_04,9,7,2026-06-01 10:32:36
ESP_NODE_03,27,27,2026-06-01 10:33:25
ESP_NODE_01,18,74,2026-06-01 10:33:25
ESP_NODE_02,10,27,2026-06-01 10:33:25
ESP_NODE_04,2,6,2026-06-01 10:33:42
ESP_NODE_03,61,35,2026-06-01 10:34:31
ESP_NODE_01,41,94,2026-06-01 10:34:31
ESP_NODE_02,24,35,2026-06-01 10:34:31
ESP_NODE_04,11,7,2026-06-01 10:34:49
ESP_NODE_03,48,39,2026-06-01 10:35:38
ESP_NODE_01,32,106,2026-06-01 10:35:38
ESP_NODE_02,19,39,2026-06-01 10:35:38
ESP_NODE_04,2,8,2026-06-01 10:35:56
ESP_NODE_03,81,31,2026-06-01 10:36:45
ESP_NODE_01,54,83,2026-06-01 10:36:45
ESP_NODE_02,32,31,2026-06-01 10:36:45
ESP_NODE_04,2,7,2026-06-01 10:37:02
ESP_NODE_03,59,38,2026-06-01 10:37:51
ESP_NODE_01,40,102,2026-06-01 10:37:51
ESP_NODE_02,23,38,2026-06-01 10:37:51
ESP_NODE_03,28,39,2026-06-01 10:38:57
ESP_NODE_01,19,105,2026-06-01 10:38:57
ESP_NODE_02,11,39,2026-06-01 10:38:57
ESP_NODE_04,0,4,2026-06-01 10:39:16
ESP_NODE_04,2,6,2026-06-01 10:40:24
ESP_NODE_03,41,35,2026-06-01 10:41:10
ESP_NODE_01,27,95,2026-06-01 10:41:10
ESP_NODE_02,16,35,2026-06-01 10:41:10
ESP_NODE_03,21,27,2026-06-01 10:42:16
ESP_NODE_01,14,73,2026-06-01 10:42:16
ESP_NODE_02,8,27,2026-06-01 10:42:16
ESP_NODE_04,8,9,2026-06-01 10:42:41
ESP_NODE_03,64,29,2026-06-01 10:43:22
ESP_NODE_01,43,79,2026-06-01 10:43:22
ESP_NODE_02,25,29,2026-06-01 10:43:22
ESP_NODE_04,1,11,2026-06-01 10:43:48
ESP_NODE_03,31,28,2026-06-01 10:44:29
ESP_NODE_01,21,77,2026-06-01 10:44:29
ESP_NODE_02,12,28,2026-06-01 10:44:29
ESP_NODE_04,3,8,2026-06-01 10:44:54
ESP_NODE_03,36,25,2026-06-01 10:45:35
ESP_NODE_01,24,68,2026-06-01 10:45:35
ESP_NODE_02,14,25,2026-06-01 10:45:35
ESP_NODE_04,3,4,2026-06-01 10:46:02
ESP_NODE_03,30,26,2026-06-01 10:46:42
ESP_NODE_01,20,71,2026-06-01 10:46:42
ESP_NODE_02,12,26,2026-06-01 10:46:42
ESP_NODE_04,4,5,2026-06-01 10:47:10
ESP_NODE_03,25,20,2026-06-01 10:47:48
ESP_NODE_01,17,55,2026-06-01 10:47:48
ESP_NODE_02,10,20,2026-06-01 10:47:48
ESP_NODE_04,16,6,2026-06-01 10:48:18
ESP_NODE_03,29,27,2026-06-01 10:48:54
ESP_NODE_01,20,73,2026-06-01 10:48:54
ESP_NODE_02,11,27,2026-06-01 10:48:54
ESP_NODE_04,1,5,2026-06-01 10:49:25
ESP_NODE_03,33,32,2026-06-01 10:50:00
ESP_NODE_01,22,87,2026-06-01 10:50:00
ESP_NODE_02,13,32,2026-06-01 10:50:00
ESP_NODE_03,22,28,2026-06-01 10:51:06
ESP_NODE_01,14,75,2026-06-01 10:51:06
ESP_NODE_02,8,28,2026-06-01 10:51:06
ESP_NODE_04,2,7,2026-06-01 10:51:49
ESP_NODE_04,3,6,2026-06-01 10:52:59
ESP_NODE_04,3,5,2026-06-01 10:54:08
ESP_NODE_03,23,23,2026-06-01 10:54:24
ESP_NODE_01,16,64,2026-06-01 10:54:24
ESP_NODE_02,9,23,2026-06-01 10:54:24
ESP_NODE_04,7,9,2026-06-01 10:55:15
ESP_NODE_03,20,26,2026-06-01 10:55:30
ESP_NODE_01,13,72,2026-06-01 10:55:30
ESP_NODE_02,8,26,2026-06-01 10:55:30
ESP_NODE_04,2,9,2026-06-01 10:56:22
ESP_NODE_03,32,29,2026-06-01 10:56:37
ESP_NODE_01,22,78,2026-06-01 10:56:37
ESP_NODE_02,13,29,2026-06-01 10:56:37
ESP_NODE_04,10,7,2026-06-01 10:57:29
ESP_NODE_03,22,27,2026-06-01 10:57:43
ESP_NODE_01,14,73,2026-06-01 10:57:43
ESP_NODE_02,8,27,2026-06-01 10:57:43
ESP_NODE_04,4,10,2026-06-01 10:58:36
ESP_NODE_04,0,8,2026-06-01 10:59:44
ESP_NODE_03,16,31,2026-06-01 10:59:56
ESP_NODE_01,11,83,2026-06-01 10:59:56
ESP_NODE_02,6,31,2026-06-01 10:59:56
ESP_NODE_03,31,27,2026-06-01 11:01:02
ESP_NODE_01,21,73,2026-06-01 11:01:02
ESP_NODE_02,12,27,2026-06-01 11:01:02
ESP_NODE_04,26,9,2026-06-01 11:01:58
ESP_NODE_03,22,24,2026-06-01 11:02:08
ESP_NODE_01,14,64,2026-06-01 11:02:08
ESP_NODE_02,8,24,2026-06-01 11:02:08
ESP_NODE_03,19,19,2026-06-01 11:03:15
ESP_NODE_01,13,53,2026-06-01 11:03:15
ESP_NODE_02,7,19,2026-06-01 11:03:15
ESP_NODE_03,18,21,2026-06-01 11:04:21
ESP_NODE_01,12,57,2026-06-01 11:04:21
ESP_NODE_02,7,21,2026-06-01 11:04:21
ESP_NODE_04,5,5,2026-06-01 11:04:21
ESP_NODE_03,38,17,2026-06-01 11:05:28
ESP_NODE_01,26,47,2026-06-01 11:05:28
ESP_NODE_02,15,17,2026-06-01 11:05:28
ESP_NODE_04,1,6,2026-06-01 11:05:28
ESP_NODE_03,22,11,2026-06-01 11:06:35
ESP_NODE_01,15,31,2026-06-01 11:06:35
ESP_NODE_02,9,11,2026-06-01 11:06:35
ESP_NODE_04,3,9,2026-06-01 11:06:36
ESP_NODE_03,29,9,2026-06-01 11:07:41
ESP_NODE_01,20,25,2026-06-01 11:07:41
ESP_NODE_02,11,9,2026-06-01 11:07:41
ESP_NODE_04,0,8,2026-06-01 11:07:42
ESP_NODE_03,16,19,2026-06-01 11:08:47
ESP_NODE_01,10,51,2026-06-01 11:08:47
ESP_NODE_02,6,19,2026-06-01 11:08:47
ESP_NODE_04,6,8,2026-06-01 11:08:49
ESP_NODE_03,12,15,2026-06-01 11:09:54
ESP_NODE_01,8,41,2026-06-01 11:09:54
ESP_NODE_02,5,15,2026-06-01 11:09:54
ESP_NODE_04,7,7,2026-06-01 11:09:57
ESP_NODE_03,15,11,2026-06-01 11:11:00
ESP_NODE_01,10,29,2026-06-01 11:11:00
ESP_NODE_02,6,11,2026-06-01 11:11:00
ESP_NODE_04,3,10,2026-06-01 11:11:04
ESP_NODE_03,22,15,2026-06-01 11:12:06
ESP_NODE_01,14,40,2026-06-01 11:12:06
ESP_NODE_02,8,15,2026-06-01 11:12:06
ESP_NODE_04,11,8,2026-06-01 11:12:11
ESP_NODE_03,15,20,2026-06-01 11:13:12
ESP_NODE_01,10,54,2026-06-01 11:13:12
ESP_NODE_02,6,20,2026-06-01 11:13:12
ESP_NODE_04,6,9,2026-06-01 11:13:22
ESP_NODE_03,28,13,2026-06-01 11:14:19
ESP_NODE_01,19,36,2026-06-01 11:14:19
ESP_NODE_02,11,13,2026-06-01 11:14:19
ESP_NODE_04,9,7,2026-06-01 11:14:28
ESP_NODE_03,14,14,2026-06-01 11:15:26
ESP_NODE_01,9,38,2026-06-01 11:15:26
ESP_NODE_02,5,14,2026-06-01 11:15:26
ESP_NODE_04,8,6,2026-06-01 11:15:35
ESP_NODE_03,21,19,2026-06-01 11:16:32
ESP_NODE_01,14,53,2026-06-01 11:16:32
ESP_NODE_02,8,19,2026-06-01 11:16:32
ESP_NODE_04,7,12,2026-06-01 11:16:43
ESP_NODE_03,18,12,2026-06-01 11:17:38
ESP_NODE_01,12,32,2026-06-01 11:17:38
ESP_NODE_02,7,12,2026-06-01 11:17:38
ESP_NODE_04,0,7,2026-06-01 11:17:56
ESP_NODE_03,23,11,2026-06-01 11:18:44
ESP_NODE_01,16,29,2026-06-01 11:18:44
ESP_NODE_02,9,11,2026-06-01 11:18:44
ESP_NODE_04,3,9,2026-06-01 11:19:07
ESP_NODE_03,25,11,2026-06-01 11:19:50
ESP_NODE_01,17,32,2026-06-01 11:19:50
ESP_NODE_02,10,11,2026-06-01 11:19:50
ESP_NODE_04,4,8,2026-06-01 11:20:16
ESP_NODE_03,15,16,2026-06-01 11:20:56
ESP_NODE_01,10,43,2026-06-01 11:20:56
ESP_NODE_02,6,16,2026-06-01 11:20:56
ESP_NODE_03,31,17,2026-06-01 11:22:02
ESP_NODE_01,21,48,2026-06-01 11:22:02
ESP_NODE_02,12,17,2026-06-01 11:22:02
ESP_NODE_04,7,5,2026-06-01 11:22:34
ESP_NODE_03,16,16,2026-06-01 11:23:10
ESP_NODE_01,11,45,2026-06-01 11:23:10
ESP_NODE_02,6,16,2026-06-01 11:23:10
ESP_NODE_04,19,5,2026-06-01 11:23:41
ESP_NODE_03,21,14,2026-06-01 11:24:16
ESP_NODE_01,14,37,2026-06-01 11:24:16
ESP_NODE_02,8,14,2026-06-01 11:24:16
ESP_NODE_04,15,6,2026-06-01 11:24:48
ESP_NODE_03,15,10,2026-06-01 11:25:22
ESP_NODE_01,10,28,2026-06-01 11:25:22
ESP_NODE_02,6,10,2026-06-01 11:25:22
ESP_NODE_04,14,6,2026-06-01 11:25:55
ESP_NODE_03,23,10,2026-06-01 11:26:28
ESP_NODE_01,15,28,2026-06-01 11:26:28
ESP_NODE_02,9,10,2026-06-01 11:26:28
ESP_NODE_04,8,5,2026-06-01 11:27:01
ESP_NODE_03,21,15,2026-06-01 11:27:34
ESP_NODE_01,14,40,2026-06-01 11:27:34
ESP_NODE_02,8,15,2026-06-01 11:27:34
ESP_NODE_03,24,14,2026-06-01 11:28:40
ESP_NODE_01,16,37,2026-06-01 11:28:40
ESP_NODE_02,9,14,2026-06-01 11:28:40
ESP_NODE_04,8,5,2026-06-01 11:29:14
ESP_NODE_03,26,9,2026-06-01 11:29:47
ESP_NODE_01,17,25,2026-06-01 11:29:47
ESP_NODE_02,10,9,2026-06-01 11:29:47
ESP_NODE_04,22,7,2026-06-01 11:30:20
ESP_NODE_03,18,11,2026-06-01 11:30:53
ESP_NODE_01,12,31,2026-06-01 11:30:53
ESP_NODE_02,7,11,2026-06-01 11:30:53
ESP_NODE_04,11,4,2026-06-01 11:31:27
ESP_NODE_03,24,16,2026-06-01 11:31:59
ESP_NODE_01,16,43,2026-06-01 11:31:59
ESP_NODE_02,9,16,2026-06-01 11:31:59
ESP_NODE_04,11,7,2026-06-01 11:32:34
ESP_NODE_03,23,12,2026-06-01 11:33:05
ESP_NODE_01,15,34,2026-06-01 11:33:05
ESP_NODE_02,9,12,2026-06-01 11:33:05
ESP_NODE_04,12,8,2026-06-01 11:33:40
ESP_NODE_03,20,21,2026-06-01 11:34:11
ESP_NODE_01,13,57,2026-06-01 11:34:11
ESP_NODE_02,8,21,2026-06-01 11:34:11
ESP_NODE_04,18,5,2026-06-01 11:34:46
ESP_NODE_03,19,17,2026-06-01 11:35:17
ESP_NODE_01,13,48,2026-06-01 11:35:17
ESP_NODE_02,7,17,2026-06-01 11:35:17
ESP_NODE_04,15,6,2026-06-01 11:35:54
ESP_NODE_03,18,13,2026-06-01 11:36:23
ESP_NODE_01,12,36,2026-06-01 11:36:23
ESP_NODE_02,7,13,2026-06-01 11:36:23
ESP_NODE_04,20,5,2026-06-01 11:37:00
ESP_NODE_03,24,17,2026-06-01 11:37:29
ESP_NODE_01,16,46,2026-06-01 11:37:29
ESP_NODE_02,9,17,2026-06-01 11:37:29
ESP_NODE_04,7,6,2026-06-01 11:38:11
ESP_NODE_04,12,5,2026-06-01 11:39:17
ESP_NODE_03,22,21,2026-06-01 11:39:41
ESP_NODE_01,15,57,2026-06-01 11:39:41
ESP_NODE_02,8,21,2026-06-01 11:39:41
ESP_NODE_03,24,23,2026-06-01 11:40:48
ESP_NODE_01,16,61,2026-06-01 11:40:48
ESP_NODE_02,9,23,2026-06-01 11:40:48
ESP_NODE_03,24,23,2026-06-01 11:41:54
ESP_NODE_01,16,63,2026-06-01 11:41:54
ESP_NODE_02,9,23,2026-06-01 11:41:54
ESP_NODE_04,24,4,2026-06-01 11:42:46
ESP_NODE_03,42,21,2026-06-01 11:43:00
ESP_NODE_01,28,58,2026-06-01 11:43:00
ESP_NODE_02,16,21,2026-06-01 11:43:00
ESP_NODE_04,8,8,2026-06-01 11:43:55
ESP_NODE_03,36,23,2026-06-01 11:44:06
ESP_NODE_01,24,62,2026-06-01 11:44:06
ESP_NODE_02,14,23,2026-06-01 11:44:06
ESP_NODE_04,9,5,2026-06-01 11:45:01
ESP_NODE_04,20,7,2026-06-01 11:46:07
ESP_NODE_04,9,5,2026-06-01 11:47:15
ESP_NODE_03,30,24,2026-06-01 11:47:32
ESP_NODE_01,20,66,2026-06-01 11:47:32
ESP_NODE_02,12,24,2026-06-01 11:47:32
ESP_NODE_04,13,9,2026-06-01 11:48:23
ESP_NODE_03,29,25,2026-06-01 11:48:38
ESP_NODE_01,19,68,2026-06-01 11:48:38
ESP_NODE_02,11,25,2026-06-01 11:48:38
ESP_NODE_04,15,11,2026-06-01 11:49:31
ESP_NODE_03,29,23,2026-06-01 11:49:45
ESP_NODE_01,19,64,2026-06-01 11:49:45
ESP_NODE_02,11,23,2026-06-01 11:49:45
ESP_NODE_04,28,13,2026-06-01 11:50:38
ESP_NODE_03,21,22,2026-06-01 11:50:51
ESP_NODE_01,14,60,2026-06-01 11:50:51
ESP_NODE_02,8,22,2026-06-01 11:50:51
ESP_NODE_04,14,10,2026-06-01 11:51:45
ESP_NODE_03,28,28,2026-06-01 11:51:57
ESP_NODE_01,19,76,2026-06-01 11:51:57
ESP_NODE_02,11,28,2026-06-01 11:51:57
ESP_NODE_04,12,10,2026-06-01 11:52:51
ESP_NODE_03,29,22,2026-06-01 11:53:03
ESP_NODE_01,19,60,2026-06-01 11:53:03
ESP_NODE_02,11,22,2026-06-01 11:53:03
ESP_NODE_04,12,10,2026-06-01 11:53:57
ESP_NODE_03,24,27,2026-06-01 11:54:09
ESP_NODE_01,16,72,2026-06-01 11:54:09
ESP_NODE_02,9,27,2026-06-01 11:54:09
ESP_NODE_04,25,13,2026-06-01 11:55:03
ESP_NODE_03,62,16,2026-06-01 11:55:15
ESP_NODE_01,41,44,2026-06-01 11:55:15
ESP_NODE_02,24,16,2026-06-01 11:55:15
ESP_NODE_04,35,12,2026-06-01 11:56:10
ESP_NODE_04,39,8,2026-06-01 11:57:16
ESP_NODE_03,43,21,2026-06-01 11:57:28
ESP_NODE_01,28,56,2026-06-01 11:57:28
ESP_NODE_02,17,21,2026-06-01 11:57:28
ESP_NODE_04,22,8,2026-06-01 11:58:24
ESP_NODE_03,54,31,2026-06-01 11:58:34
ESP_NODE_01,36,84,2026-06-01 11:58:34
ESP_NODE_02,21,31,2026-06-01 11:58:34
ESP_NODE_04,12,7,2026-06-01 11:59:30
ESP_NODE_03,53,40,2026-06-01 11:59:40
ESP_NODE_01,35,108,2026-06-01 11:59:40
ESP_NODE_02,21,40,2026-06-01 11:59:40
ESP_NODE_03,42,43,2026-06-01 12:00:46
ESP_NODE_01,28,117,2026-06-01 12:00:46
ESP_NODE_02,17,43,2026-06-01 12:00:46
ESP_NODE_03,63,42,2026-06-01 12:01:53
ESP_NODE_01,42,112,2026-06-01 12:01:53
ESP_NODE_02,25,42,2026-06-01 12:01:53
ESP_NODE_03,56,38,2026-06-01 12:02:59
ESP_NODE_01,37,103,2026-06-01 12:02:59
ESP_NODE_02,22,38,2026-06-01 12:02:59
ESP_NODE_03,33,37,2026-06-01 12:04:05
ESP_NODE_01,22,99,2026-06-01 12:04:05
ESP_NODE_02,13,37,2026-06-01 12:04:05
ESP_NODE_04,17,13,2026-06-01 12:04:24
ESP_NODE_03,27,39,2026-06-01 12:05:14
ESP_NODE_01,18,106,2026-06-01 12:05:14
ESP_NODE_02,11,39,2026-06-01 12:05:14
ESP_NODE_04,11,8,2026-06-01 12:05:31
ESP_NODE_03,50,36,2026-06-01 12:06:20
ESP_NODE_01,33,97,2026-06-01 12:06:20
ESP_NODE_02,20,36,2026-06-01 12:06:20
ESP_NODE_04,8,5,2026-06-01 12:06:38
ESP_NODE_03,42,37,2026-06-01 12:07:27
ESP_NODE_01,28,100,2026-06-01 12:07:27
ESP_NODE_02,17,37,2026-06-01 12:07:27
ESP_NODE_04,14,7,2026-06-01 12:07:48
ESP_NODE_03,46,48,2026-06-01 12:08:33
ESP_NODE_01,31,130,2026-06-01 12:08:33
ESP_NODE_02,18,48,2026-06-01 12:08:33
ESP_NODE_04,7,8,2026-06-01 12:09:05
ESP_NODE_03,32,50,2026-06-01 12:09:40
ESP_NODE_01,21,136,2026-06-01 12:09:40
ESP_NODE_02,12,50,2026-06-01 12:09:40
ESP_NODE_03,46,42,2026-06-01 12:10:46
ESP_NODE_01,31,114,2026-06-01 12:10:46
ESP_NODE_02,18,42,2026-06-01 12:10:46
ESP_NODE_04,3,10,2026-06-01 12:11:27
ESP_NODE_04,8,8,2026-06-01 12:12:35
ESP_NODE_03,42,46,2026-06-01 12:12:59
ESP_NODE_01,28,125,2026-06-01 12:12:59
ESP_NODE_02,17,46,2026-06-01 12:12:59
ESP_NODE_03,42,43,2026-06-01 12:14:05
ESP_NODE_01,28,117,2026-06-01 12:14:05
ESP_NODE_02,16,43,2026-06-01 12:14:05
ESP_NODE_04,7,6,2026-06-01 12:15:03
ESP_NODE_03,37,50,2026-06-01 12:15:12
ESP_NODE_01,25,134,2026-06-01 12:15:12
ESP_NODE_02,15,50,2026-06-01 12:15:12
ESP_NODE_04,7,5,2026-06-01 12:16:11
ESP_NODE_03,48,37,2026-06-01 12:16:24
ESP_NODE_01,32,99,2026-06-01 12:16:24
ESP_NODE_02,19,37,2026-06-01 12:16:24
ESP_NODE_04,8,5,2026-06-01 12:17:26
ESP_NODE_03,31,43,2026-06-01 12:17:30
ESP_NODE_01,20,115,2026-06-01 12:17:30
ESP_NODE_02,12,43,2026-06-01 12:17:30
ESP_NODE_04,12,7,2026-06-01 12:18:35
ESP_NODE_03,37,37,2026-06-01 12:18:36
ESP_NODE_01,25,100,2026-06-01 12:18:36
ESP_NODE_02,14,37,2026-06-01 12:18:36
ESP_NODE_03,35,44,2026-06-01 12:19:43
ESP_NODE_01,23,119,2026-06-01 12:19:43
ESP_NODE_02,14,44,2026-06-01 12:19:43
ESP_NODE_04,11,7,2026-06-01 12:19:46
ESP_NODE_04,11,5,2026-06-01 12:20:56
ESP_NODE_03,50,53,2026-06-01 12:21:55
ESP_NODE_01,33,142,2026-06-01 12:21:55
ESP_NODE_02,20,53,2026-06-01 12:21:55
ESP_NODE_04,1,4,2026-06-01 12:22:08
ESP_NODE_03,49,40,2026-06-01 12:23:01
ESP_NODE_01,32,108,2026-06-01 12:23:01
ESP_NODE_02,19,40,2026-06-01 12:23:01
ESP_NODE_04,4,2,2026-06-01 12:23:15
ESP_NODE_03,32,44,2026-06-01 12:24:07
ESP_NODE_01,22,120,2026-06-01 12:24:07
ESP_NODE_02,13,44,2026-06-01 12:24:07
ESP_NODE_04,1,5,2026-06-01 12:24:26
ESP_NODE_03,65,37,2026-06-01 12:25:13
ESP_NODE_01,43,101,2026-06-01 12:25:13
ESP_NODE_02,26,37,2026-06-01 12:25:13
ESP_NODE_04,1,4,2026-06-01 12:25:40
ESP_NODE_03,39,41,2026-06-01 12:26:20
ESP_NODE_01,26,111,2026-06-01 12:26:20
ESP_NODE_02,15,41,2026-06-01 12:26:20
ESP_NODE_04,4,4,2026-06-01 12:26:47
ESP_NODE_03,75,50,2026-06-01 12:27:26
ESP_NODE_01,50,134,2026-06-01 12:27:26
ESP_NODE_02,30,50,2026-06-01 12:27:26
ESP_NODE_04,3,5,2026-06-01 12:27:53
ESP_NODE_03,65,38,2026-06-01 12:28:39
ESP_NODE_01,44,104,2026-06-01 12:28:39
ESP_NODE_02,26,38,2026-06-01 12:28:39
ESP_NODE_04,6,4,2026-06-01 12:29:04
ESP_NODE_03,84,38,2026-06-01 12:29:45
ESP_NODE_01,56,102,2026-06-01 12:29:45
ESP_NODE_02,33,38,2026-06-01 12:29:45
ESP_NODE_04,10,8,2026-06-01 12:30:14
ESP_NODE_03,51,37,2026-06-01 12:30:52
ESP_NODE_01,34,100,2026-06-01 12:30:52
ESP_NODE_02,20,37,2026-06-01 12:30:52
ESP_NODE_04,6,3,2026-06-01 12:31:27
ESP_NODE_03,57,28,2026-06-01 12:32:09
ESP_NODE_01,38,76,2026-06-01 12:32:09
ESP_NODE_02,23,28,2026-06-01 12:32:09
ESP_NODE_04,10,6,2026-06-01 12:32:43
ESP_NODE_03,64,29,2026-06-01 12:33:21
ESP_NODE_01,43,79,2026-06-01 12:33:21
ESP_NODE_02,25,29,2026-06-01 12:33:21
ESP_NODE_04,9,8,2026-06-01 12:33:59
ESP_NODE_03,55,32,2026-06-01 12:34:27
ESP_NODE_01,36,87,2026-06-01 12:34:27
ESP_NODE_02,22,32,2026-06-01 12:34:27
ESP_NODE_04,9,7,2026-06-01 12:35:06
ESP_NODE_03,58,37,2026-06-01 12:35:33
ESP_NODE_01,39,99,2026-06-01 12:35:33
ESP_NODE_02,23,37,2026-06-01 12:35:33
ESP_NODE_03,71,27,2026-06-01 12:36:40
ESP_NODE_01,47,73,2026-06-01 12:36:40
ESP_NODE_02,28,27,2026-06-01 12:36:40
ESP_NODE_04,8,2,2026-06-01 12:37:30
ESP_NODE_03,44,34,2026-06-01 12:37:47
ESP_NODE_01,30,92,2026-06-01 12:37:47
ESP_NODE_02,17,34,2026-06-01 12:37:47
ESP_NODE_04,4,4,2026-06-01 12:38:42
ESP_NODE_03,59,39,2026-06-01 12:38:53
ESP_NODE_01,40,105,2026-06-01 12:38:53
ESP_NODE_02,23,39,2026-06-01 12:38:53
ESP_NODE_04,3,5,2026-06-01 12:39:50
ESP_NODE_03,43,35,2026-06-01 12:40:00
ESP_NODE_01,29,96,2026-06-01 12:40:00
ESP_NODE_02,17,35,2026-06-01 12:40:00
ESP_NODE_04,5,4,2026-06-01 12:41:02
ESP_NODE_03,43,34,2026-06-01 12:41:06
ESP_NODE_01,29,91,2026-06-01 12:41:06
ESP_NODE_02,17,34,2026-06-01 12:41:06
ESP_NODE_03,22,35,2026-06-01 12:42:13
ESP_NODE_01,15,95,2026-06-01 12:42:13
ESP_NODE_02,9,35,2026-06-01 12:42:13
ESP_NODE_03,48,35,2026-06-01 12:43:20
ESP_NODE_01,32,95,2026-06-01 12:43:20
ESP_NODE_02,19,35,2026-06-01 12:43:20
ESP_NODE_04,5,5,2026-06-01 12:43:26
ESP_NODE_03,39,32,2026-06-01 12:44:26
ESP_NODE_01,26,87,2026-06-01 12:44:26
ESP_NODE_02,15,32,2026-06-01 12:44:26
ESP_NODE_03,25,36,2026-06-01 12:45:33
ESP_NODE_01,17,97,2026-06-01 12:45:33
ESP_NODE_02,10,36,2026-06-01 12:45:33
ESP_NODE_04,11,8,2026-06-01 12:45:49
ESP_NODE_03,28,38,2026-06-01 12:46:39
ESP_NODE_01,19,103,2026-06-01 12:46:39
ESP_NODE_02,11,38,2026-06-01 12:46:39
ESP_NODE_04,4,7,2026-06-01 12:47:05
ESP_NODE_03,34,42,2026-06-01 12:47:46
ESP_NODE_01,22,113,2026-06-01 12:47:46
ESP_NODE_02,13,42,2026-06-01 12:47:46
ESP_NODE_04,17,8,2026-06-01 12:48:15
ESP_NODE_03,55,45,2026-06-01 12:48:53
ESP_NODE_01,37,120,2026-06-01 12:48:53
ESP_NODE_02,22,45,2026-06-01 12:48:53
ESP_NODE_04,19,8,2026-06-01 12:49:28
ESP_NODE_03,52,34,2026-06-01 12:49:59
ESP_NODE_01,35,93,2026-06-01 12:49:59
ESP_NODE_02,20,34,2026-06-01 12:49:59
ESP_NODE_04,8,9,2026-06-01 12:50:36
ESP_NODE_03,60,31,2026-06-01 12:51:13
ESP_NODE_01,40,85,2026-06-01 12:51:13
ESP_NODE_02,24,31,2026-06-01 12:51:13
ESP_NODE_04,1,5,2026-06-01 12:51:43
ESP_NODE_04,3,9,2026-06-01 12:52:56
ESP_NODE_04,8,6,2026-06-01 12:54:04
ESP_NODE_03,61,33,2026-06-01 12:54:48
ESP_NODE_01,41,90,2026-06-01 12:54:48
ESP_NODE_02,24,33,2026-06-01 12:54:48
ESP_NODE_04,7,11,2026-06-01 12:55:12
ESP_NODE_03,41,34,2026-06-01 12:55:56
ESP_NODE_01,27,93,2026-06-01 12:55:56
ESP_NODE_02,16,34,2026-06-01 12:55:56
ESP_NODE_03,117,34,2026-06-01 12:57:03
ESP_NODE_01,78,91,2026-06-01 12:57:03
ESP_NODE_02,47,34,2026-06-01 12:57:03
ESP_NODE_04,5,12,2026-06-01 12:57:38
ESP_NODE_03,45,38,2026-06-01 12:58:11
ESP_NODE_01,30,103,2026-06-01 12:58:11
ESP_NODE_02,18,38,2026-06-01 12:58:11
ESP_NODE_03,47,33,2026-06-01 12:59:18
ESP_NODE_01,32,88,2026-06-01 12:59:18
ESP_NODE_02,19,33,2026-06-01 12:59:18
ESP_NODE_03,29,36,2026-06-01 13:00:30
ESP_NODE_01,19,97,2026-06-01 13:00:30
ESP_NODE_02,11,36,2026-06-01 13:00:30
ESP_NODE_03,27,29,2026-06-01 13:01:37
ESP_NODE_01,18,79,2026-06-01 13:01:37
ESP_NODE_02,11,29,2026-06-01 13:01:37
ESP_NODE_03,27,36,2026-06-01 13:02:43
ESP_NODE_01,18,98,2026-06-01 13:02:43
ESP_NODE_02,11,36,2026-06-01 13:02:43
ESP_NODE_04,5,12,2026-06-01 13:03:49
ESP_NODE_03,31,26,2026-06-01 13:04:56
ESP_NODE_01,21,70,2026-06-01 13:04:56
ESP_NODE_02,12,26,2026-06-01 13:04:56
ESP_NODE_04,8,10,2026-06-01 13:05:03
ESP_NODE_03,48,31,2026-06-01 13:06:03
ESP_NODE_01,32,84,2026-06-01 13:06:03
ESP_NODE_02,19,31,2026-06-01 13:06:03
ESP_NODE_04,7,12,2026-06-01 13:06:11
ESP_NODE_03,37,37,2026-06-01 13:07:09
ESP_NODE_01,25,100,2026-06-01 13:07:09
ESP_NODE_02,14,37,2026-06-01 13:07:09
ESP_NODE_03,36,42,2026-06-01 13:08:17
ESP_NODE_01,24,114,2026-06-01 13:08:17
ESP_NODE_02,14,42,2026-06-01 13:08:17
ESP_NODE_04,3,9,2026-06-01 13:08:41
ESP_NODE_03,42,32,2026-06-01 13:09:24
ESP_NODE_01,28,87,2026-06-01 13:09:24
ESP_NODE_02,17,32,2026-06-01 13:09:24
ESP_NODE_04,7,10,2026-06-01 13:09:55
ESP_NODE_03,18,28,2026-06-01 13:10:31
ESP_NODE_01,12,77,2026-06-01 13:10:31
ESP_NODE_02,7,28,2026-06-01 13:10:31
ESP_NODE_03,27,29,2026-06-01 13:11:41
ESP_NODE_01,18,77,2026-06-01 13:11:41
ESP_NODE_02,10,29,2026-06-01 13:11:41
ESP_NODE_04,20,19,2026-06-01 13:12:23
ESP_NODE_03,39,43,2026-06-01 13:12:49
ESP_NODE_01,26,115,2026-06-01 13:12:49
ESP_NODE_02,15,43,2026-06-01 13:12:49
ESP_NODE_04,40,18,2026-06-01 13:13:36
ESP_NODE_03,43,34,2026-06-01 13:13:57
ESP_NODE_01,29,92,2026-06-01 13:13:57
ESP_NODE_02,17,34,2026-06-01 13:13:57
ESP_NODE_04,27,17,2026-06-01 13:14:43
ESP_NODE_03,33,22,2026-06-01 13:15:05
ESP_NODE_01,22,61,2026-06-01 13:15:05
ESP_NODE_02,13,22,2026-06-01 13:15:05
ESP_NODE_04,57,19,2026-06-01 13:15:53
ESP_NODE_03,37,31,2026-06-01 13:16:13
ESP_NODE_01,25,85,2026-06-01 13:16:13
ESP_NODE_02,15,31,2026-06-01 13:16:13
ESP_NODE_04,34,18,2026-06-01 13:17:01
ESP_NODE_03,57,37,2026-06-01 13:17:22
ESP_NODE_01,38,100,2026-06-01 13:17:22
ESP_NODE_02,22,37,2026-06-01 13:17:22
ESP_NODE_04,40,22,2026-06-01 13:18:08
ESP_NODE_04,16,22,2026-06-01 13:19:15
ESP_NODE_03,34,32,2026-06-01 13:19:42
ESP_NODE_01,22,86,2026-06-01 13:19:42
ESP_NODE_02,13,32,2026-06-01 13:19:42
ESP_NODE_04,32,14,2026-06-01 13:21:28
ESP_NODE_03,27,27,2026-06-01 13:21:55
ESP_NODE_01,18,72,2026-06-01 13:21:55
ESP_NODE_02,10,27,2026-06-01 13:21:55
ESP_NODE_04,19,19,2026-06-01 13:22:35
ESP_NODE_03,36,43,2026-06-01 13:23:02
ESP_NODE_01,24,115,2026-06-01 13:23:02
ESP_NODE_02,14,43,2026-06-01 13:23:02
ESP_NODE_04,35,27,2026-06-01 13:23:43
ESP_NODE_03,50,42,2026-06-01 13:24:08
ESP_NODE_01,33,114,2026-06-01 13:24:08
ESP_NODE_02,20,42,2026-06-01 13:24:08
ESP_NODE_04,33,15,2026-06-01 13:24:50
ESP_NODE_03,40,32,2026-06-01 13:25:14
ESP_NODE_01,27,87,2026-06-01 13:25:14
ESP_NODE_02,16,32,2026-06-01 13:25:14
ESP_NODE_04,18,22,2026-06-01 13:25:56
ESP_NODE_03,45,36,2026-06-01 13:26:20
ESP_NODE_01,30,97,2026-06-01 13:26:20
ESP_NODE_02,18,36,2026-06-01 13:26:20
ESP_NODE_04,21,18,2026-06-01 13:27:03
ESP_NODE_03,43,44,2026-06-01 13:27:27
ESP_NODE_01,29,119,2026-06-01 13:27:27
ESP_NODE_02,17,44,2026-06-01 13:27:27
ESP_NODE_04,39,21,2026-06-01 13:28:12
ESP_NODE_03,47,31,2026-06-01 13:28:33
ESP_NODE_01,31,84,2026-06-01 13:28:33
ESP_NODE_02,19,31,2026-06-01 13:28:33
ESP_NODE_04,66,22,2026-06-01 13:29:18
ESP_NODE_03,44,32,2026-06-01 13:29:39
ESP_NODE_01,30,86,2026-06-01 13:29:39
ESP_NODE_02,17,32,2026-06-01 13:29:39
ESP_NODE_04,57,19,2026-06-01 13:30:24
ESP_NODE_03,48,38,2026-06-01 13:30:47
ESP_NODE_01,32,103,2026-06-01 13:30:47
ESP_NODE_02,19,38,2026-06-01 13:30:47
ESP_NODE_04,20,21,2026-06-01 13:31:32
ESP_NODE_03,50,46,2026-06-01 13:31:53
ESP_NODE_01,33,124,2026-06-01 13:31:53
ESP_NODE_02,20,46,2026-06-01 13:31:53
ESP_NODE_04,41,18,2026-06-01 13:32:40
ESP_NODE_03,36,33,2026-06-01 13:33:00
ESP_NODE_01,24,90,2026-06-01 13:33:00
ESP_NODE_02,14,33,2026-06-01 13:33:00
ESP_NODE_04,19,18,2026-06-01 13:33:46
ESP_NODE_03,57,39,2026-06-01 13:34:07
ESP_NODE_01,38,106,2026-06-01 13:34:07
ESP_NODE_02,23,39,2026-06-01 13:34:07
ESP_NODE_04,25,20,2026-06-01 13:34:52
ESP_NODE_03,50,34,2026-06-01 13:35:20
ESP_NODE_01,33,91,2026-06-01 13:35:20
ESP_NODE_02,20,34,2026-06-01 13:35:20
ESP_NODE_04,56,18,2026-06-01 13:35:58
ESP_NODE_03,58,39,2026-06-01 13:36:27
ESP_NODE_01,39,104,2026-06-01 13:36:27
ESP_NODE_02,23,39,2026-06-01 13:36:27
ESP_NODE_03,38,38,2026-06-01 13:37:34
ESP_NODE_01,25,103,2026-06-01 13:37:34
ESP_NODE_02,15,38,2026-06-01 13:37:34
ESP_NODE_03,40,44,2026-06-01 13:38:41
ESP_NODE_01,27,119,2026-06-01 13:38:41
ESP_NODE_02,16,44,2026-06-01 13:38:41
ESP_NODE_04,23,19,2026-06-01 13:39:35
ESP_NODE_03,56,36,2026-06-01 13:39:48
ESP_NODE_01,37,96,2026-06-01 13:39:48
ESP_NODE_02,22,36,2026-06-01 13:39:48
ESP_NODE_04,27,15,2026-06-01 13:40:41
ESP_NODE_03,40,36,2026-06-01 13:40:54
ESP_NODE_01,27,99,2026-06-01 13:40:54
ESP_NODE_02,16,36,2026-06-01 13:40:54
ESP_NODE_04,13,18,2026-06-01 13:41:47
ESP_NODE_03,28,37,2026-06-01 13:42:02
ESP_NODE_01,19,101,2026-06-01 13:42:02
ESP_NODE_02,11,37,2026-06-01 13:42:02
ESP_NODE_04,38,18,2026-06-01 13:42:54
ESP_NODE_03,38,50,2026-06-01 13:43:11
ESP_NODE_01,25,136,2026-06-01 13:43:11
ESP_NODE_02,15,50,2026-06-01 13:43:11
ESP_NODE_04,30,23,2026-06-01 13:44:03
ESP_NODE_03,77,45,2026-06-01 13:44:18
ESP_NODE_01,51,120,2026-06-01 13:44:18
ESP_NODE_02,30,45,2026-06-01 13:44:18
ESP_NODE_03,35,33,2026-06-01 13:45:25
ESP_NODE_01,23,90,2026-06-01 13:45:25
ESP_NODE_02,14,33,2026-06-01 13:45:25
ESP_NODE_04,28,17,2026-06-01 13:46:25
ESP_NODE_03,38,40,2026-06-01 13:46:31
ESP_NODE_01,25,107,2026-06-01 13:46:31
ESP_NODE_02,15,40,2026-06-01 13:46:31
ESP_NODE_04,5,17,2026-06-01 13:47:32
ESP_NODE_03,54,38,2026-06-01 13:47:37
ESP_NODE_01,36,102,2026-06-01 13:47:37
ESP_NODE_02,21,38,2026-06-01 13:47:37
ESP_NODE_04,12,18,2026-06-01 13:48:39
ESP_NODE_03,50,37,2026-06-01 13:48:44
ESP_NODE_01,34,99,2026-06-01 13:48:44
ESP_NODE_02,20,37,2026-06-01 13:48:44
ESP_NODE_04,5,17,2026-06-01 13:49:46
ESP_NODE_03,35,35,2026-06-01 13:49:50
ESP_NODE_01,23,94,2026-06-01 13:49:50
ESP_NODE_02,14,35,2026-06-01 13:49:50
ESP_NODE_04,6,19,2026-06-01 13:52:10
ESP_NODE_03,42,34,2026-06-01 13:52:11
ESP_NODE_01,28,92,2026-06-01 13:52:11
ESP_NODE_02,16,34,2026-06-01 13:52:11
ESP_NODE_04,6,20,2026-06-01 13:53:16
ESP_NODE_03,41,26,2026-06-01 13:53:18
ESP_NODE_01,27,69,2026-06-01 13:53:18
ESP_NODE_02,16,26,2026-06-01 13:53:18
ESP_NODE_03,63,19,2026-06-01 13:54:24
ESP_NODE_01,42,53,2026-06-01 13:54:24
ESP_NODE_02,25,19,2026-06-01 13:54:24
ESP_NODE_04,14,16,2026-06-01 13:54:25
ESP_NODE_03,50,25,2026-06-01 13:55:30
ESP_NODE_01,33,67,2026-06-01 13:55:30
ESP_NODE_02,20,25,2026-06-01 13:55:30
ESP_NODE_04,7,18,2026-06-01 13:55:31
ESP_NODE_03,47,32,2026-06-01 13:56:36
ESP_NODE_01,32,88,2026-06-01 13:56:36
ESP_NODE_02,19,32,2026-06-01 13:56:36
ESP_NODE_04,13,19,2026-06-01 13:56:38
ESP_NODE_03,63,26,2026-06-01 13:57:42
ESP_NODE_01,42,70,2026-06-01 13:57:42
ESP_NODE_02,25,26,2026-06-01 13:57:42
ESP_NODE_04,7,17,2026-06-01 13:57:50
ESP_NODE_03,42,27,2026-06-01 13:58:48
ESP_NODE_01,28,73,2026-06-01 13:58:48
ESP_NODE_02,17,27,2026-06-01 13:58:48
ESP_NODE_04,3,21,2026-06-01 13:58:57
ESP_NODE_03,51,26,2026-06-01 13:59:54
ESP_NODE_01,34,70,2026-06-01 13:59:54
ESP_NODE_02,20,26,2026-06-01 13:59:54
ESP_NODE_03,56,24,2026-06-01 14:01:00
ESP_NODE_01,37,65,2026-06-01 14:01:00
ESP_NODE_02,22,24,2026-06-01 14:01:00
ESP_NODE_04,8,21,2026-06-01 14:01:12
ESP_NODE_03,33,24,2026-06-01 14:02:05
ESP_NODE_01,22,66,2026-06-01 14:02:05
ESP_NODE_02,13,24,2026-06-01 14:02:05
ESP_NODE_03,26,27,2026-06-01 14:03:12
ESP_NODE_01,18,74,2026-06-01 14:03:12
ESP_NODE_02,10,27,2026-06-01 14:03:12
ESP_NODE_04,16,22,2026-06-01 14:03:30
ESP_NODE_04,11,20,2026-06-01 14:04:37
ESP_NODE_03,39,25,2026-06-01 14:05:23
ESP_NODE_01,26,68,2026-06-01 14:05:23
ESP_NODE_02,15,25,2026-06-01 14:05:23
ESP_NODE_04,4,26,2026-06-01 14:05:47
ESP_NODE_03,29,23,2026-06-01 14:06:29
ESP_NODE_01,19,62,2026-06-01 14:06:29
ESP_NODE_02,11,23,2026-06-01 14:06:29
ESP_NODE_04,11,20,2026-06-01 14:06:55
ESP_NODE_03,26,21,2026-06-01 14:07:35
ESP_NODE_01,17,56,2026-06-01 14:07:35
ESP_NODE_02,10,21,2026-06-01 14:07:35
ESP_NODE_04,6,23,2026-06-01 14:08:08
ESP_NODE_03,33,28,2026-06-01 14:08:41
ESP_NODE_01,22,76,2026-06-01 14:08:41
ESP_NODE_02,13,28,2026-06-01 14:08:41
ESP_NODE_04,9,25,2026-06-01 14:09:19
ESP_NODE_03,18,22,2026-06-01 14:09:47
ESP_NODE_01,12,61,2026-06-01 14:09:47
ESP_NODE_02,7,22,2026-06-01 14:09:47
ESP_NODE_04,11,20,2026-06-01 14:10:35
ESP_NODE_03,32,25,2026-06-01 14:10:53
ESP_NODE_01,21,69,2026-06-01 14:10:53
ESP_NODE_02,12,25,2026-06-01 14:10:53
ESP_NODE_04,13,16,2026-06-01 14:11:42
ESP_NODE_03,38,22,2026-06-01 14:11:59
ESP_NODE_01,25,59,2026-06-01 14:11:59
ESP_NODE_02,15,22,2026-06-01 14:11:59
ESP_NODE_04,7,23,2026-06-01 14:12:51
ESP_NODE_03,30,19,2026-06-01 14:13:04
ESP_NODE_01,20,53,2026-06-01 14:13:04
ESP_NODE_02,12,19,2026-06-01 14:13:04
ESP_NODE_04,9,18,2026-06-01 14:13:59
ESP_NODE_03,43,23,2026-06-01 14:14:10
ESP_NODE_01,28,62,2026-06-01 14:14:10
ESP_NODE_02,17,23,2026-06-01 14:14:10
ESP_NODE_04,6,21,2026-06-01 14:15:11
ESP_NODE_03,26,18,2026-06-01 14:15:18
ESP_NODE_01,17,50,2026-06-01 14:15:18
ESP_NODE_02,10,18,2026-06-01 14:15:18
ESP_NODE_04,13,22,2026-06-01 14:16:21
ESP_NODE_03,39,20,2026-06-01 14:16:24
ESP_NODE_01,26,54,2026-06-01 14:16:24
ESP_NODE_02,15,20,2026-06-01 14:16:24
ESP_NODE_03,39,16,2026-06-01 14:17:30
ESP_NODE_01,26,45,2026-06-01 14:17:30
ESP_NODE_02,15,16,2026-06-01 14:17:30
ESP_NODE_04,3,24,2026-06-01 14:18:35
ESP_NODE_03,25,18,2026-06-01 14:18:36
ESP_NODE_01,17,49,2026-06-01 14:18:36
ESP_NODE_02,10,18,2026-06-01 14:18:36
ESP_NODE_04,8,29,2026-06-01 14:19:42
ESP_NODE_03,36,20,2026-06-01 14:19:43
ESP_NODE_01,24,56,2026-06-01 14:19:43
ESP_NODE_02,14,20,2026-06-01 14:19:43
ESP_NODE_03,58,20,2026-06-01 14:20:49
ESP_NODE_01,39,53,2026-06-01 14:20:49
ESP_NODE_02,23,20,2026-06-01 14:20:49
ESP_NODE_04,7,25,2026-06-01 14:20:52
ESP_NODE_03,70,24,2026-06-01 14:21:55
ESP_NODE_01,47,65,2026-06-01 14:21:55
ESP_NODE_02,28,24,2026-06-01 14:21:55
ESP_NODE_03,54,17,2026-06-01 14:23:00
ESP_NODE_01,36,47,2026-06-01 14:23:00
ESP_NODE_02,21,17,2026-06-01 14:23:00
ESP_NODE_03,60,14,2026-06-01 14:24:06
ESP_NODE_01,40,39,2026-06-01 14:24:06
ESP_NODE_02,24,14,2026-06-01 14:24:06
ESP_NODE_04,20,27,2026-06-01 14:24:22
ESP_NODE_04,20,30,2026-06-01 14:25:28
ESP_NODE_03,53,17,2026-06-01 14:26:20
ESP_NODE_01,35,47,2026-06-01 14:26:20
ESP_NODE_02,21,17,2026-06-01 14:26:20
ESP_NODE_04,20,26,2026-06-01 14:26:37
ESP_NODE_03,26,14,2026-06-01 14:27:26
ESP_NODE_01,17,37,2026-06-01 14:27:26
ESP_NODE_02,10,14,2026-06-01 14:27:26
ESP_NODE_04,11,30,2026-06-01 14:27:46
ESP_NODE_03,38,17,2026-06-01 14:28:32
ESP_NODE_01,25,45,2026-06-01 14:28:32
ESP_NODE_02,15,17,2026-06-01 14:28:32
ESP_NODE_04,8,23,2026-06-01 14:28:58
ESP_NODE_03,63,14,2026-06-01 14:29:38
ESP_NODE_01,42,37,2026-06-01 14:29:38
ESP_NODE_02,25,14,2026-06-01 14:29:38
ESP_NODE_04,10,25,2026-06-01 14:30:04
ESP_NODE_03,73,16,2026-06-01 14:30:44
ESP_NODE_01,48,43,2026-06-01 14:30:44
ESP_NODE_02,29,16,2026-06-01 14:30:44
ESP_NODE_04,10,26,2026-06-01 14:31:11
ESP_NODE_03,54,13,2026-06-01 14:31:50
ESP_NODE_01,36,35,2026-06-01 14:31:50
ESP_NODE_02,21,13,2026-06-01 14:31:50
ESP_NODE_04,16,27,2026-06-01 14:32:18
ESP_NODE_03,31,13,2026-06-01 14:32:56
ESP_NODE_01,21,37,2026-06-01 14:32:56
ESP_NODE_02,12,13,2026-06-01 14:32:56
ESP_NODE_03,37,14,2026-06-01 14:34:02
ESP_NODE_01,25,40,2026-06-01 14:34:02
ESP_NODE_02,14,14,2026-06-01 14:34:02
ESP_NODE_03,35,13,2026-06-01 14:35:08
ESP_NODE_01,23,37,2026-06-01 14:35:08
ESP_NODE_02,14,13,2026-06-01 14:35:08
ESP_NODE_04,12,29,2026-06-01 14:35:55
ESP_NODE_03,22,12,2026-06-01 14:36:14
ESP_NODE_01,15,33,2026-06-01 14:36:14
ESP_NODE_02,9,12,2026-06-01 14:36:14
ESP_NODE_04,11,27,2026-06-01 14:37:07
ESP_NODE_03,28,12,2026-06-01 14:37:20
ESP_NODE_01,19,34,2026-06-01 14:37:20
ESP_NODE_02,11,12,2026-06-01 14:37:20
ESP_NODE_04,6,32,2026-06-01 14:38:20
ESP_NODE_03,51,14,2026-06-01 14:38:26
ESP_NODE_01,34,38,2026-06-01 14:38:26
ESP_NODE_02,20,14,2026-06-01 14:38:26
ESP_NODE_04,22,28,2026-06-01 14:39:28
ESP_NODE_03,84,15,2026-06-01 14:39:32
ESP_NODE_01,56,40,2026-06-01 14:39:32
ESP_NODE_02,33,15,2026-06-01 14:39:32
ESP_NODE_04,13,26,2026-06-01 14:40:34
ESP_NODE_03,71,13,2026-06-01 14:40:38
ESP_NODE_01,48,37,2026-06-01 14:40:38
ESP_NODE_02,28,13,2026-06-01 14:40:38
ESP_NODE_04,14,25,2026-06-01 14:41:40
ESP_NODE_03,69,16,2026-06-01 14:41:44
ESP_NODE_01,46,43,2026-06-01 14:41:44
ESP_NODE_02,27,16,2026-06-01 14:41:44
ESP_NODE_04,14,26,2026-06-01 14:42:48
ESP_NODE_03,70,16,2026-06-01 14:42:53
ESP_NODE_01,47,44,2026-06-01 14:42:53
ESP_NODE_02,28,16,2026-06-01 14:42:53
ESP_NODE_04,19,28,2026-06-01 14:43:57
ESP_NODE_03,39,12,2026-06-01 14:44:00
ESP_NODE_01,26,33,2026-06-01 14:44:00
ESP_NODE_02,15,12,2026-06-01 14:44:00
ESP_NODE_04,2,23,2026-06-01 14:45:04
ESP_NODE_03,44,12,2026-06-01 14:45:07
ESP_NODE_01,30,32,2026-06-01 14:45:07
ESP_NODE_02,17,12,2026-06-01 14:45:07
ESP_NODE_04,10,24,2026-06-01 14:46:10
ESP_NODE_03,39,11,2026-06-01 14:46:14
ESP_NODE_01,26,31,2026-06-01 14:46:14
ESP_NODE_02,15,11,2026-06-01 14:46:14
ESP_NODE_04,13,24,2026-06-01 14:47:18
ESP_NODE_03,61,13,2026-06-01 14:47:20
ESP_NODE_01,41,36,2026-06-01 14:47:20
ESP_NODE_02,24,13,2026-06-01 14:47:20
ESP_NODE_04,10,19,2026-06-01 14:48:25
ESP_NODE_03,49,16,2026-06-01 14:48:26
ESP_NODE_01,33,45,2026-06-01 14:48:26
ESP_NODE_02,19,16,2026-06-01 14:48:26
ESP_NODE_04,11,22,2026-06-01 14:49:31
ESP_NODE_03,28,16,2026-06-01 14:49:32
ESP_NODE_01,19,45,2026-06-01 14:49:32
ESP_NODE_02,11,16,2026-06-01 14:49:32
ESP_NODE_03,36,21,2026-06-01 14:50:38
ESP_NODE_01,24,56,2026-06-01 14:50:38
ESP_NODE_02,14,21,2026-06-01 14:50:38
ESP_NODE_04,8,21,2026-06-01 14:50:38
ESP_NODE_04,7,21,2026-06-01 14:51:44
ESP_NODE_03,48,15,2026-06-01 14:51:45
ESP_NODE_01,32,42,2026-06-01 14:51:45
ESP_NODE_02,19,15,2026-06-01 14:51:45
ESP_NODE_04,13,22,2026-06-01 14:52:51
ESP_NODE_03,27,14,2026-06-01 14:52:52
ESP_NODE_01,18,39,2026-06-01 14:52:52
ESP_NODE_02,11,14,2026-06-01 14:52:52
ESP_NODE_03,50,17,2026-06-01 14:53:58
ESP_NODE_01,33,47,2026-06-01 14:53:58
ESP_NODE_02,20,17,2026-06-01 14:53:58
ESP_NODE_04,25,18,2026-06-01 14:53:58
ESP_NODE_03,34,14,2026-06-01 14:55:04
ESP_NODE_01,22,39,2026-06-01 14:55:04
ESP_NODE_02,13,14,2026-06-01 14:55:04
ESP_NODE_03,29,11,2026-06-01 14:56:10
ESP_NODE_01,19,32,2026-06-01 14:56:10
ESP_NODE_02,11,11,2026-06-01 14:56:10
ESP_NODE_04,12,12,2026-06-01 14:56:19
ESP_NODE_03,15,13,2026-06-01 14:57:16
ESP_NODE_01,10,36,2026-06-01 14:57:16
ESP_NODE_02,6,13,2026-06-01 14:57:16
ESP_NODE_04,15,13,2026-06-01 14:57:25
ESP_NODE_03,19,12,2026-06-01 14:58:22
ESP_NODE_01,13,33,2026-06-01 14:58:22
ESP_NODE_02,7,12,2026-06-01 14:58:22
ESP_NODE_04,17,17,2026-06-01 14:58:32
ESP_NODE_03,39,21,2026-06-01 14:59:28
ESP_NODE_01,26,58,2026-06-01 14:59:28
ESP_NODE_02,15,21,2026-06-01 14:59:28
ESP_NODE_04,9,17,2026-06-01 14:59:38
ESP_NODE_03,26,16,2026-06-01 15:00:34
ESP_NODE_01,17,45,2026-06-01 15:00:34
ESP_NODE_02,10,16,2026-06-01 15:00:34
ESP_NODE_04,6,12,2026-06-01 15:00:45
ESP_NODE_03,17,13,2026-06-01 15:01:40
ESP_NODE_01,11,35,2026-06-01 15:01:40
ESP_NODE_02,6,13,2026-06-01 15:01:40
ESP_NODE_04,21,13,2026-06-01 15:01:51
ESP_NODE_04,22,17,2026-06-01 15:02:59
ESP_NODE_03,25,18,2026-06-01 15:03:52
ESP_NODE_01,17,49,2026-06-01 15:03:52
ESP_NODE_02,10,18,2026-06-01 15:03:52
ESP_NODE_04,21,19,2026-06-01 15:04:05
ESP_NODE_03,23,12,2026-06-01 15:04:58
ESP_NODE_01,15,34,2026-06-01 15:04:58
ESP_NODE_02,9,12,2026-06-01 15:04:58
ESP_NODE_04,22,23,2026-06-01 15:05:14
ESP_NODE_03,24,14,2026-06-01 15:06:04
ESP_NODE_01,16,39,2026-06-01 15:06:04
ESP_NODE_02,9,14,2026-06-01 15:06:04
ESP_NODE_04,13,20,2026-06-01 15:06:23
ESP_NODE_03,27,15,2026-06-01 15:07:10
ESP_NODE_01,18,41,2026-06-01 15:07:10
ESP_NODE_02,11,15,2026-06-01 15:07:10
ESP_NODE_04,9,14,2026-06-01 15:07:34
ESP_NODE_03,15,12,2026-06-01 15:08:16
ESP_NODE_01,10,33,2026-06-01 15:08:16
ESP_NODE_02,6,12,2026-06-01 15:08:16
ESP_NODE_03,26,16,2026-06-01 15:09:23
ESP_NODE_01,18,43,2026-06-01 15:09:23
ESP_NODE_02,10,16,2026-06-01 15:09:23
ESP_NODE_03,23,16,2026-06-01 15:10:30
ESP_NODE_01,16,44,2026-06-01 15:10:30
ESP_NODE_02,9,16,2026-06-01 15:10:30
ESP_NODE_04,11,12,2026-06-01 15:11:11
ESP_NODE_03,24,11,2026-06-01 15:11:36
ESP_NODE_01,16,29,2026-06-01 15:11:36
ESP_NODE_02,9,11,2026-06-01 15:11:36
ESP_NODE_04,9,14,2026-06-01 15:12:17
ESP_NODE_03,17,20,2026-06-01 15:12:42
ESP_NODE_01,11,53,2026-06-01 15:12:42
ESP_NODE_02,6,20,2026-06-01 15:12:42
ESP_NODE_04,4,14,2026-06-01 15:13:26
ESP_NODE_03,19,16,2026-06-01 15:13:48
ESP_NODE_01,13,44,2026-06-01 15:13:48
ESP_NODE_02,7,16,2026-06-01 15:13:48
ESP_NODE_03,22,17,2026-06-01 15:14:54
ESP_NODE_01,14,47,2026-06-01 15:14:54
ESP_NODE_02,8,17,2026-06-01 15:14:54
ESP_NODE_04,3,14,2026-06-01 15:15:54
ESP_NODE_03,13,15,2026-06-01 15:16:00
ESP_NODE_01,9,41,2026-06-01 15:16:00
ESP_NODE_02,5,15,2026-06-01 15:16:00
ESP_NODE_04,5,14,2026-06-01 15:17:03
ESP_NODE_03,22,15,2026-06-01 15:18:14
ESP_NODE_01,14,42,2026-06-01 15:18:14
ESP_NODE_02,8,15,2026-06-01 15:18:14
ESP_NODE_03,18,11,2026-06-01 15:19:20
ESP_NODE_01,12,31,2026-06-01 15:19:20
ESP_NODE_02,7,11,2026-06-01 15:19:20
ESP_NODE_04,4,14,2026-06-01 15:19:27
ESP_NODE_03,27,13,2026-06-01 15:20:26
ESP_NODE_01,18,35,2026-06-01 15:20:26
ESP_NODE_02,11,13,2026-06-01 15:20:26
ESP_NODE_04,11,14,2026-06-01 15:20:50
ESP_NODE_03,6,17,2026-06-01 15:21:32
ESP_NODE_01,4,46,2026-06-01 15:21:32
ESP_NODE_02,5,17,2026-06-01 15:21:32
ESP_NODE_04,5,13,2026-06-01 15:22:02
ESP_NODE_03,18,11,2026-06-01 15:22:38
ESP_NODE_01,12,29,2026-06-01 15:22:38
ESP_NODE_02,7,11,2026-06-01 15:22:38
ESP_NODE_04,4,12,2026-06-01 15:23:18
ESP_NODE_03,13,12,2026-06-01 15:23:44
ESP_NODE_01,9,34,2026-06-01 15:23:44
ESP_NODE_02,5,12,2026-06-01 15:23:44
ESP_NODE_04,0,17,2026-06-01 15:24:25
ESP_NODE_03,32,8,2026-06-01 15:24:50
ESP_NODE_01,21,23,2026-06-01 15:24:50
ESP_NODE_02,13,8,2026-06-01 15:24:50
ESP_NODE_04,8,13,2026-06-01 15:25:32
ESP_NODE_03,15,14,2026-06-01 15:25:56
ESP_NODE_01,10,37,2026-06-01 15:25:56
ESP_NODE_02,6,14,2026-06-01 15:25:56
ESP_NODE_04,5,12,2026-06-01 15:26:40
ESP_NODE_03,20,8,2026-06-01 15:27:02
ESP_NODE_01,13,22,2026-06-01 15:27:02
ESP_NODE_02,8,8,2026-06-01 15:27:02
ESP_NODE_04,11,16,2026-06-01 15:27:52
ESP_NODE_03,24,8,2026-06-01 15:28:08
ESP_NODE_01,16,22,2026-06-01 15:28:08
ESP_NODE_02,9,8,2026-06-01 15:28:08
ESP_NODE_04,5,16,2026-06-01 15:28:59
ESP_NODE_03,12,6,2026-06-01 15:29:14
ESP_NODE_01,8,18,2026-06-01 15:29:14
ESP_NODE_02,5,9,2026-06-01 15:29:14
ESP_NODE_04,3,12,2026-06-01 15:30:11
ESP_NODE_03,25,7,2026-06-01 15:30:20
ESP_NODE_01,16,19,2026-06-01 15:30:20
ESP_NODE_02,10,9,2026-06-01 15:30:20
ESP_NODE_03,13,8,2026-06-01 15:31:26
ESP_NODE_01,9,23,2026-06-01 15:31:26
ESP_NODE_02,5,8,2026-06-01 15:31:26
ESP_NODE_03,13,10,2026-06-01 15:32:31
ESP_NODE_01,9,26,2026-06-01 15:32:31
ESP_NODE_02,5,10,2026-06-01 15:32:31
ESP_NODE_04,4,14,2026-06-01 15:32:35
ESP_NODE_03,12,10,2026-06-01 15:33:37
ESP_NODE_01,8,27,2026-06-01 15:33:37
ESP_NODE_02,5,10,2026-06-01 15:33:37
ESP_NODE_04,8,14,2026-06-01 15:33:42
ESP_NODE_03,12,10,2026-06-01 15:34:43
ESP_NODE_01,8,29,2026-06-01 15:34:43
ESP_NODE_02,5,10,2026-06-01 15:34:43
ESP_NODE_04,2,12,2026-06-01 15:34:54
ESP_NODE_03,14,11,2026-06-01 15:35:49
ESP_NODE_01,9,30,2026-06-01 15:35:49
ESP_NODE_02,5,11,2026-06-01 15:35:49
ESP_NODE_04,15,13,2026-06-01 15:36:03
ESP_NODE_03,17,8,2026-06-01 15:36:56
ESP_NODE_01,11,23,2026-06-01 15:36:56
ESP_NODE_02,7,8,2026-06-01 15:36:56
ESP_NODE_04,7,14,2026-06-01 15:37:11
ESP_NODE_03,26,9,2026-06-01 15:38:02
ESP_NODE_01,17,24,2026-06-01 15:38:02
ESP_NODE_02,10,9,2026-06-01 15:38:02
ESP_NODE_04,6,16,2026-06-01 15:38:20
ESP_NODE_03,20,9,2026-06-01 15:39:07
ESP_NODE_01,13,26,2026-06-01 15:39:07
ESP_NODE_02,8,9,2026-06-01 15:39:07
ESP_NODE_04,5,13,2026-06-01 15:39:27
ESP_NODE_03,23,8,2026-06-01 15:40:13
ESP_NODE_01,15,23,2026-06-01 15:40:13
ESP_NODE_02,9,8,2026-06-01 15:40:13
ESP_NODE_03,16,4,2026-06-01 15:41:19
ESP_NODE_01,11,12,2026-06-01 15:41:19
ESP_NODE_02,6,8,2026-06-01 15:41:19
ESP_NODE_04,16,17,2026-06-01 15:41:48
ESP_NODE_03,10,10,2026-06-01 15:42:25
ESP_NODE_01,7,28,2026-06-01 15:42:25
ESP_NODE_02,5,10,2026-06-01 15:42:25
ESP_NODE_04,11,14,2026-06-01 15:43:03
ESP_NODE_03,17,8,2026-06-01 15:43:31
ESP_NODE_01,11,23,2026-06-01 15:43:31
ESP_NODE_02,7,8,2026-06-01 15:43:31
ESP_NODE_04,2,14,2026-06-01 15:44:16
ESP_NODE_03,11,6,2026-06-01 15:44:37
ESP_NODE_01,7,18,2026-06-01 15:44:37
ESP_NODE_02,7,11,2026-06-01 15:44:37
ESP_NODE_04,3,12,2026-06-01 15:45:24
ESP_NODE_03,21,10,2026-06-01 15:45:43
ESP_NODE_01,14,28,2026-06-01 15:45:43
ESP_NODE_02,8,10,2026-06-01 15:45:43
ESP_NODE_04,4,15,2026-06-01 15:46:32
ESP_NODE_03,38,10,2026-06-01 15:46:49
ESP_NODE_01,25,28,2026-06-01 15:46:49
ESP_NODE_02,15,10,2026-06-01 15:46:49
ESP_NODE_04,8,14,2026-06-01 15:47:44
ESP_NODE_03,18,11,2026-06-01 15:47:55
ESP_NODE_01,12,29,2026-06-01 15:47:55
ESP_NODE_02,7,11,2026-06-01 15:47:55
ESP_NODE_04,7,17,2026-06-01 15:48:52
ESP_NODE_03,25,8,2026-06-01 15:49:01
ESP_NODE_01,17,23,2026-06-01 15:49:01
ESP_NODE_02,10,8,2026-06-01 15:49:01
ESP_NODE_04,10,15,2026-06-01 15:49:59
ESP_NODE_03,24,6,2026-06-01 15:50:07
ESP_NODE_01,16,17,2026-06-01 15:50:07
ESP_NODE_02,9,10,2026-06-01 15:50:07
ESP_NODE_04,4,10,2026-06-01 15:51:07
ESP_NODE_03,22,6,2026-06-01 15:51:14
ESP_NODE_01,15,16,2026-06-01 15:51:14
ESP_NODE_02,9,8,2026-06-01 15:51:14
ESP_NODE_04,5,14,2026-06-01 15:52:14
ESP_NODE_03,22,5,2026-06-01 15:52:21
ESP_NODE_01,15,14,2026-06-01 15:52:21
ESP_NODE_02,9,10,2026-06-01 15:52:21
ESP_NODE_04,13,14,2026-06-01 15:53:21
ESP_NODE_03,34,7,2026-06-01 15:53:27
ESP_NODE_01,23,20,2026-06-01 15:53:27
ESP_NODE_02,13,12,2026-06-01 15:53:27
ESP_NODE_04,13,16,2026-06-01 15:54:29
ESP_NODE_03,20,10,2026-06-01 15:54:34
ESP_NODE_01,14,29,2026-06-01 15:54:34
ESP_NODE_02,8,10,2026-06-01 15:54:34
ESP_NODE_04,8,13,2026-06-01 15:55:35
ESP_NODE_03,34,7,2026-06-01 15:55:40
ESP_NODE_01,22,19,2026-06-01 15:55:40
ESP_NODE_02,13,10,2026-06-01 15:55:40
ESP_NODE_04,9,12,2026-06-01 15:56:41
ESP_NODE_03,65,5,2026-06-01 15:56:46
ESP_NODE_01,44,14,2026-06-01 15:56:46
ESP_NODE_02,26,11,2026-06-01 15:56:46
ESP_NODE_04,16,19,2026-06-01 15:57:48
ESP_NODE_03,56,8,2026-06-01 15:57:52
ESP_NODE_01,38,23,2026-06-01 15:57:52
ESP_NODE_02,22,8,2026-06-01 15:57:52
ESP_NODE_04,7,10,2026-06-01 15:58:54
ESP_NODE_03,40,8,2026-06-01 15:59:00
ESP_NODE_01,27,23,2026-06-01 15:59:00
ESP_NODE_02,16,8,2026-06-01 15:59:00
ESP_NODE_04,4,13,2026-06-01 16:00:01
ESP_NODE_04,13,16,2026-06-01 16:01:08
ESP_NODE_03,22,12,2026-06-01 16:01:13
ESP_NODE_01,15,33,2026-06-01 16:01:13
ESP_NODE_02,9,12,2026-06-01 16:01:13
ESP_NODE_04,14,15,2026-06-01 16:02:15
ESP_NODE_04,25,14,2026-06-01 16:03:22
ESP_NODE_03,45,9,2026-06-01 16:03:25
ESP_NODE_01,30,25,2026-06-01 16:03:25
ESP_NODE_02,18,9,2026-06-01 16:03:25
ESP_NODE_04,24,13,2026-06-01 16:04:28
ESP_NODE_03,29,6,2026-06-01 16:04:31
ESP_NODE_01,19,16,2026-06-01 16:04:31
ESP_NODE_02,11,10,2026-06-01 16:04:31
ESP_NODE_04,13,12,2026-06-01 16:05:36
ESP_NODE_03,30,13,2026-06-01 16:05:37
ESP_NODE_01,20,36,2026-06-01 16:05:37
ESP_NODE_02,12,13,2026-06-01 16:05:37
ESP_NODE_04,30,16,2026-06-01 16:06:42
ESP_NODE_03,20,11,2026-06-01 16:06:43
ESP_NODE_01,13,29,2026-06-01 16:06:43
ESP_NODE_02,8,11,2026-06-01 16:06:43
ESP_NODE_03,43,12,2026-06-01 16:07:48
ESP_NODE_01,29,34,2026-06-01 16:07:48
ESP_NODE_02,17,12,2026-06-01 16:07:48
ESP_NODE_04,21,12,2026-06-01 16:07:49
ESP_NODE_03,29,12,2026-06-01 16:08:55
ESP_NODE_01,19,34,2026-06-01 16:08:55
ESP_NODE_02,11,12,2026-06-01 16:08:55
ESP_NODE_04,3,18,2026-06-01 16:08:55
ESP_NODE_03,12,9,2026-06-01 16:10:00
ESP_NODE_01,8,26,2026-06-01 16:10:00
ESP_NODE_02,7,9,2026-06-01 16:10:00
ESP_NODE_04,4,19,2026-06-01 16:10:04
ESP_NODE_03,16,13,2026-06-01 16:11:07
ESP_NODE_01,11,36,2026-06-01 16:11:07
ESP_NODE_02,6,13,2026-06-01 16:11:07
ESP_NODE_04,16,15,2026-06-01 16:11:12
ESP_NODE_03,15,15,2026-06-01 16:12:13
ESP_NODE_01,10,40,2026-06-01 16:12:13
ESP_NODE_02,6,15,2026-06-01 16:12:13
ESP_NODE_04,11,16,2026-06-01 16:12:19
ESP_NODE_03,30,16,2026-06-01 16:13:19
ESP_NODE_01,20,45,2026-06-01 16:13:19
ESP_NODE_02,12,16,2026-06-01 16:13:19
ESP_NODE_04,9,14,2026-06-01 16:13:27
ESP_NODE_03,44,8,2026-06-01 16:14:25
ESP_NODE_01,29,22,2026-06-01 16:14:25
ESP_NODE_02,17,8,2026-06-01 16:14:25
ESP_NODE_04,13,22,2026-06-01 16:14:40
ESP_NODE_03,44,7,2026-06-01 16:15:31
ESP_NODE_01,30,20,2026-06-01 16:15:31
ESP_NODE_02,17,10,2026-06-01 16:15:31
ESP_NODE_04,7,21,2026-06-01 16:15:48
ESP_NODE_03,26,7,2026-06-01 16:16:37
ESP_NODE_01,17,21,2026-06-01 16:16:37
ESP_NODE_02,10,12,2026-06-01 16:16:37
ESP_NODE_04,16,14,2026-06-01 16:16:57
ESP_NODE_03,52,9,2026-06-01 16:17:43
ESP_NODE_01,35,25,2026-06-01 16:17:43
ESP_NODE_02,21,9,2026-06-01 16:17:43
ESP_NODE_04,11,14,2026-06-01 16:18:09
ESP_NODE_03,47,7,2026-06-01 16:18:50
ESP_NODE_01,31,19,2026-06-01 16:18:50
ESP_NODE_02,18,10,2026-06-01 16:18:50
ESP_NODE_04,6,18,2026-06-01 16:19:15
ESP_NODE_03,27,8,2026-06-01 16:19:56
ESP_NODE_01,18,22,2026-06-01 16:19:56
ESP_NODE_02,10,8,2026-06-01 16:19:56
ESP_NODE_04,15,16,2026-06-01 16:20:21
ESP_NODE_03,14,7,2026-06-01 16:21:02
ESP_NODE_01,9,18,2026-06-01 16:21:02
ESP_NODE_02,5,11,2026-06-01 16:21:02
ESP_NODE_04,8,16,2026-06-01 16:21:28
ESP_NODE_03,26,9,2026-06-01 16:22:08
ESP_NODE_01,17,26,2026-06-01 16:22:08
ESP_NODE_02,10,9,2026-06-01 16:22:08
ESP_NODE_04,18,17,2026-06-01 16:22:34
ESP_NODE_03,11,7,2026-06-01 16:23:14
ESP_NODE_01,7,19,2026-06-01 16:23:14
ESP_NODE_02,7,10,2026-06-01 16:23:14
ESP_NODE_04,11,18,2026-06-01 16:23:40
ESP_NODE_03,23,13,2026-06-01 16:24:20
ESP_NODE_01,16,37,2026-06-01 16:24:20
ESP_NODE_02,9,13,2026-06-01 16:24:20
ESP_NODE_04,19,15,2026-06-01 16:24:46
ESP_NODE_03,9,8,2026-06-01 16:25:26
ESP_NODE_01,6,22,2026-06-01 16:25:26
ESP_NODE_02,6,8,2026-06-01 16:25:26
ESP_NODE_04,14,15,2026-06-01 16:25:53
ESP_NODE_03,39,11,2026-06-01 16:26:31
ESP_NODE_01,26,30,2026-06-01 16:26:31
ESP_NODE_02,15,11,2026-06-01 16:26:31
ESP_NODE_04,14,11,2026-06-01 16:26:59
ESP_NODE_03,34,10,2026-06-01 16:27:37
ESP_NODE_01,22,27,2026-06-01 16:27:37
ESP_NODE_02,13,10,2026-06-01 16:27:37
ESP_NODE_04,8,7,2026-06-01 16:28:06
ESP_NODE_03,32,11,2026-06-01 16:28:43
ESP_NODE_01,21,30,2026-06-01 16:28:43
ESP_NODE_02,12,11,2026-06-01 16:28:43
ESP_NODE_04,18,6,2026-06-01 16:29:11
ESP_NODE_03,52,14,2026-06-01 16:29:49
ESP_NODE_01,35,39,2026-06-01 16:29:49
ESP_NODE_02,20,14,2026-06-01 16:29:49
ESP_NODE_04,7,8,2026-06-01 16:30:18
ESP_NODE_03,19,12,2026-06-01 16:30:55
ESP_NODE_01,13,34,2026-06-01 16:30:55
ESP_NODE_02,7,12,2026-06-01 16:30:55
ESP_NODE_04,3,8,2026-06-01 16:31:23
ESP_NODE_03,22,12,2026-06-01 16:32:02
ESP_NODE_01,14,32,2026-06-01 16:32:02
ESP_NODE_02,8,12,2026-06-01 16:32:02
ESP_NODE_04,16,9,2026-06-01 16:32:30
ESP_NODE_03,48,14,2026-06-01 16:33:08
ESP_NODE_01,32,39,2026-06-01 16:33:08
ESP_NODE_02,19,14,2026-06-01 16:33:08
ESP_NODE_04,9,5,2026-06-01 16:33:36
ESP_NODE_03,23,11,2026-06-01 16:34:14
ESP_NODE_01,16,30,2026-06-01 16:34:14
ESP_NODE_02,9,11,2026-06-01 16:34:14
ESP_NODE_04,17,9,2026-06-01 16:34:42
ESP_NODE_03,18,14,2026-06-01 16:35:20
ESP_NODE_01,12,39,2026-06-01 16:35:20
ESP_NODE_02,7,14,2026-06-01 16:35:20
ESP_NODE_04,13,12,2026-06-01 16:35:48
ESP_NODE_03,31,17,2026-06-01 16:36:26
ESP_NODE_01,21,45,2026-06-01 16:36:26
ESP_NODE_02,12,17,2026-06-01 16:36:26
ESP_NODE_04,11,14,2026-06-01 16:36:55
ESP_NODE_03,25,16,2026-06-01 16:37:32
ESP_NODE_01,17,43,2026-06-01 16:37:32
ESP_NODE_02,10,16,2026-06-01 16:37:32
ESP_NODE_04,28,10,2026-06-01 16:38:01
ESP_NODE_03,20,14,2026-06-01 16:38:38
ESP_NODE_01,13,38,2026-06-01 16:38:38
ESP_NODE_02,8,14,2026-06-01 16:38:38
ESP_NODE_04,11,11,2026-06-01 16:39:08
ESP_NODE_03,23,15,2026-06-01 16:39:44
ESP_NODE_01,15,41,2026-06-01 16:39:44
ESP_NODE_02,9,15,2026-06-01 16:39:44
ESP_NODE_04,5,3,2026-06-01 16:40:14
ESP_NODE_03,20,11,2026-06-01 16:40:50
ESP_NODE_01,13,32,2026-06-01 16:40:50
ESP_NODE_02,8,11,2026-06-01 16:40:50
ESP_NODE_04,3,7,2026-06-01 16:41:20
ESP_NODE_03,26,16,2026-06-01 16:41:56
ESP_NODE_01,18,44,2026-06-01 16:41:56
ESP_NODE_02,10,16,2026-06-01 16:41:56
ESP_NODE_04,28,5,2026-06-01 16:42:27
ESP_NODE_03,12,15,2026-06-01 16:43:02
ESP_NODE_01,8,40,2026-06-01 16:43:02
ESP_NODE_02,6,15,2026-06-01 16:43:02
ESP_NODE_04,8,7,2026-06-01 16:43:33
ESP_NODE_03,32,18,2026-06-01 16:44:07
ESP_NODE_01,21,49,2026-06-01 16:44:07
ESP_NODE_02,12,18,2026-06-01 16:44:07
ESP_NODE_04,4,6,2026-06-01 16:44:39
ESP_NODE_03,31,14,2026-06-01 16:45:14
ESP_NODE_01,21,39,2026-06-01 16:45:14
ESP_NODE_02,12,14,2026-06-01 16:45:14
ESP_NODE_04,11,7,2026-06-01 16:45:45
ESP_NODE_03,22,14,2026-06-01 16:46:20
ESP_NODE_01,15,40,2026-06-01 16:46:20
ESP_NODE_02,9,14,2026-06-01 16:46:20
ESP_NODE_04,10,2,2026-06-01 16:46:52
ESP_NODE_03,12,13,2026-06-01 16:47:26
ESP_NODE_01,8,36,2026-06-01 16:47:26
ESP_NODE_02,5,13,2026-06-01 16:47:26
ESP_NODE_04,9,6,2026-06-01 16:47:57
ESP_NODE_03,26,17,2026-06-01 16:48:32
ESP_NODE_01,17,46,2026-06-01 16:48:32
ESP_NODE_02,10,17,2026-06-01 16:48:32
ESP_NODE_04,4,7,2026-06-01 16:50:18
ESP_NODE_03,26,12,2026-06-01 16:50:45
ESP_NODE_01,17,32,2026-06-01 16:50:45
ESP_NODE_02,10,12,2026-06-01 16:50:45
ESP_NODE_04,2,6,2026-06-01 16:51:24
ESP_NODE_03,13,18,2026-06-01 16:51:51
ESP_NODE_01,9,49,2026-06-01 16:51:51
ESP_NODE_02,5,18,2026-06-01 16:51:51
ESP_NODE_04,8,7,2026-06-01 16:52:30
ESP_NODE_03,17,15,2026-06-01 16:52:57
ESP_NODE_01,11,40,2026-06-01 16:52:57
ESP_NODE_02,7,15,2026-06-01 16:52:57
ESP_NODE_03,11,18,2026-06-01 16:54:03
ESP_NODE_01,7,48,2026-06-01 16:54:03
ESP_NODE_02,7,18,2026-06-01 16:54:03
ESP_NODE_04,10,7,2026-06-01 16:54:51
ESP_NODE_04,1,5,2026-06-01 16:55:57
ESP_NODE_03,6,13,2026-06-01 16:56:15
ESP_NODE_01,4,36,2026-06-01 16:56:15
ESP_NODE_02,8,13,2026-06-01 16:56:15
ESP_NODE_03,22,16,2026-06-01 16:57:22
ESP_NODE_01,14,44,2026-06-01 16:57:22
ESP_NODE_02,8,16,2026-06-01 16:57:22
ESP_NODE_04,8,7,2026-06-01 16:58:11
ESP_NODE_03,14,14,2026-06-01 16:58:28
ESP_NODE_01,9,39,2026-06-01 16:58:28
ESP_NODE_02,5,14,2026-06-01 16:58:28
ESP_NODE_04,13,7,2026-06-01 16:59:17
ESP_NODE_03,20,16,2026-06-01 16:59:34
ESP_NODE_01,13,44,2026-06-01 16:59:34
ESP_NODE_02,8,16,2026-06-01 16:59:34
ESP_NODE_04,21,8,2026-06-01 17:00:23
ESP_NODE_03,15,10,2026-06-01 17:00:40
ESP_NODE_01,10,28,2026-06-01 17:00:40
ESP_NODE_02,6,10,2026-06-01 17:00:40
ESP_NODE_04,8,6,2026-06-01 17:01:28
ESP_NODE_03,16,15,2026-06-01 17:01:46
ESP_NODE_01,11,42,2026-06-01 17:01:46
ESP_NODE_02,6,15,2026-06-01 17:01:46
ESP_NODE_04,6,6,2026-06-01 17:02:34
ESP_NODE_03,7,14,2026-06-01 17:02:52
ESP_NODE_01,5,39,2026-06-01 17:02:52
ESP_NODE_02,6,14,2026-06-01 17:02:52
ESP_NODE_04,11,7,2026-06-01 17:03:40
ESP_NODE_03,15,18,2026-06-01 17:03:58
ESP_NODE_01,10,49,2026-06-01 17:03:58
ESP_NODE_02,6,18,2026-06-01 17:03:58
ESP_NODE_04,7,7,2026-06-01 17:04:46
ESP_NODE_03,9,19,2026-06-01 17:05:04
ESP_NODE_01,6,53,2026-06-01 17:05:04
ESP_NODE_02,5,19,2026-06-01 17:05:04
ESP_NODE_04,0,6,2026-06-01 17:05:52
ESP_NODE_03,8,15,2026-06-01 17:06:10
ESP_NODE_01,5,42,2026-06-01 17:06:10
ESP_NODE_02,6,15,2026-06-01 17:06:10
ESP_NODE_04,11,2,2026-06-01 17:06:59
ESP_NODE_03,7,13,2026-06-01 17:07:16
ESP_NODE_01,5,35,2026-06-01 17:07:16
ESP_NODE_02,7,13,2026-06-01 17:07:16
ESP_NODE_04,12,5,2026-06-01 17:08:04
ESP_NODE_03,16,21,2026-06-01 17:08:22
ESP_NODE_01,11,56,2026-06-01 17:08:22
ESP_NODE_02,6,21,2026-06-01 17:08:22
ESP_NODE_03,8,16,2026-06-01 17:09:28
ESP_NODE_01,5,44,2026-06-01 17:09:28
ESP_NODE_02,8,16,2026-06-01 17:09:28
ESP_NODE_04,4,6,2026-06-01 17:10:17
ESP_NODE_03,6,15,2026-06-01 17:10:34
ESP_NODE_01,4,42,2026-06-01 17:10:34
ESP_NODE_02,5,15,2026-06-01 17:10:34
ESP_NODE_03,11,12,2026-06-01 17:11:40
ESP_NODE_01,7,32,2026-06-01 17:11:40
ESP_NODE_02,6,12,2026-06-01 17:11:40
ESP_NODE_03,12,9,2026-06-01 17:13:53
ESP_NODE_01,8,26,2026-06-01 17:13:53
ESP_NODE_02,8,9,2026-06-01 17:13:53
ESP_NODE_03,14,12,2026-06-01 17:14:59
ESP_NODE_01,9,34,2026-06-01 17:14:59
ESP_NODE_02,5,12,2026-06-01 17:14:59
ESP_NODE_04,16,7,2026-06-01 17:14:59
ESP_NODE_03,10,11,2026-06-01 17:16:05
ESP_NODE_01,6,30,2026-06-01 17:16:05
ESP_NODE_02,5,11,2026-06-01 17:16:05
ESP_NODE_03,14,13,2026-06-01 17:17:11
ESP_NODE_01,10,35,2026-06-01 17:17:11
ESP_NODE_02,5,13,2026-06-01 17:17:11
ESP_NODE_03,23,13,2026-06-01 17:18:17
ESP_NODE_01,15,36,2026-06-01 17:18:17
ESP_NODE_02,9,13,2026-06-01 17:18:17
ESP_NODE_03,8,7,2026-06-01 17:19:23
ESP_NODE_01,6,19,2026-06-01 17:19:23
ESP_NODE_02,6,9,2026-06-01 17:19:23
ESP_NODE_03,8,8,2026-06-01 17:20:29
ESP_NODE_01,5,23,2026-06-01 17:20:29
ESP_NODE_02,6,8,2026-06-01 17:20:29
ESP_NODE_03,17,10,2026-06-01 17:21:35
ESP_NODE_01,11,28,2026-06-01 17:21:35
ESP_NODE_02,7,10,2026-06-01 17:21:35
ESP_NODE_03,11,10,2026-06-01 17:22:40
ESP_NODE_01,7,27,2026-06-01 17:22:40
ESP_NODE_02,6,10,2026-06-01 17:22:40
ESP_NODE_03,12,13,2026-06-01 17:24:52
ESP_NODE_01,8,36,2026-06-01 17:24:52
ESP_NODE_02,5,13,2026-06-01 17:24:52
ESP_NODE_03,21,13,2026-06-01 17:25:58
ESP_NODE_01,14,36,2026-06-01 17:25:58
ESP_NODE_02,8,13,2026-06-01 17:25:58
ESP_NODE_03,12,12,2026-06-01 17:27:04
ESP_NODE_01,8,34,2026-06-01 17:27:04
ESP_NODE_02,7,12,2026-06-01 17:27:04
ESP_NODE_03,25,14,2026-06-01 17:28:10
ESP_NODE_01,17,38,2026-06-01 17:28:10
ESP_NODE_02,10,14,2026-06-01 17:28:10
ESP_NODE_03,21,13,2026-06-01 17:29:17
ESP_NODE_01,14,36,2026-06-01 17:29:17
ESP_NODE_02,8,13,2026-06-01 17:29:17
ESP_NODE_03,23,10,2026-06-01 17:30:22
ESP_NODE_01,15,28,2026-06-01 17:30:22
ESP_NODE_02,9,10,2026-06-01 17:30:22
ESP_NODE_03,22,17,2026-06-01 17:31:32
ESP_NODE_01,15,46,2026-06-01 17:31:32
ESP_NODE_02,9,17,2026-06-01 17:31:32
ESP_NODE_03,15,12,2026-06-01 17:32:38
ESP_NODE_01,10,32,2026-06-01 17:32:38
ESP_NODE_02,6,12,2026-06-01 17:32:38
ESP_NODE_03,15,9,2026-06-01 17:33:43
ESP_NODE_01,10,24,2026-06-01 17:33:43
ESP_NODE_02,6,9,2026-06-01 17:33:43
ESP_NODE_03,21,9,2026-06-01 17:34:49
ESP_NODE_01,14,24,2026-06-01 17:34:49
ESP_NODE_02,8,9,2026-06-01 17:34:49
ESP_NODE_03,7,12,2026-06-01 17:35:55
ESP_NODE_01,4,32,2026-06-01 17:35:55
ESP_NODE_02,6,12,2026-06-01 17:35:55
ESP_NODE_03,20,13,2026-06-01 17:37:01
ESP_NODE_01,14,35,2026-06-01 17:37:01
ESP_NODE_02,8,13,2026-06-01 17:37:01
ESP_NODE_03,18,9,2026-06-01 17:38:07
ESP_NODE_01,12,25,2026-06-01 17:38:07
ESP_NODE_02,7,9,2026-06-01 17:38:07
ESP_NODE_03,19,14,2026-06-01 17:39:13
ESP_NODE_01,13,38,2026-06-01 17:39:13
ESP_NODE_02,7,14,2026-06-01 17:39:13
ESP_NODE_03,21,13,2026-06-01 17:40:19
ESP_NODE_01,14,36,2026-06-01 17:40:19
ESP_NODE_02,8,13,2026-06-01 17:40:19
ESP_NODE_03,13,11,2026-06-01 17:41:25
ESP_NODE_01,9,32,2026-06-01 17:41:25
ESP_NODE_02,5,11,2026-06-01 17:41:25
ESP_NODE_03,23,12,2026-06-01 17:42:30
ESP_NODE_01,15,32,2026-06-01 17:42:30
ESP_NODE_02,9,12,2026-06-01 17:42:30
ESP_NODE_03,14,10,2026-06-01 17:43:36
ESP_NODE_01,9,28,2026-06-01 17:43:36
ESP_NODE_02,5,10,2026-06-01 17:43:36
ESP_NODE_03,20,10,2026-06-01 17:44:42
ESP_NODE_01,13,27,2026-06-01 17:44:42
ESP_NODE_02,8,10,2026-06-01 17:44:42
ESP_NODE_03,16,11,2026-06-01 17:45:49
ESP_NODE_01,11,30,2026-06-01 17:45:49
ESP_NODE_02,6,11,2026-06-01 17:45:49
ESP_NODE_03,13,7,2026-06-01 17:46:55
ESP_NODE_01,9,21,2026-06-01 17:46:55
ESP_NODE_02,5,11,2026-06-01 17:46:55
ESP_NODE_03,18,8,2026-06-01 17:48:02
ESP_NODE_01,12,23,2026-06-01 17:48:02
ESP_NODE_02,7,8,2026-06-01 17:48:02
ESP_NODE_03,16,4,2026-06-01 17:50:14
ESP_NODE_01,10,12,2026-06-01 17:50:14
ESP_NODE_02,6,8,2026-06-01 17:50:14
ESP_NODE_03,11,8,2026-06-01 17:51:20
ESP_NODE_01,7,23,2026-06-01 17:51:20
ESP_NODE_02,6,8,2026-06-01 17:51:20
ESP_NODE_03,15,8,2026-06-01 17:52:26
ESP_NODE_01,10,21,2026-06-01 17:52:26
ESP_NODE_02,6,8,2026-06-01 17:52:26
ESP_NODE_03,29,8,2026-06-01 17:53:32
ESP_NODE_01,19,22,2026-06-01 17:53:32
ESP_NODE_02,11,8,2026-06-01 17:53:32
ESP_NODE_03,14,8,2026-06-01 17:54:38
ESP_NODE_01,9,22,2026-06-01 17:54:38
ESP_NODE_02,5,8,2026-06-01 17:54:38
ESP_NODE_03,24,7,2026-06-01 17:55:44
ESP_NODE_01,16,18,2026-06-01 17:55:44
ESP_NODE_02,9,8,2026-06-01 17:55:44
ESP_NODE_03,17,11,2026-06-01 17:56:50
ESP_NODE_01,11,29,2026-06-01 17:56:50
ESP_NODE_02,7,11,2026-06-01 17:56:50
ESP_NODE_03,14,9,2026-06-01 17:57:56
ESP_NODE_01,10,25,2026-06-01 17:57:56
ESP_NODE_02,5,9,2026-06-01 17:57:56
ESP_NODE_03,9,8,2026-06-01 17:59:02
ESP_NODE_01,6,23,2026-06-01 17:59:02
ESP_NODE_02,5,8,2026-06-01 17:59:02
ESP_NODE_03,31,9,2026-06-01 18:00:08
ESP_NODE_01,21,25,2026-06-01 18:00:08
ESP_NODE_02,12,9,2026-06-01 18:00:08
ESP_NODE_03,16,10,2026-06-01 18:01:14
ESP_NODE_01,11,27,2026-06-01 18:01:14
ESP_NODE_02,6,10,2026-06-01 18:01:14
ESP_NODE_03,35,8,2026-06-01 18:02:20
ESP_NODE_01,23,23,2026-06-01 18:02:20
ESP_NODE_02,14,8,2026-06-01 18:02:20
ESP_NODE_03,24,10,2026-06-01 18:03:26
ESP_NODE_01,16,29,2026-06-01 18:03:26
ESP_NODE_02,9,10,2026-06-01 18:03:26
ESP_NODE_03,13,7,2026-06-01 18:04:32
ESP_NODE_01,8,21,2026-06-01 18:04:32
ESP_NODE_02,5,8,2026-06-01 18:04:32
ESP_NODE_03,21,7,2026-06-01 18:05:40
ESP_NODE_01,14,19,2026-06-01 18:05:40
ESP_NODE_02,8,9,2026-06-01 18:05:40
ESP_NODE_03,14,5,2026-06-01 18:06:46
ESP_NODE_01,9,14,2026-06-01 18:06:46
ESP_NODE_02,5,9,2026-06-01 18:06:46
ESP_NODE_03,12,3,2026-06-01 18:07:52
ESP_NODE_01,8,9,2026-06-01 18:07:52
ESP_NODE_02,5,11,2026-06-01 18:07:52
ESP_NODE_03,9,4,2026-06-01 18:08:58
ESP_NODE_01,6,11,2026-06-01 18:08:58
ESP_NODE_02,6,11,2026-06-01 18:08:58
ESP_NODE_03,8,6,2026-06-01 18:10:04
ESP_NODE_01,5,16,2026-06-01 18:10:04
ESP_NODE_02,8,11,2026-06-01 18:10:04
ESP_NODE_03,24,5,2026-06-01 18:11:10
ESP_NODE_01,16,14,2026-06-01 18:11:10
ESP_NODE_02,9,8,2026-06-01 18:11:10
ESP_NODE_03,21,3,2026-06-01 18:12:16
ESP_NODE_01,14,9,2026-06-01 18:12:16
ESP_NODE_02,8,11,2026-06-01 18:12:16
ESP_NODE_03,19,3,2026-06-01 18:13:22
ESP_NODE_01,13,9,2026-06-01 18:13:22
ESP_NODE_02,7,9,2026-06-01 18:13:22
ESP_NODE_03,21,5,2026-06-01 18:14:28
ESP_NODE_01,14,14,2026-06-01 18:14:28
ESP_NODE_02,8,8,2026-06-01 18:14:28
ESP_NODE_03,22,3,2026-06-01 18:15:34
ESP_NODE_01,15,9,2026-06-01 18:15:34
ESP_NODE_02,9,9,2026-06-01 18:15:34
ESP_NODE_03,17,6,2026-06-01 18:16:40
ESP_NODE_01,11,16,2026-06-01 18:16:40
ESP_NODE_02,7,8,2026-06-01 18:16:40
ESP_NODE_03,23,4,2026-06-01 18:17:46
ESP_NODE_01,15,11,2026-06-01 18:17:46
ESP_NODE_02,9,9,2026-06-01 18:17:46
ESP_NODE_03,21,4,2026-06-01 18:18:52
ESP_NODE_01,14,11,2026-06-01 18:18:52
ESP_NODE_02,8,9,2026-06-01 18:18:52
ESP_NODE_03,13,4,2026-06-01 18:19:58
ESP_NODE_01,9,12,2026-06-01 18:19:58
ESP_NODE_02,5,11,2026-06-01 18:19:58
ESP_NODE_03,16,5,2026-06-01 18:21:03
ESP_NODE_01,11,13,2026-06-01 18:21:03
ESP_NODE_02,6,12,2026-06-01 18:21:03
ESP_NODE_03,25,4,2026-06-01 18:22:09
ESP_NODE_01,16,11,2026-06-01 18:22:09
ESP_NODE_02,10,10,2026-06-01 18:22:09
ESP_NODE_03,12,3,2026-06-01 18:23:15
ESP_NODE_01,8,9,2026-06-01 18:23:15
ESP_NODE_02,6,12,2026-06-01 18:23:15
ESP_NODE_03,19,5,2026-06-01 18:24:21
ESP_NODE_01,13,14,2026-06-01 18:24:21
ESP_NODE_02,7,10,2026-06-01 18:24:21
ESP_NODE_03,16,1,2026-06-01 18:25:27
ESP_NODE_01,11,4,2026-06-01 18:25:27
ESP_NODE_02,6,12,2026-06-01 18:25:27
ESP_NODE_03,9,1,2026-06-01 18:26:33
ESP_NODE_01,6,4,2026-06-01 18:26:33
ESP_NODE_02,7,9,2026-06-01 18:26:33
ESP_NODE_03,14,4,2026-06-01 18:27:39
ESP_NODE_01,9,11,2026-06-01 18:27:39
ESP_NODE_02,5,11,2026-06-01 18:27:39
ESP_NODE_03,9,4,2026-06-01 18:28:45
ESP_NODE_01,6,12,2026-06-01 18:28:45
ESP_NODE_02,8,12,2026-06-01 18:28:45
ESP_NODE_03,11,5,2026-06-01 18:29:51
ESP_NODE_01,7,14,2026-06-01 18:29:51
ESP_NODE_02,6,8,2026-06-01 18:29:51
ESP_NODE_03,17,5,2026-06-01 18:30:57
ESP_NODE_01,11,14,2026-06-01 18:30:57
ESP_NODE_02,6,10,2026-06-01 18:30:57
ESP_NODE_03,19,6,2026-06-01 18:32:03
ESP_NODE_01,13,16,2026-06-01 18:32:03
ESP_NODE_02,7,12,2026-06-01 18:32:03
ESP_NODE_03,22,5,2026-06-01 18:33:10
ESP_NODE_01,15,14,2026-06-01 18:33:10
ESP_NODE_02,9,9,2026-06-01 18:33:10
ESP_NODE_03,25,7,2026-06-01 18:34:15
ESP_NODE_01,16,20,2026-06-01 18:34:15
ESP_NODE_02,10,10,2026-06-01 18:34:15
ESP_NODE_03,10,4,2026-06-01 18:35:21
ESP_NODE_01,6,12,2026-06-01 18:35:21
ESP_NODE_02,7,11,2026-06-01 18:35:21
ESP_NODE_03,10,6,2026-06-01 18:36:27
ESP_NODE_01,7,16,2026-06-01 18:36:27
ESP_NODE_02,6,10,2026-06-01 18:36:27
ESP_NODE_03,18,7,2026-06-01 18:37:33
ESP_NODE_01,12,19,2026-06-01 18:37:33
ESP_NODE_02,7,11,2026-06-01 18:37:33
ESP_NODE_03,10,3,2026-06-01 18:38:39
ESP_NODE_01,6,9,2026-06-01 18:38:39
ESP_NODE_02,6,9,2026-06-01 18:38:39
ESP_NODE_03,17,1,2026-06-01 18:39:45
ESP_NODE_01,11,4,2026-06-01 18:39:45
ESP_NODE_02,7,8,2026-06-01 18:39:45
ESP_NODE_03,18,3,2026-06-01 18:40:51
ESP_NODE_01,12,9,2026-06-01 18:40:51
ESP_NODE_02,7,11,2026-06-01 18:40:51
ESP_NODE_03,21,2,2026-06-01 18:41:57
ESP_NODE_01,14,7,2026-06-01 18:41:57
ESP_NODE_02,8,11,2026-06-01 18:41:57
ESP_NODE_03,18,2,2026-06-01 18:43:04
ESP_NODE_01,12,6,2026-06-01 18:43:04
ESP_NODE_02,7,11,2026-06-01 18:43:04
ESP_NODE_03,26,2,2026-06-01 18:44:09
ESP_NODE_01,17,7,2026-06-01 18:44:09
ESP_NODE_02,10,10,2026-06-01 18:44:09
ESP_NODE_03,14,1,2026-06-01 18:45:15
ESP_NODE_01,9,4,2026-06-01 18:45:15
ESP_NODE_02,5,8,2026-06-01 18:45:15
ESP_NODE_03,13,0,2026-06-01 18:46:21
ESP_NODE_01,8,2,2026-06-01 18:46:21
ESP_NODE_02,5,11,2026-06-01 18:46:21
ESP_NODE_03,13,2,2026-06-01 18:47:28
ESP_NODE_01,9,7,2026-06-01 18:47:28
ESP_NODE_02,5,10,2026-06-01 18:47:28
ESP_NODE_03,12,1,2026-06-01 18:48:33
ESP_NODE_01,8,4,2026-06-01 18:48:33
ESP_NODE_02,5,8,2026-06-01 18:48:33
ESP_NODE_03,17,1,2026-06-01 18:49:39
ESP_NODE_01,11,5,2026-06-01 18:49:39
ESP_NODE_02,7,12,2026-06-01 18:49:39
ESP_NODE_03,13,1,2026-06-01 18:50:45
ESP_NODE_01,8,5,2026-06-01 18:50:45
ESP_NODE_02,5,9,2026-06-01 18:50:45
ESP_NODE_03,9,0,2026-06-01 18:51:51
ESP_NODE_01,6,2,2026-06-01 18:51:51
ESP_NODE_02,7,10,2026-06-01 18:51:51
ESP_NODE_03,31,1,2026-06-01 18:52:57
ESP_NODE_01,21,4,2026-06-01 18:52:57
ESP_NODE_02,12,10,2026-06-01 18:52:57
ESP_NODE_03,9,0,2026-06-01 18:54:03
ESP_NODE_01,6,2,2026-06-01 18:54:03
ESP_NODE_02,8,8,2026-06-01 18:54:03
ESP_NODE_03,13,2,2026-06-01 18:55:08
ESP_NODE_01,8,7,2026-06-01 18:55:08
ESP_NODE_02,5,8,2026-06-01 18:55:08
ESP_NODE_03,10,2,2026-06-01 18:56:14
ESP_NODE_01,7,7,2026-06-01 18:56:14
ESP_NODE_02,5,8,2026-06-01 18:56:14
ESP_NODE_03,5,2,2026-06-01 18:57:20
ESP_NODE_01,3,6,2026-06-01 18:57:20
ESP_NODE_02,7,8,2026-06-01 18:57:20
ESP_NODE_03,11,1,2026-06-01 18:58:26
ESP_NODE_01,8,4,2026-06-01 18:58:26
ESP_NODE_02,8,10,2026-06-01 18:58:26
ESP_NODE_03,16,3,2026-06-01 18:59:32
ESP_NODE_01,11,9,2026-06-01 18:59:32
ESP_NODE_02,6,10,2026-06-01 18:59:32
ESP_NODE_03,12,2,2026-06-01 19:00:37
ESP_NODE_01,8,7,2026-06-01 19:00:37
ESP_NODE_02,5,2,2026-06-01 19:00:37
ESP_NODE_03,10,0,2026-06-01 19:01:43
ESP_NODE_01,7,2,2026-06-01 19:01:43
ESP_NODE_02,4,0,2026-06-01 19:01:43
ESP_NODE_03,7,1,2026-06-01 19:02:49
ESP_NODE_01,5,4,2026-06-01 19:02:49
ESP_NODE_02,3,1,2026-06-01 19:02:49
ESP_NODE_03,8,0,2026-06-01 19:03:55
ESP_NODE_01,5,2,2026-06-01 19:03:55
ESP_NODE_02,3,0,2026-06-01 19:03:55
ESP_NODE_03,4,2,2026-06-01 19:05:01
ESP_NODE_01,2,6,2026-06-01 19:05:01
ESP_NODE_02,1,2,2026-06-01 19:05:01
ESP_NODE_03,10,0,2026-06-01 19:06:07
ESP_NODE_01,6,2,2026-06-01 19:06:07
ESP_NODE_02,4,0,2026-06-01 19:06:07
ESP_NODE_03,6,0,2026-06-01 19:07:13
ESP_NODE_01,4,2,2026-06-01 19:07:13
ESP_NODE_02,2,0,2026-06-01 19:07:13
ESP_NODE_03,10,1,2026-06-01 19:08:19
ESP_NODE_01,7,4,2026-06-01 19:08:19
ESP_NODE_02,4,1,2026-06-01 19:08:19
ESP_NODE_03,15,0,2026-06-01 19:09:25
ESP_NODE_01,10,2,2026-06-01 19:09:25
ESP_NODE_02,6,0,2026-06-01 19:09:25
ESP_NODE_03,3,0,2026-06-01 19:10:30
ESP_NODE_01,2,0,2026-06-01 19:10:30
ESP_NODE_02,1,0,2026-06-01 19:10:30
ESP_NODE_03,6,0,2026-06-01 19:11:36
ESP_NODE_01,4,0,2026-06-01 19:11:36
ESP_NODE_02,2,0,2026-06-01 19:11:36
ESP_NODE_03,8,1,2026-06-01 19:12:43
ESP_NODE_01,5,4,2026-06-01 19:12:43
ESP_NODE_02,3,1,2026-06-01 19:12:43
ESP_NODE_03,4,0,2026-06-01 19:13:48
ESP_NODE_01,2,0,2026-06-01 19:13:48
ESP_NODE_02,1,0,2026-06-01 19:13:48
ESP_NODE_03,1,0,2026-06-01 19:14:54
ESP_NODE_01,1,0,2026-06-01 19:14:54
ESP_NODE_02,0,0,2026-06-01 19:14:54
ESP_NODE_03,2,0,2026-06-01 19:17:06
ESP_NODE_01,1,2,2026-06-01 19:17:06
ESP_NODE_02,1,0,2026-06-01 19:17:06
ESP_NODE_03,4,0,2026-06-01 19:18:12
ESP_NODE_01,3,0,2026-06-01 19:18:12
ESP_NODE_02,1,0,2026-06-01 19:18:12
ESP_NODE_04,0,4,2026-06-02 00:11:10
ESP_NODE_04,1,3,2026-06-02 00:13:22
ESP_NODE_04,0,4,2026-06-02 00:14:28
ESP_NODE_04,0,0,2026-06-02 00:16:40
ESP_NODE_04,7,4,2026-06-02 00:17:46
ESP_NODE_04,0,1,2026-06-02 00:19:58
ESP_NODE_04,0,2,2026-06-02 00:21:04
ESP_NODE_04,0,1,2026-06-02 00:22:10
ESP_NODE_04,0,0,2026-06-02 00:23:16
ESP_NODE_04,0,2,2026-06-02 00:24:22
ESP_NODE_04,0,3,2026-06-02 00:25:29
ESP_NODE_04,0,5,2026-06-02 00:26:35
ESP_NODE_04,2,3,2026-06-02 00:27:41
ESP_NODE_04,0,9,2026-06-02 00:28:47
ESP_NODE_04,3,11,2026-06-02 00:29:53
ESP_NODE_04,1,3,2026-06-02 00:30:59
ESP_NODE_04,0,1,2026-06-02 00:32:05
ESP_NODE_04,6,4,2026-06-02 00:34:17
ESP_NODE_04,2,4,2026-06-02 00:35:24
ESP_NODE_04,0,3,2026-06-02 00:36:30
ESP_NODE_04,0,3,2026-06-02 00:37:36
ESP_NODE_04,1,2,2026-06-02 00:38:42
ESP_NODE_04,0,3,2026-06-02 00:41:04
ESP_NODE_04,0,1,2026-06-02 00:42:10
ESP_NODE_04,0,2,2026-06-02 00:43:16
ESP_NODE_04,0,2,2026-06-02 00:44:22
ESP_NODE_04,0,1,2026-06-02 00:45:28
ESP_NODE_04,0,3,2026-06-02 00:47:49
ESP_NODE_04,0,3,2026-06-02 00:48:55
ESP_NODE_04,4,4,2026-06-02 00:50:01
ESP_NODE_04,3,7,2026-06-02 00:51:07
ESP_NODE_04,2,6,2026-06-02 00:52:13
ESP_NODE_04,0,7,2026-06-02 00:53:19
ESP_NODE_04,1,8,2026-06-02 00:55:40
ESP_NODE_04,0,11,2026-06-02 00:56:47
ESP_NODE_04,0,11,2026-06-02 00:57:53
ESP_NODE_04,1,9,2026-06-02 00:58:59
ESP_NODE_04,1,6,2026-06-02 01:00:05
ESP_NODE_04,0,7,2026-06-02 01:01:11
ESP_NODE_04,0,5,2026-06-02 01:02:17
ESP_NODE_04,0,6,2026-06-02 01:03:23
ESP_NODE_04,1,6,2026-06-02 01:04:29
ESP_NODE_04,2,3,2026-06-02 01:05:35
ESP_NODE_04,4,4,2026-06-02 01:07:47
ESP_NODE_04,6,7,2026-06-02 01:08:53
ESP_NODE_04,0,2,2026-06-02 01:11:06
ESP_NODE_04,0,4,2026-06-02 01:12:12
ESP_NODE_04,0,1,2026-06-02 01:13:18
ESP_NODE_04,0,1,2026-06-02 01:14:24
ESP_NODE_04,0,1,2026-06-02 01:16:37
ESP_NODE_04,0,2,2026-06-02 01:17:43
ESP_NODE_04,0,2,2026-06-02 01:18:49
ESP_NODE_04,0,1,2026-06-02 01:19:55
ESP_NODE_04,0,1,2026-06-02 01:21:01
ESP_NODE_04,0,1,2026-06-02 01:23:13
ESP_NODE_04,0,1,2026-06-02 01:24:19
ESP_NODE_04,0,0,2026-06-02 01:25:25
ESP_NODE_04,0,1,2026-06-02 01:26:32
ESP_NODE_04,0,2,2026-06-02 01:27:38
ESP_NODE_04,2,2,2026-06-02 01:28:59
ESP_NODE_04,4,1,2026-06-02 01:30:06
ESP_NODE_04,0,1,2026-06-02 01:31:12
ESP_NODE_04,0,1,2026-06-02 01:32:19
ESP_NODE_04,0,2,2026-06-02 01:33:25
ESP_NODE_04,0,2,2026-06-02 01:34:31
ESP_NODE_04,0,1,2026-06-02 01:35:37
ESP_NODE_04,0,3,2026-06-02 01:36:43
ESP_NODE_04,0,1,2026-06-02 01:37:49
ESP_NODE_04,0,3,2026-06-02 01:38:55
ESP_NODE_04,0,2,2026-06-02 01:40:02
ESP_NODE_04,0,3,2026-06-02 01:41:08
ESP_NODE_04,0,1,2026-06-02 01:43:29
ESP_NODE_04,0,1,2026-06-02 01:44:35
ESP_NODE_04,0,2,2026-06-02 01:45:41
ESP_NODE_04,0,2,2026-06-02 01:46:47
ESP_NODE_04,0,1,2026-06-02 01:47:53
ESP_NODE_04,0,3,2026-06-02 01:48:59
ESP_NODE_04,0,1,2026-06-02 01:50:05
ESP_NODE_04,0,2,2026-06-02 01:51:12
ESP_NODE_04,0,1,2026-06-02 01:52:18
ESP_NODE_04,0,1,2026-06-02 01:53:24
ESP_NODE_04,2,1,2026-06-02 01:54:30
ESP_NODE_04,0,2,2026-06-02 01:55:36
ESP_NODE_04,1,1,2026-06-02 01:56:42
ESP_NODE_04,0,1,2026-06-02 01:57:48
ESP_NODE_04,0,2,2026-06-02 01:58:55
ESP_NODE_04,0,1,2026-06-02 02:00:01
ESP_NODE_04,0,1,2026-06-02 02:01:07
ESP_NODE_04,0,1,2026-06-02 02:02:13
ESP_NODE_04,0,2,2026-06-02 02:03:19
ESP_NODE_04,0,1,2026-06-02 02:04:25
ESP_NODE_04,0,2,2026-06-02 02:05:31
ESP_NODE_04,0,3,2026-06-02 02:06:37
ESP_NODE_04,0,1,2026-06-02 02:08:50
ESP_NODE_04,1,1,2026-06-02 02:09:56
ESP_NODE_04,2,2,2026-06-02 02:11:02
ESP_NODE_04,2,1,2026-06-02 02:12:08
ESP_NODE_04,1,2,2026-06-02 02:14:20
ESP_NODE_04,0,1,2026-06-02 02:15:26
ESP_NODE_04,0,1,2026-06-02 02:16:32
ESP_NODE_04,3,0,2026-06-02 02:17:38
ESP_NODE_04,3,1,2026-06-02 02:18:44
ESP_NODE_04,0,1,2026-06-02 02:20:57
ESP_NODE_04,0,1,2026-06-02 02:22:02
ESP_NODE_04,1,2,2026-06-02 02:23:08
ESP_NODE_04,0,1,2026-06-02 02:24:15
ESP_NODE_04,0,2,2026-06-02 02:25:21
ESP_NODE_04,0,0,2026-06-02 02:26:40
ESP_NODE_04,0,1,2026-06-02 02:27:47
ESP_NODE_04,0,1,2026-06-02 02:28:53
ESP_NODE_04,0,1,2026-06-02 02:29:59
ESP_NODE_04,1,1,2026-06-02 02:31:05
ESP_NODE_04,0,0,2026-06-02 02:32:11
ESP_NODE_04,0,1,2026-06-02 02:33:17
ESP_NODE_04,0,0,2026-06-02 02:34:23
ESP_NODE_04,0,0,2026-06-02 02:35:29
ESP_NODE_04,0,0,2026-06-02 02:36:35
ESP_NODE_04,0,1,2026-06-02 02:37:41
ESP_NODE_04,0,0,2026-06-02 02:38:46
ESP_NODE_04,2,0,2026-06-02 02:39:53
ESP_NODE_04,4,0,2026-06-02 02:40:59
ESP_NODE_04,0,0,2026-06-02 02:43:20
ESP_NODE_04,0,1,2026-06-02 02:44:26
ESP_NODE_04,0,0,2026-06-02 02:46:47
ESP_NODE_04,3,0,2026-06-02 02:48:59
ESP_NODE_04,0,0,2026-06-02 02:50:05
ESP_NODE_04,2,1,2026-06-02 02:51:11
ESP_NODE_04,0,1,2026-06-02 02:52:17
ESP_NODE_04,0,0,2026-06-02 02:53:24
ESP_NODE_04,0,1,2026-06-02 02:54:30
ESP_NODE_04,0,0,2026-06-02 02:55:35
ESP_NODE_04,0,0,2026-06-02 02:56:41
ESP_NODE_04,0,1,2026-06-02 02:57:48
ESP_NODE_04,0,0,2026-06-02 02:58:54
ESP_NODE_04,0,1,2026-06-02 03:00:00
ESP_NODE_04,0,0,2026-06-02 03:01:06
ESP_NODE_04,0,0,2026-06-02 03:02:12
ESP_NODE_04,0,0,2026-06-02 03:03:18
ESP_NODE_04,2,0,2026-06-02 03:04:24
ESP_NODE_04,0,0,2026-06-02 03:05:30
ESP_NODE_04,0,0,2026-06-02 03:06:37
ESP_NODE_04,0,0,2026-06-02 03:07:42
ESP_NODE_04,0,0,2026-06-02 03:08:48
ESP_NODE_04,0,1,2026-06-02 03:09:55
ESP_NODE_04,0,0,2026-06-02 03:11:01
ESP_NODE_04,0,1,2026-06-02 03:12:07
ESP_NODE_04,0,1,2026-06-02 03:13:13
ESP_NODE_04,0,0,2026-06-02 03:15:25
ESP_NODE_04,0,0,2026-06-02 03:16:31
ESP_NODE_04,0,1,2026-06-02 03:18:52
ESP_NODE_04,0,1,2026-06-02 03:19:58
ESP_NODE_04,0,1,2026-06-02 03:21:04
ESP_NODE_04,0,2,2026-06-02 03:23:17
ESP_NODE_04,0,1,2026-06-02 03:24:23
ESP_NODE_04,0,3,2026-06-02 03:25:29
ESP_NODE_04,0,2,2026-06-02 03:26:35
ESP_NODE_04,0,3,2026-06-02 03:27:41
ESP_NODE_04,0,2,2026-06-02 03:28:47
ESP_NODE_04,2,2,2026-06-02 03:29:53
ESP_NODE_04,0,2,2026-06-02 03:32:05
ESP_NODE_04,0,3,2026-06-02 03:33:11
ESP_NODE_04,0,1,2026-06-02 03:34:17
ESP_NODE_04,0,2,2026-06-02 03:35:23
ESP_NODE_04,0,3,2026-06-02 03:36:29
ESP_NODE_04,0,3,2026-06-02 03:37:35
ESP_NODE_04,0,2,2026-06-02 03:38:41
ESP_NODE_04,0,1,2026-06-02 03:39:47
ESP_NODE_04,0,2,2026-06-02 03:40:53
ESP_NODE_04,0,0,2026-06-02 03:41:59
ESP_NODE_04,0,1,2026-06-02 03:43:05
ESP_NODE_04,0,0,2026-06-02 03:44:12
ESP_NODE_04,0,0,2026-06-02 03:45:18
ESP_NODE_04,0,0,2026-06-02 03:46:24
ESP_NODE_04,0,0,2026-06-02 03:47:29
ESP_NODE_04,0,0,2026-06-02 03:48:36
ESP_NODE_04,0,0,2026-06-02 03:50:48
ESP_NODE_04,0,0,2026-06-02 03:53:09
ESP_NODE_04,0,0,2026-06-02 03:54:16
ESP_NODE_04,0,0,2026-06-02 03:55:22
ESP_NODE_04,0,0,2026-06-02 03:56:28
ESP_NODE_04,0,0,2026-06-02 03:57:34
ESP_NODE_04,0,0,2026-06-02 03:58:40
ESP_NODE_04,0,0,2026-06-02 04:01:01
ESP_NODE_04,0,0,2026-06-02 04:02:07
ESP_NODE_04,0,0,2026-06-02 04:03:13
ESP_NODE_04,0,0,2026-06-02 04:04:19
ESP_NODE_04,0,0,2026-06-02 04:05:25
ESP_NODE_04,0,0,2026-06-02 04:06:31
ESP_NODE_04,0,0,2026-06-02 04:07:37
ESP_NODE_04,0,0,2026-06-02 04:08:44
ESP_NODE_04,0,0,2026-06-02 04:09:50
ESP_NODE_04,0,0,2026-06-02 04:10:56
ESP_NODE_04,0,0,2026-06-02 04:12:02
ESP_NODE_04,0,0,2026-06-02 04:13:08
ESP_NODE_04,0,0,2026-06-02 04:15:20
ESP_NODE_04,0,0,2026-06-02 04:16:25
ESP_NODE_04,0,0,2026-06-02 04:17:31
ESP_NODE_04,0,0,2026-06-02 04:18:37
ESP_NODE_04,0,0,2026-06-02 04:22:13
ESP_NODE_04,0,0,2026-06-02 04:23:20
ESP_NODE_04,0,0,2026-06-02 04:24:26
ESP_NODE_04,0,0,2026-06-02 04:25:32
ESP_NODE_04,0,0,2026-06-02 04:26:38
ESP_NODE_04,0,0,2026-06-02 04:27:44
ESP_NODE_04,0,0,2026-06-02 04:28:51
ESP_NODE_04,0,0,2026-06-02 04:29:57
ESP_NODE_04,0,0,2026-06-02 04:31:03
ESP_NODE_04,0,0,2026-06-02 04:32:10
ESP_NODE_04,0,0,2026-06-02 04:33:16
ESP_NODE_04,0,0,2026-06-02 04:35:28
ESP_NODE_04,0,0,2026-06-02 04:36:34
ESP_NODE_04,0,0,2026-06-02 04:37:40
ESP_NODE_04,0,0,2026-06-02 04:38:46
ESP_NODE_04,0,0,2026-06-02 04:39:52
ESP_NODE_04,0,0,2026-06-02 04:40:59
ESP_NODE_04,0,0,2026-06-02 04:42:05
ESP_NODE_04,0,0,2026-06-02 04:44:26
ESP_NODE_04,0,0,2026-06-02 04:45:32
ESP_NODE_04,0,0,2026-06-02 04:47:45
ESP_NODE_04,0,0,2026-06-02 04:48:51
ESP_NODE_04,0,0,2026-06-02 04:49:57
ESP_NODE_04,0,0,2026-06-02 04:51:03
ESP_NODE_04,0,0,2026-06-02 04:54:31
ESP_NODE_04,0,0,2026-06-02 04:55:37
ESP_NODE_04,0,0,2026-06-02 04:56:43
ESP_NODE_04,0,0,2026-06-02 04:57:49
ESP_NODE_04,0,0,2026-06-02 04:58:55
ESP_NODE_04,0,0,2026-06-02 05:00:02
ESP_NODE_04,0,0,2026-06-02 05:01:07
ESP_NODE_04,0,0,2026-06-02 05:03:20
ESP_NODE_04,0,0,2026-06-02 05:04:26
ESP_NODE_04,0,0,2026-06-02 05:05:32
ESP_NODE_04,0,0,2026-06-02 05:06:38
ESP_NODE_04,0,0,2026-06-02 05:07:44
ESP_NODE_04,0,0,2026-06-02 05:08:50
ESP_NODE_04,0,0,2026-06-02 05:09:56
ESP_NODE_04,0,0,2026-06-02 05:11:02
ESP_NODE_04,0,0,2026-06-02 05:12:08
ESP_NODE_04,0,0,2026-06-02 05:13:14
ESP_NODE_04,0,0,2026-06-02 05:14:21
ESP_NODE_04,0,0,2026-06-02 05:15:27
ESP_NODE_04,0,0,2026-06-02 05:16:33
ESP_NODE_04,0,0,2026-06-02 05:17:52
ESP_NODE_04,0,0,2026-06-02 05:18:58
ESP_NODE_04,0,0,2026-06-02 05:22:25
ESP_NODE_04,0,0,2026-06-02 05:23:31
ESP_NODE_04,0,0,2026-06-02 05:24:37
ESP_NODE_04,0,0,2026-06-02 05:25:43
ESP_NODE_04,0,0,2026-06-02 05:26:50
ESP_NODE_04,0,0,2026-06-02 05:27:56
ESP_NODE_04,0,0,2026-06-02 05:29:02
ESP_NODE_04,0,0,2026-06-02 05:30:08
ESP_NODE_04,0,0,2026-06-02 05:31:14
ESP_NODE_04,0,0,2026-06-02 05:32:20
ESP_NODE_04,0,0,2026-06-02 05:34:41
ESP_NODE_04,0,0,2026-06-02 05:35:48
ESP_NODE_04,0,0,2026-06-02 05:36:54
ESP_NODE_04,0,0,2026-06-02 05:38:00
ESP_NODE_04,0,0,2026-06-02 05:55:22
ESP_NODE_04,0,0,2026-06-02 05:57:44
ESP_NODE_04,0,0,2026-06-02 05:58:50
ESP_NODE_04,0,0,2026-06-02 06:02:31
ESP_NODE_04,0,0,2026-06-02 06:04:57
ESP_NODE_04,0,0,2026-06-02 06:06:08
ESP_NODE_04,0,0,2026-06-02 06:08:29
ESP_NODE_04,0,0,2026-06-02 06:10:41
ESP_NODE_04,0,0,2026-06-02 06:11:47
ESP_NODE_04,0,0,2026-06-02 06:17:45
ESP_NODE_04,0,0,2026-06-02 06:18:51
ESP_NODE_04,0,0,2026-06-02 06:19:57
ESP_NODE_04,2,0,2026-06-02 06:22:18
ESP_NODE_04,0,0,2026-06-02 06:24:39
ESP_NODE_04,0,0,2026-06-02 06:25:45
ESP_NODE_04,0,0,2026-06-02 06:26:51
ESP_NODE_04,0,0,2026-06-02 06:27:58
ESP_NODE_04,0,0,2026-06-02 06:29:04
ESP_NODE_04,0,0,2026-06-02 06:30:10
ESP_NODE_04,0,0,2026-06-02 06:31:16
ESP_NODE_04,0,0,2026-06-02 06:32:23
ESP_NODE_04,0,0,2026-06-02 06:35:59
ESP_NODE_04,0,0,2026-06-02 06:37:05
ESP_NODE_04,0,0,2026-06-02 06:43:11
ESP_NODE_04,0,0,2026-06-02 06:44:17
ESP_NODE_04,0,2,2026-06-02 06:45:24
ESP_NODE_04,0,0,2026-06-02 06:47:45
ESP_NODE_04,0,0,2026-06-02 06:48:51
ESP_NODE_04,0,0,2026-06-02 06:49:57
ESP_NODE_04,0,0,2026-06-02 06:51:03
ESP_NODE_04,0,0,2026-06-02 06:53:25
ESP_NODE_04,0,0,2026-06-02 06:55:46
ESP_NODE_04,0,0,2026-06-02 06:56:53
ESP_NODE_04,0,0,2026-06-02 07:00:29
ESP_NODE_04,0,1,2026-06-02 07:01:36
ESP_NODE_04,0,0,2026-06-02 07:02:44
ESP_NODE_04,0,0,2026-06-02 07:06:20
ESP_NODE_04,0,0,2026-06-02 07:08:42
ESP_NODE_04,0,0,2026-06-02 07:09:48
ESP_NODE_04,0,1,2026-06-02 07:10:54
ESP_NODE_04,8,2,2026-06-02 07:13:15
ESP_NODE_04,0,3,2026-06-02 07:14:22
ESP_NODE_04,0,3,2026-06-02 07:15:28
ESP_NODE_04,1,0,2026-06-02 07:16:34
ESP_NODE_04,12,1,2026-06-02 07:17:40
ESP_NODE_04,16,2,2026-06-02 07:18:46
ESP_NODE_04,2,3,2026-06-02 07:19:52
ESP_NODE_04,0,3,2026-06-02 07:20:58
ESP_NODE_04,0,2,2026-06-02 07:22:05
ESP_NODE_04,1,1,2026-06-02 07:23:11
ESP_NODE_04,3,2,2026-06-02 07:30:44
ESP_NODE_04,0,0,2026-06-02 07:44:21
ESP_NODE_04,3,4,2026-06-02 07:45:28
ESP_NODE_04,0,3,2026-06-02 07:46:34
ESP_NODE_04,0,3,2026-06-02 07:47:40
ESP_NODE_04,3,4,2026-06-02 07:50:01
ESP_NODE_04,0,1,2026-06-02 07:51:08
ESP_NODE_04,0,2,2026-06-02 07:52:13
ESP_NODE_04,1,1,2026-06-02 07:53:20
ESP_NODE_04,3,2,2026-06-02 07:54:26
ESP_NODE_04,0,2,2026-06-02 07:55:32
ESP_NODE_04,1,1,2026-06-02 07:56:38
ESP_NODE_04,3,1,2026-06-02 07:58:59
ESP_NODE_04,1,0,2026-06-02 08:01:20
ESP_NODE_04,0,0,2026-06-02 08:04:47
ESP_NODE_04,6,2,2026-06-02 08:05:53
ESP_NODE_04,3,3,2026-06-02 08:09:29
ESP_NODE_04,1,3,2026-06-02 08:10:36
ESP_NODE_04,1,2,2026-06-02 08:11:42
ESP_NODE_04,4,1,2026-06-02 08:15:18
ESP_NODE_04,0,0,2026-06-02 08:16:24
ESP_NODE_04,5,2,2026-06-02 08:20:00
ESP_NODE_04,1,2,2026-06-02 08:21:06
ESP_NODE_04,3,1,2026-06-02 08:22:12
ESP_NODE_04,0,2,2026-06-02 08:25:48
ESP_NODE_04,0,3,2026-06-02 08:28:09
ESP_NODE_04,3,2,2026-06-02 08:29:15
ESP_NODE_04,1,2,2026-06-02 08:30:21
ESP_NODE_04,3,0,2026-06-02 08:31:27
ESP_NODE_04,1,4,2026-06-02 08:32:33
ESP_NODE_04,5,3,2026-06-02 08:33:39
ESP_NODE_04,0,4,2026-06-02 08:36:00
ESP_NODE_04,3,4,2026-06-02 08:37:07
ESP_NODE_04,3,3,2026-06-02 08:38:13
ESP_NODE_04,9,3,2026-06-02 08:39:19
ESP_NODE_04,4,4,2026-06-02 08:41:41
ESP_NODE_04,0,1,2026-06-02 08:42:47
ESP_NODE_04,5,4,2026-06-02 08:43:53
ESP_NODE_04,1,2,2026-06-02 08:46:14
ESP_NODE_04,16,1,2026-06-02 08:47:20
ESP_NODE_04,0,3,2026-06-02 08:48:26
ESP_NODE_04,2,1,2026-06-02 08:50:47
ESP_NODE_04,2,4,2026-06-02 08:53:08
ESP_NODE_04,2,1,2026-06-02 08:54:14
ESP_NODE_04,7,1,2026-06-02 08:55:21
ESP_NODE_04,1,2,2026-06-02 08:56:26
ESP_NODE_04,4,1,2026-06-02 08:57:33
ESP_NODE_04,2,1,2026-06-02 08:58:39
ESP_NODE_04,0,0,2026-06-02 08:59:45
ESP_NODE_04,22,0,2026-06-02 09:00:52
ESP_NODE_04,1,0,2026-06-02 09:03:13
ESP_NODE_04,0,3,2026-06-02 09:08:08
ESP_NODE_04,2,8,2026-06-02 09:09:16
ESP_NODE_04,1,3,2026-06-02 09:10:21
ESP_NODE_04,0,3,2026-06-02 09:11:28
ESP_NODE_04,0,1,2026-06-02 09:13:40
ESP_NODE_04,0,2,2026-06-02 09:14:46
ESP_NODE_04,2,6,2026-06-02 09:15:52
ESP_NODE_04,0,6,2026-06-02 09:16:58
ESP_NODE_04,1,3,2026-06-02 09:19:20
ESP_NODE_04,3,1,2026-06-02 09:20:26
ESP_NODE_04,0,3,2026-06-02 09:21:32
ESP_NODE_04,3,6,2026-06-02 09:26:23
ESP_NODE_03,0,0,2026-06-02 09:26:48
ESP_NODE_01,0,0,2026-06-02 09:26:48
ESP_NODE_02,7,8,2026-06-02 09:26:48
ESP_NODE_03,1,1,2026-06-02 09:27:55
ESP_NODE_01,1,4,2026-06-02 09:27:55
ESP_NODE_02,5,11,2026-06-02 09:27:55
ESP_NODE_04,2,5,2026-06-02 09:28:45
ESP_NODE_03,3,0,2026-06-02 09:29:01
ESP_NODE_01,2,2,2026-06-02 09:29:01
ESP_NODE_02,5,10,2026-06-02 09:29:01
ESP_NODE_04,0,5,2026-06-02 09:29:52
ESP_NODE_03,0,0,2026-06-02 09:30:07
ESP_NODE_01,0,2,2026-06-02 09:30:07
ESP_NODE_02,7,10,2026-06-02 09:30:07
ESP_NODE_03,0,0,2026-06-02 09:31:13
ESP_NODE_01,0,2,2026-06-02 09:31:13
ESP_NODE_02,6,11,2026-06-02 09:31:13
ESP_NODE_04,22,11,2026-06-02 09:32:13
ESP_NODE_03,1,0,2026-06-02 09:32:19
ESP_NODE_01,1,2,2026-06-02 09:32:19
ESP_NODE_02,6,12,2026-06-02 09:32:19
ESP_NODE_04,11,5,2026-06-02 09:33:19
ESP_NODE_03,1,0,2026-06-02 09:33:25
ESP_NODE_01,1,2,2026-06-02 09:33:25
ESP_NODE_02,7,8,2026-06-02 09:33:25
ESP_NODE_04,0,4,2026-06-02 09:34:25
ESP_NODE_03,4,0,2026-06-02 09:34:31
ESP_NODE_01,3,2,2026-06-02 09:34:31
ESP_NODE_02,5,9,2026-06-02 09:34:31
ESP_NODE_03,1,0,2026-06-02 09:35:37
ESP_NODE_01,1,2,2026-06-02 09:35:37
ESP_NODE_02,6,8,2026-06-02 09:35:37
ESP_NODE_03,4,0,2026-06-02 09:36:43
ESP_NODE_01,3,2,2026-06-02 09:36:43
ESP_NODE_02,5,11,2026-06-02 09:36:43
ESP_NODE_04,2,5,2026-06-02 09:36:46
ESP_NODE_03,1,1,2026-06-02 09:37:49
ESP_NODE_01,1,5,2026-06-02 09:37:49
ESP_NODE_02,8,11,2026-06-02 09:37:49
ESP_NODE_04,0,1,2026-06-02 09:37:52
ESP_NODE_03,1,0,2026-06-02 09:38:55
ESP_NODE_01,1,2,2026-06-02 09:38:55
ESP_NODE_02,8,10,2026-06-02 09:38:55
ESP_NODE_04,1,4,2026-06-02 09:38:58
ESP_NODE_03,1,1,2026-06-02 09:40:02
ESP_NODE_01,1,5,2026-06-02 09:40:02
ESP_NODE_02,8,11,2026-06-02 09:40:02
ESP_NODE_03,1,1,2026-06-02 09:41:08
ESP_NODE_01,1,5,2026-06-02 09:41:08
ESP_NODE_02,7,9,2026-06-02 09:41:08
ESP_NODE_04,0,3,2026-06-02 09:41:19
ESP_NODE_03,4,0,2026-06-02 09:42:14
ESP_NODE_01,3,2,2026-06-02 09:42:14
ESP_NODE_02,6,9,2026-06-02 09:42:14
ESP_NODE_04,0,3,2026-06-02 09:42:25
ESP_NODE_03,2,0,2026-06-02 09:43:20
ESP_NODE_01,1,2,2026-06-02 09:43:20
ESP_NODE_02,7,8,2026-06-02 09:43:20
ESP_NODE_04,0,2,2026-06-02 09:43:31
ESP_NODE_03,1,0,2026-06-02 09:44:26
ESP_NODE_01,1,2,2026-06-02 09:44:26
ESP_NODE_02,6,10,2026-06-02 09:44:26
ESP_NODE_03,2,0,2026-06-02 09:45:32
ESP_NODE_01,1,2,2026-06-02 09:45:32
ESP_NODE_02,5,8,2026-06-02 09:45:32
ESP_NODE_04,0,3,2026-06-02 09:45:52
ESP_NODE_03,2,1,2026-06-02 09:46:38
ESP_NODE_01,1,5,2026-06-02 09:46:38
ESP_NODE_02,7,8,2026-06-02 09:46:38
ESP_NODE_04,8,4,2026-06-02 09:46:59
ESP_NODE_03,4,2,2026-06-02 09:47:44
ESP_NODE_01,2,7,2026-06-02 09:47:44
ESP_NODE_02,8,10,2026-06-02 09:47:44
ESP_NODE_04,2,3,2026-06-02 09:48:05
ESP_NODE_03,1,0,2026-06-02 09:48:50
ESP_NODE_01,1,2,2026-06-02 09:48:50
ESP_NODE_02,8,10,2026-06-02 09:48:50
ESP_NODE_03,4,0,2026-06-02 09:49:56
ESP_NODE_01,3,2,2026-06-02 09:49:56
ESP_NODE_02,8,12,2026-06-02 09:49:56
ESP_NODE_04,0,3,2026-06-02 09:51:32
ESP_NODE_03,1,0,2026-06-02 09:52:17
ESP_NODE_01,1,2,2026-06-02 09:52:17
ESP_NODE_02,8,10,2026-06-02 09:52:17
ESP_NODE_04,4,6,2026-06-02 09:52:39
ESP_NODE_03,1,0,2026-06-02 09:53:23
ESP_NODE_01,1,2,2026-06-02 09:53:23
ESP_NODE_02,8,12,2026-06-02 09:53:23
ESP_NODE_04,3,2,2026-06-02 09:53:45
ESP_NODE_03,1,1,2026-06-02 09:54:29
ESP_NODE_01,1,5,2026-06-02 09:54:29
ESP_NODE_02,6,8,2026-06-02 09:54:29
ESP_NODE_04,7,3,2026-06-02 09:54:51
ESP_NODE_03,2,0,2026-06-02 09:55:34
ESP_NODE_01,1,2,2026-06-02 09:55:34
ESP_NODE_02,6,9,2026-06-02 09:55:34
ESP_NODE_04,2,2,2026-06-02 09:55:57
ESP_NODE_03,4,0,2026-06-02 09:56:41
ESP_NODE_01,3,2,2026-06-02 09:56:41
ESP_NODE_02,5,8,2026-06-02 09:56:41
ESP_NODE_04,2,1,2026-06-02 09:57:03
ESP_NODE_03,9,1,2026-06-02 09:57:47
ESP_NODE_01,6,5,2026-06-02 09:57:47
ESP_NODE_02,6,9,2026-06-02 09:57:47
ESP_NODE_04,3,1,2026-06-02 09:58:09
ESP_NODE_03,3,0,2026-06-02 09:58:53
ESP_NODE_01,2,2,2026-06-02 09:58:53
ESP_NODE_02,8,11,2026-06-02 09:58:53
ESP_NODE_04,0,2,2026-06-02 09:59:15
ESP_NODE_03,4,1,2026-06-02 09:59:59
ESP_NODE_01,3,5,2026-06-02 09:59:59
ESP_NODE_02,5,8,2026-06-02 09:59:59
ESP_NODE_04,0,2,2026-06-02 10:00:21
ESP_NODE_03,1,1,2026-06-02 10:01:05
ESP_NODE_01,1,5,2026-06-02 10:01:05
ESP_NODE_02,5,8,2026-06-02 10:01:05
ESP_NODE_04,4,2,2026-06-02 10:01:27
ESP_NODE_03,3,0,2026-06-02 10:02:11
ESP_NODE_01,2,2,2026-06-02 10:02:11
ESP_NODE_02,8,9,2026-06-02 10:02:11
ESP_NODE_04,6,3,2026-06-02 10:02:33
ESP_NODE_03,0,0,2026-06-02 10:03:17
ESP_NODE_01,0,2,2026-06-02 10:03:17
ESP_NODE_02,7,8,2026-06-02 10:03:17
ESP_NODE_04,0,2,2026-06-02 10:03:39
ESP_NODE_03,3,0,2026-06-02 10:04:23
ESP_NODE_01,2,2,2026-06-02 10:04:23
ESP_NODE_02,5,11,2026-06-02 10:04:23
ESP_NODE_04,0,1,2026-06-02 10:04:46
ESP_NODE_03,0,1,2026-06-02 10:05:29
ESP_NODE_01,0,4,2026-06-02 10:05:29
ESP_NODE_02,5,8,2026-06-02 10:05:29
ESP_NODE_04,0,1,2026-06-02 10:05:52
ESP_NODE_03,2,0,2026-06-02 10:06:35
ESP_NODE_01,1,2,2026-06-02 10:06:35
ESP_NODE_02,8,10,2026-06-02 10:06:35
ESP_NODE_04,0,2,2026-06-02 10:06:58
ESP_NODE_03,0,0,2026-06-02 10:07:41
ESP_NODE_01,0,2,2026-06-02 10:07:41
ESP_NODE_02,6,11,2026-06-02 10:07:41
ESP_NODE_04,0,2,2026-06-02 10:08:04
ESP_NODE_03,2,3,2026-06-02 10:08:47
ESP_NODE_01,1,9,2026-06-02 10:08:47
ESP_NODE_02,5,10,2026-06-02 10:08:47
ESP_NODE_04,0,2,2026-06-02 10:09:10
ESP_NODE_03,3,1,2026-06-02 10:09:53
ESP_NODE_01,2,5,2026-06-02 10:09:53
ESP_NODE_02,6,8,2026-06-02 10:09:53
ESP_NODE_04,0,2,2026-06-02 10:10:16
ESP_NODE_03,2,1,2026-06-02 10:10:59
ESP_NODE_01,1,4,2026-06-02 10:10:59
ESP_NODE_02,5,10,2026-06-02 10:10:59
ESP_NODE_04,4,1,2026-06-02 10:11:22
ESP_NODE_03,5,3,2026-06-02 10:12:05
ESP_NODE_01,3,9,2026-06-02 10:12:05
ESP_NODE_02,7,10,2026-06-02 10:12:05
ESP_NODE_04,0,2,2026-06-02 10:12:28
ESP_NODE_03,9,3,2026-06-02 10:13:11
ESP_NODE_01,6,10,2026-06-02 10:13:11
ESP_NODE_02,6,9,2026-06-02 10:13:11
ESP_NODE_04,0,3,2026-06-02 10:13:34
ESP_NODE_03,9,2,2026-06-02 10:14:18
ESP_NODE_01,6,7,2026-06-02 10:14:18
ESP_NODE_02,8,11,2026-06-02 10:14:18
ESP_NODE_04,2,2,2026-06-02 10:14:40
ESP_NODE_03,12,3,2026-06-02 10:15:24
ESP_NODE_01,8,10,2026-06-02 10:15:24
ESP_NODE_02,5,9,2026-06-02 10:15:24
ESP_NODE_04,1,2,2026-06-02 10:15:46
ESP_NODE_03,23,15,2026-06-02 10:16:30
ESP_NODE_01,15,41,2026-06-02 10:16:30
ESP_NODE_02,9,15,2026-06-02 10:16:30
ESP_NODE_04,5,0,2026-06-02 10:16:52
ESP_NODE_03,32,14,2026-06-02 10:17:36
ESP_NODE_01,21,38,2026-06-02 10:17:36
ESP_NODE_02,12,14,2026-06-02 10:17:36
ESP_NODE_04,3,1,2026-06-02 10:17:58
ESP_NODE_03,55,25,2026-06-02 10:18:42
ESP_NODE_01,36,67,2026-06-02 10:18:42
ESP_NODE_02,22,25,2026-06-02 10:18:42
ESP_NODE_04,2,1,2026-06-02 10:19:04
ESP_NODE_03,54,22,2026-06-02 10:19:49
ESP_NODE_01,36,59,2026-06-02 10:19:49
ESP_NODE_02,21,22,2026-06-02 10:19:49
ESP_NODE_04,3,1,2026-06-02 10:20:10
ESP_NODE_03,55,20,2026-06-02 10:20:55
ESP_NODE_01,37,55,2026-06-02 10:20:55
ESP_NODE_02,22,20,2026-06-02 10:20:55
ESP_NODE_04,1,2,2026-06-02 10:21:16
ESP_NODE_03,19,21,2026-06-02 10:22:01
ESP_NODE_01,12,56,2026-06-02 10:22:01
ESP_NODE_02,7,21,2026-06-02 10:22:01
ESP_NODE_04,3,3,2026-06-02 10:22:22
ESP_NODE_03,44,30,2026-06-02 10:23:07
ESP_NODE_01,30,81,2026-06-02 10:23:07
ESP_NODE_02,17,30,2026-06-02 10:23:07
ESP_NODE_04,1,4,2026-06-02 10:23:28
ESP_NODE_03,35,32,2026-06-02 10:24:13
ESP_NODE_01,24,86,2026-06-02 10:24:13
ESP_NODE_02,14,32,2026-06-02 10:24:13
ESP_NODE_04,5,5,2026-06-02 10:24:34
ESP_NODE_03,55,29,2026-06-02 10:25:20
ESP_NODE_01,37,78,2026-06-02 10:25:20
ESP_NODE_02,22,29,2026-06-02 10:25:20
ESP_NODE_04,8,7,2026-06-02 10:25:40
ESP_NODE_03,78,42,2026-06-02 10:26:26
ESP_NODE_01,52,114,2026-06-02 10:26:26
ESP_NODE_02,31,42,2026-06-02 10:26:26
ESP_NODE_04,6,11,2026-06-02 10:26:47
ESP_NODE_03,39,33,2026-06-02 10:27:32
ESP_NODE_01,26,90,2026-06-02 10:27:32
ESP_NODE_02,15,33,2026-06-02 10:27:32
ESP_NODE_03,35,34,2026-06-02 10:28:39
ESP_NODE_01,23,92,2026-06-02 10:28:39
ESP_NODE_02,14,34,2026-06-02 10:28:39
ESP_NODE_04,8,10,2026-06-02 10:28:59
ESP_NODE_03,50,40,2026-06-02 10:29:45
ESP_NODE_01,34,107,2026-06-02 10:29:45
ESP_NODE_02,20,40,2026-06-02 10:29:45
ESP_NODE_04,7,6,2026-06-02 10:30:05
ESP_NODE_03,73,28,2026-06-02 10:30:51
ESP_NODE_01,49,77,2026-06-02 10:30:51
ESP_NODE_02,29,28,2026-06-02 10:30:51
ESP_NODE_04,3,11,2026-06-02 10:31:12
ESP_NODE_03,124,27,2026-06-02 10:31:59
ESP_NODE_01,83,74,2026-06-02 10:31:59
ESP_NODE_02,49,27,2026-06-02 10:31:59
ESP_NODE_04,14,10,2026-06-02 10:32:18
ESP_NODE_03,68,27,2026-06-02 10:33:05
ESP_NODE_01,45,74,2026-06-02 10:33:05
ESP_NODE_02,27,27,2026-06-02 10:33:05
ESP_NODE_04,6,6,2026-06-02 10:33:24
ESP_NODE_04,4,9,2026-06-02 10:34:30
ESP_NODE_03,51,28,2026-06-02 10:35:18
ESP_NODE_01,34,75,2026-06-02 10:35:18
ESP_NODE_02,20,28,2026-06-02 10:35:18
ESP_NODE_04,9,7,2026-06-02 10:35:36
ESP_NODE_03,30,31,2026-06-02 10:36:25
ESP_NODE_01,20,83,2026-06-02 10:36:25
ESP_NODE_02,12,31,2026-06-02 10:36:25
ESP_NODE_04,2,6,2026-06-02 10:36:42
ESP_NODE_03,63,36,2026-06-02 10:37:31
ESP_NODE_01,42,97,2026-06-02 10:37:31
ESP_NODE_02,25,36,2026-06-02 10:37:31
ESP_NODE_04,12,8,2026-06-02 10:37:49
ESP_NODE_03,49,39,2026-06-02 10:38:38
ESP_NODE_01,32,106,2026-06-02 10:38:38
ESP_NODE_02,19,39,2026-06-02 10:38:38
ESP_NODE_04,2,8,2026-06-02 10:38:56
ESP_NODE_03,85,32,2026-06-02 10:39:45
ESP_NODE_01,57,88,2026-06-02 10:39:45
ESP_NODE_02,34,32,2026-06-02 10:39:45
ESP_NODE_04,2,7,2026-06-02 10:40:02
ESP_NODE_03,60,38,2026-06-02 10:40:51
ESP_NODE_01,40,104,2026-06-02 10:40:51
ESP_NODE_02,24,38,2026-06-02 10:40:51
ESP_NODE_04,3,5,2026-06-02 10:41:09
ESP_NODE_03,30,42,2026-06-02 10:41:57
ESP_NODE_01,20,112,2026-06-02 10:41:57
ESP_NODE_02,12,42,2026-06-02 10:41:57
ESP_NODE_04,0,4,2026-06-02 10:42:16
ESP_NODE_03,26,26,2026-06-02 10:43:03
ESP_NODE_01,17,72,2026-06-02 10:43:03
ESP_NODE_02,10,26,2026-06-02 10:43:03
ESP_NODE_04,2,6,2026-06-02 10:43:24
ESP_NODE_03,41,35,2026-06-02 10:44:10
ESP_NODE_01,27,96,2026-06-02 10:44:10
ESP_NODE_02,16,35,2026-06-02 10:44:10
ESP_NODE_03,22,28,2026-06-02 10:45:16
ESP_NODE_01,15,77,2026-06-02 10:45:16
ESP_NODE_02,9,28,2026-06-02 10:45:16
ESP_NODE_04,9,10,2026-06-02 10:45:41
ESP_NODE_03,67,31,2026-06-02 10:46:22
ESP_NODE_01,45,83,2026-06-02 10:46:22
ESP_NODE_02,27,31,2026-06-02 10:46:22
ESP_NODE_04,1,12,2026-06-02 10:46:48
ESP_NODE_03,33,30,2026-06-02 10:47:29
ESP_NODE_01,22,81,2026-06-02 10:47:29
ESP_NODE_02,13,30,2026-06-02 10:47:29
ESP_NODE_04,3,9,2026-06-02 10:47:54
ESP_NODE_03,39,28,2026-06-02 10:48:35
ESP_NODE_01,26,75,2026-06-02 10:48:35
ESP_NODE_02,15,28,2026-06-02 10:48:35
ESP_NODE_04,3,4,2026-06-02 10:49:02
ESP_NODE_03,33,29,2026-06-02 10:49:42
ESP_NODE_01,22,78,2026-06-02 10:49:42
ESP_NODE_02,13,29,2026-06-02 10:49:42
ESP_NODE_04,4,5,2026-06-02 10:50:10
ESP_NODE_03,28,22,2026-06-02 10:50:48
ESP_NODE_01,19,60,2026-06-02 10:50:48
ESP_NODE_02,11,22,2026-06-02 10:50:48
ESP_NODE_04,16,6,2026-06-02 10:51:18
ESP_NODE_03,32,29,2026-06-02 10:51:54
ESP_NODE_01,21,79,2026-06-02 10:51:54
ESP_NODE_02,12,29,2026-06-02 10:51:54
ESP_NODE_04,1,5,2026-06-02 10:52:25
ESP_NODE_03,34,33,2026-06-02 10:53:00
ESP_NODE_01,22,88,2026-06-02 10:53:00
ESP_NODE_02,13,33,2026-06-02 10:53:00
ESP_NODE_03,24,31,2026-06-02 10:54:06
ESP_NODE_01,16,83,2026-06-02 10:54:06
ESP_NODE_02,9,31,2026-06-02 10:54:06
ESP_NODE_04,2,7,2026-06-02 10:54:49
ESP_NODE_03,33,25,2026-06-02 10:55:12
ESP_NODE_01,22,68,2026-06-02 10:55:12
ESP_NODE_02,13,25,2026-06-02 10:55:12
ESP_NODE_04,3,6,2026-06-02 10:55:59
ESP_NODE_03,32,33,2026-06-02 10:56:18
ESP_NODE_01,22,90,2026-06-02 10:56:18
ESP_NODE_02,13,33,2026-06-02 10:56:18
ESP_NODE_04,3,6,2026-06-02 10:57:08
ESP_NODE_03,26,26,2026-06-02 10:57:24
ESP_NODE_01,17,71,2026-06-02 10:57:24
ESP_NODE_02,10,26,2026-06-02 10:57:24
ESP_NODE_04,7,10,2026-06-02 10:58:15
ESP_NODE_03,23,30,2026-06-02 10:58:30
ESP_NODE_01,15,81,2026-06-02 10:58:30
ESP_NODE_02,9,30,2026-06-02 10:58:30
ESP_NODE_04,2,9,2026-06-02 10:59:22
ESP_NODE_03,34,30,2026-06-02 10:59:37
ESP_NODE_01,23,82,2026-06-02 10:59:37
ESP_NODE_02,13,30,2026-06-02 10:59:37
ESP_NODE_04,11,7,2026-06-02 11:00:29
ESP_NODE_03,24,29,2026-06-02 11:00:43
ESP_NODE_01,16,80,2026-06-02 11:00:43
ESP_NODE_02,9,29,2026-06-02 11:00:43
ESP_NODE_04,4,11,2026-06-02 11:01:36
ESP_NODE_03,24,33,2026-06-02 11:01:50
ESP_NODE_01,16,89,2026-06-02 11:01:50
ESP_NODE_02,9,33,2026-06-02 11:01:50
ESP_NODE_04,0,9,2026-06-02 11:02:44
ESP_NODE_03,17,33,2026-06-02 11:02:56
ESP_NODE_01,11,89,2026-06-02 11:02:56
ESP_NODE_02,7,33,2026-06-02 11:02:56
ESP_NODE_04,0,5,2026-06-02 11:03:51
ESP_NODE_03,33,28,2026-06-02 11:04:02
ESP_NODE_01,22,77,2026-06-02 11:04:02
ESP_NODE_02,13,28,2026-06-02 11:04:02
ESP_NODE_04,26,9,2026-06-02 11:04:58
ESP_NODE_03,22,24,2026-06-02 11:05:08
ESP_NODE_01,15,65,2026-06-02 11:05:08
ESP_NODE_02,8,24,2026-06-02 11:05:08
ESP_NODE_03,21,21,2026-06-02 11:06:15
ESP_NODE_01,14,57,2026-06-02 11:06:15
ESP_NODE_02,8,21,2026-06-02 11:06:15
ESP_NODE_03,20,23,2026-06-02 11:07:21
ESP_NODE_01,14,63,2026-06-02 11:07:21
ESP_NODE_02,8,23,2026-06-02 11:07:21
ESP_NODE_04,6,6,2026-06-02 11:07:21
ESP_NODE_03,40,18,2026-06-02 11:08:28
ESP_NODE_01,27,49,2026-06-02 11:08:28
ESP_NODE_02,16,18,2026-06-02 11:08:28
ESP_NODE_04,1,6,2026-06-02 11:08:28
ESP_NODE_03,24,12,2026-06-02 11:09:35
ESP_NODE_01,16,34,2026-06-02 11:09:35
ESP_NODE_02,9,12,2026-06-02 11:09:35
ESP_NODE_04,3,9,2026-06-02 11:09:36
ESP_NODE_03,31,9,2026-06-02 11:10:41
ESP_NODE_01,21,26,2026-06-02 11:10:41
ESP_NODE_02,12,9,2026-06-02 11:10:41
ESP_NODE_04,0,8,2026-06-02 11:10:42
ESP_NODE_03,16,19,2026-06-02 11:11:47
ESP_NODE_01,11,52,2026-06-02 11:11:47
ESP_NODE_02,6,19,2026-06-02 11:11:47
ESP_NODE_04,6,9,2026-06-02 11:11:49
ESP_NODE_03,13,15,2026-06-02 11:12:54
ESP_NODE_01,8,42,2026-06-02 11:12:54
ESP_NODE_02,5,15,2026-06-02 11:12:54
ESP_NODE_04,8,8,2026-06-02 11:12:57
ESP_NODE_03,15,11,2026-06-02 11:14:00
ESP_NODE_01,10,29,2026-06-02 11:14:00
ESP_NODE_02,6,11,2026-06-02 11:14:00
ESP_NODE_03,22,15,2026-06-02 11:15:06
ESP_NODE_01,15,41,2026-06-02 11:15:06
ESP_NODE_02,9,15,2026-06-02 11:15:06
ESP_NODE_04,11,8,2026-06-02 11:15:11
ESP_NODE_03,16,21,2026-06-02 11:16:12
ESP_NODE_01,11,57,2026-06-02 11:16:12
ESP_NODE_02,6,21,2026-06-02 11:16:12
ESP_NODE_04,6,9,2026-06-02 11:16:22
ESP_NODE_03,31,14,2026-06-02 11:17:19
ESP_NODE_01,20,39,2026-06-02 11:17:19
ESP_NODE_02,12,14,2026-06-02 11:17:19
ESP_NODE_04,10,8,2026-06-02 11:17:28
ESP_NODE_04,9,6,2026-06-02 11:18:35
ESP_NODE_03,23,21,2026-06-02 11:19:32
ESP_NODE_01,15,58,2026-06-02 11:19:32
ESP_NODE_02,9,21,2026-06-02 11:19:32
ESP_NODE_04,7,12,2026-06-02 11:19:43
ESP_NODE_03,19,13,2026-06-02 11:20:38
ESP_NODE_01,13,35,2026-06-02 11:20:38
ESP_NODE_02,7,13,2026-06-02 11:20:38
ESP_NODE_04,0,8,2026-06-02 11:20:56
ESP_NODE_03,24,11,2026-06-02 11:21:44
ESP_NODE_01,16,30,2026-06-02 11:21:44
ESP_NODE_02,9,11,2026-06-02 11:21:44
ESP_NODE_04,3,9,2026-06-02 11:22:07
ESP_NODE_03,26,12,2026-06-02 11:22:50
ESP_NODE_01,17,32,2026-06-02 11:22:50
ESP_NODE_02,10,12,2026-06-02 11:22:50
ESP_NODE_04,4,9,2026-06-02 11:23:16
ESP_NODE_03,17,18,2026-06-02 11:23:56
ESP_NODE_01,11,49,2026-06-02 11:23:56
ESP_NODE_02,7,18,2026-06-02 11:23:56
ESP_NODE_04,13,6,2026-06-02 11:24:27
ESP_NODE_03,33,18,2026-06-02 11:25:02
ESP_NODE_01,22,50,2026-06-02 11:25:02
ESP_NODE_02,13,18,2026-06-02 11:25:02
ESP_NODE_04,7,5,2026-06-02 11:25:34
ESP_NODE_03,17,17,2026-06-02 11:26:10
ESP_NODE_01,11,46,2026-06-02 11:26:10
ESP_NODE_02,6,17,2026-06-02 11:26:10
ESP_NODE_04,22,5,2026-06-02 11:26:41
ESP_NODE_03,22,14,2026-06-02 11:27:16
ESP_NODE_01,14,38,2026-06-02 11:27:16
ESP_NODE_02,8,14,2026-06-02 11:27:16
ESP_NODE_04,16,6,2026-06-02 11:27:48
ESP_NODE_03,16,10,2026-06-02 11:28:22
ESP_NODE_01,10,28,2026-06-02 11:28:22
ESP_NODE_02,6,10,2026-06-02 11:28:22
ESP_NODE_04,15,6,2026-06-02 11:28:55
ESP_NODE_03,24,11,2026-06-02 11:29:28
ESP_NODE_01,16,29,2026-06-02 11:29:28
ESP_NODE_02,9,11,2026-06-02 11:29:28
ESP_NODE_04,9,5,2026-06-02 11:30:01
ESP_NODE_03,21,15,2026-06-02 11:30:34
ESP_NODE_01,14,41,2026-06-02 11:30:34
ESP_NODE_02,8,15,2026-06-02 11:30:34
ESP_NODE_04,7,6,2026-06-02 11:31:08
ESP_NODE_03,26,15,2026-06-02 11:31:40
ESP_NODE_01,17,40,2026-06-02 11:31:40
ESP_NODE_02,10,15,2026-06-02 11:31:40
ESP_NODE_04,8,5,2026-06-02 11:32:14
ESP_NODE_03,19,12,2026-06-02 11:33:53
ESP_NODE_01,13,32,2026-06-02 11:33:53
ESP_NODE_02,7,12,2026-06-02 11:33:53
ESP_NODE_04,12,4,2026-06-02 11:34:27
ESP_NODE_03,25,16,2026-06-02 11:34:59
ESP_NODE_01,17,45,2026-06-02 11:34:59
ESP_NODE_02,10,16,2026-06-02 11:34:59
ESP_NODE_04,12,7,2026-06-02 11:35:34
ESP_NODE_03,24,13,2026-06-02 11:36:05
ESP_NODE_01,16,35,2026-06-02 11:36:05
ESP_NODE_02,9,13,2026-06-02 11:36:05
ESP_NODE_04,13,8,2026-06-02 11:36:40
ESP_NODE_03,21,22,2026-06-02 11:37:11
ESP_NODE_01,14,60,2026-06-02 11:37:11
ESP_NODE_02,8,22,2026-06-02 11:37:11
ESP_NODE_04,19,5,2026-06-02 11:37:46
ESP_NODE_03,20,19,2026-06-02 11:38:17
ESP_NODE_01,13,50,2026-06-02 11:38:17
ESP_NODE_02,8,19,2026-06-02 11:38:17
ESP_NODE_04,15,6,2026-06-02 11:38:54
ESP_NODE_03,19,14,2026-06-02 11:39:23
ESP_NODE_01,13,38,2026-06-02 11:39:23
ESP_NODE_02,7,14,2026-06-02 11:39:23
ESP_NODE_04,21,5,2026-06-02 11:40:00
ESP_NODE_03,24,16,2026-06-02 11:40:29
ESP_NODE_01,16,45,2026-06-02 11:40:29
ESP_NODE_02,9,16,2026-06-02 11:40:29
ESP_NODE_04,7,6,2026-06-02 11:41:11
ESP_NODE_03,19,17,2026-06-02 11:41:35
ESP_NODE_01,13,45,2026-06-02 11:41:35
ESP_NODE_02,7,17,2026-06-02 11:41:35
ESP_NODE_04,13,5,2026-06-02 11:42:17
ESP_NODE_03,22,21,2026-06-02 11:42:41
ESP_NODE_01,15,58,2026-06-02 11:42:41
ESP_NODE_02,9,21,2026-06-02 11:42:41
ESP_NODE_04,21,8,2026-06-02 11:43:25
ESP_NODE_03,27,25,2026-06-02 11:43:48
ESP_NODE_01,18,67,2026-06-02 11:43:48
ESP_NODE_02,10,25,2026-06-02 11:43:48
ESP_NODE_03,25,24,2026-06-02 11:44:54
ESP_NODE_01,16,64,2026-06-02 11:44:54
ESP_NODE_02,10,24,2026-06-02 11:44:54
ESP_NODE_04,23,4,2026-06-02 11:45:46
ESP_NODE_03,42,21,2026-06-02 11:46:00
ESP_NODE_01,28,58,2026-06-02 11:46:00
ESP_NODE_02,17,21,2026-06-02 11:46:00
ESP_NODE_04,8,8,2026-06-02 11:46:55
ESP_NODE_03,38,24,2026-06-02 11:47:06
ESP_NODE_01,25,65,2026-06-02 11:47:06
ESP_NODE_02,15,24,2026-06-02 11:47:06
ESP_NODE_04,10,5,2026-06-02 11:48:01
ESP_NODE_04,20,7,2026-06-02 11:49:07
ESP_NODE_03,33,25,2026-06-02 11:49:26
ESP_NODE_01,22,67,2026-06-02 11:49:26
ESP_NODE_02,13,25,2026-06-02 11:49:26
ESP_NODE_04,9,5,2026-06-02 11:50:15
ESP_NODE_03,34,27,2026-06-02 11:50:32
ESP_NODE_01,22,73,2026-06-02 11:50:32
ESP_NODE_02,13,27,2026-06-02 11:50:32
ESP_NODE_04,13,8,2026-06-02 11:51:23
ESP_NODE_03,31,27,2026-06-02 11:51:38
ESP_NODE_01,20,72,2026-06-02 11:51:38
ESP_NODE_02,12,27,2026-06-02 11:51:38
ESP_NODE_04,15,12,2026-06-02 11:52:31
ESP_NODE_03,30,25,2026-06-02 11:52:45
ESP_NODE_01,20,68,2026-06-02 11:52:45
ESP_NODE_02,12,25,2026-06-02 11:52:45
ESP_NODE_04,28,13,2026-06-02 11:53:38
ESP_NODE_03,24,25,2026-06-02 11:53:51
ESP_NODE_01,16,68,2026-06-02 11:53:51
ESP_NODE_02,9,25,2026-06-02 11:53:51
ESP_NODE_04,16,11,2026-06-02 11:54:45
ESP_NODE_03,29,29,2026-06-02 11:54:57
ESP_NODE_01,20,80,2026-06-02 11:54:57
ESP_NODE_02,11,29,2026-06-02 11:54:57
ESP_NODE_04,12,10,2026-06-02 11:55:51
ESP_NODE_03,30,23,2026-06-02 11:56:03
ESP_NODE_01,20,63,2026-06-02 11:56:03
ESP_NODE_02,12,23,2026-06-02 11:56:03
ESP_NODE_04,12,10,2026-06-02 11:56:57
ESP_NODE_03,24,26,2026-06-02 11:57:09
ESP_NODE_01,16,71,2026-06-02 11:57:09
ESP_NODE_02,9,26,2026-06-02 11:57:09
ESP_NODE_04,24,12,2026-06-02 11:58:03
ESP_NODE_03,65,17,2026-06-02 11:58:15
ESP_NODE_01,43,46,2026-06-02 11:58:15
ESP_NODE_02,26,17,2026-06-02 11:58:15
ESP_NODE_04,39,13,2026-06-02 11:59:10
ESP_NODE_03,34,18,2026-06-02 11:59:21
ESP_NODE_01,23,48,2026-06-02 11:59:21
ESP_NODE_02,13,18,2026-06-02 11:59:21
ESP_NODE_04,41,8,2026-06-02 12:00:16
ESP_NODE_03,44,21,2026-06-02 12:00:28
ESP_NODE_01,29,58,2026-06-02 12:00:28
ESP_NODE_02,17,21,2026-06-02 12:00:28
ESP_NODE_04,25,9,2026-06-02 12:01:24
ESP_NODE_03,59,34,2026-06-02 12:01:34
ESP_NODE_01,39,91,2026-06-02 12:01:34
ESP_NODE_02,23,34,2026-06-02 12:01:34
ESP_NODE_04,12,8,2026-06-02 12:02:30
ESP_NODE_03,55,42,2026-06-02 12:02:40
ESP_NODE_01,37,112,2026-06-02 12:02:40
ESP_NODE_02,22,42,2026-06-02 12:02:40
ESP_NODE_03,42,43,2026-06-02 12:03:46
ESP_NODE_01,28,117,2026-06-02 12:03:46
ESP_NODE_02,17,43,2026-06-02 12:03:46
ESP_NODE_03,69,46,2026-06-02 12:04:53
ESP_NODE_01,46,123,2026-06-02 12:04:53
ESP_NODE_02,27,46,2026-06-02 12:04:53
ESP_NODE_03,57,39,2026-06-02 12:05:59
ESP_NODE_01,38,105,2026-06-02 12:05:59
ESP_NODE_02,23,39,2026-06-02 12:05:59
ESP_NODE_03,34,38,2026-06-02 12:07:05
ESP_NODE_01,23,103,2026-06-02 12:07:05
ESP_NODE_02,13,38,2026-06-02 12:07:05
ESP_NODE_04,18,14,2026-06-02 12:07:24
ESP_NODE_03,28,41,2026-06-02 12:08:14
ESP_NODE_01,19,110,2026-06-02 12:08:14
ESP_NODE_02,11,41,2026-06-02 12:08:14
ESP_NODE_04,11,8,2026-06-02 12:08:31
ESP_NODE_03,56,41,2026-06-02 12:09:20
ESP_NODE_01,38,110,2026-06-02 12:09:20
ESP_NODE_02,22,41,2026-06-02 12:09:20
ESP_NODE_04,9,6,2026-06-02 12:09:38
ESP_NODE_03,45,39,2026-06-02 12:10:27
ESP_NODE_01,30,106,2026-06-02 12:10:27
ESP_NODE_02,18,39,2026-06-02 12:10:27
ESP_NODE_04,15,7,2026-06-02 12:10:48
ESP_NODE_03,49,51,2026-06-02 12:11:33
ESP_NODE_01,33,137,2026-06-02 12:11:33
ESP_NODE_02,19,51,2026-06-02 12:11:33
ESP_NODE_04,7,8,2026-06-02 12:12:05
ESP_NODE_03,33,52,2026-06-02 12:12:40
ESP_NODE_01,22,140,2026-06-02 12:12:40
ESP_NODE_02,13,52,2026-06-02 12:12:40
ESP_NODE_03,48,45,2026-06-02 12:13:46
ESP_NODE_01,32,120,2026-06-02 12:13:46
ESP_NODE_02,19,45,2026-06-02 12:13:46
ESP_NODE_04,3,9,2026-06-02 12:14:27
ESP_NODE_03,31,55,2026-06-02 12:14:53
ESP_NODE_01,20,149,2026-06-02 12:14:53
ESP_NODE_02,12,55,2026-06-02 12:14:53
ESP_NODE_04,9,9,2026-06-02 12:15:35
ESP_NODE_03,48,53,2026-06-02 12:15:59
ESP_NODE_01,32,144,2026-06-02 12:15:59
ESP_NODE_02,19,53,2026-06-02 12:15:59
ESP_NODE_03,43,45,2026-06-02 12:17:05
ESP_NODE_01,29,122,2026-06-02 12:17:05
ESP_NODE_02,17,45,2026-06-02 12:17:05
ESP_NODE_03,40,53,2026-06-02 12:18:12
ESP_NODE_01,27,144,2026-06-02 12:18:12
ESP_NODE_02,16,53,2026-06-02 12:18:12
ESP_NODE_04,7,5,2026-06-02 12:19:11
ESP_NODE_03,50,38,2026-06-02 12:19:24
ESP_NODE_01,33,103,2026-06-02 12:19:24
ESP_NODE_02,20,38,2026-06-02 12:19:24
ESP_NODE_04,8,5,2026-06-02 12:20:26
ESP_NODE_03,30,42,2026-06-02 12:20:30
ESP_NODE_01,20,112,2026-06-02 12:20:30
ESP_NODE_02,12,42,2026-06-02 12:20:30
ESP_NODE_04,13,8,2026-06-02 12:21:35
ESP_NODE_03,41,41,2026-06-02 12:21:36
ESP_NODE_01,28,112,2026-06-02 12:21:36
ESP_NODE_02,16,41,2026-06-02 12:21:36
ESP_NODE_03,36,45,2026-06-02 12:22:43
ESP_NODE_01,24,122,2026-06-02 12:22:43
ESP_NODE_02,14,45,2026-06-02 12:22:43
ESP_NODE_04,12,7,2026-06-02 12:22:46
ESP_NODE_03,15,49,2026-06-02 12:23:48
ESP_NODE_01,10,132,2026-06-02 12:23:48
ESP_NODE_02,6,49,2026-06-02 12:23:48
ESP_NODE_04,11,5,2026-06-02 12:23:56
ESP_NODE_03,49,52,2026-06-02 12:24:55
ESP_NODE_01,33,141,2026-06-02 12:24:55
ESP_NODE_02,19,52,2026-06-02 12:24:55
ESP_NODE_04,1,4,2026-06-02 12:25:08
ESP_NODE_03,53,44,2026-06-02 12:26:01
ESP_NODE_01,35,118,2026-06-02 12:26:01
ESP_NODE_02,21,44,2026-06-02 12:26:01
ESP_NODE_04,4,2,2026-06-02 12:26:15
ESP_NODE_04,1,5,2026-06-02 12:27:26
ESP_NODE_04,1,4,2026-06-02 12:28:40
ESP_NODE_03,41,44,2026-06-02 12:29:20
ESP_NODE_01,28,120,2026-06-02 12:29:20
ESP_NODE_02,16,44,2026-06-02 12:29:20
ESP_NODE_04,4,4,2026-06-02 12:29:47
ESP_NODE_03,75,50,2026-06-02 12:30:26
ESP_NODE_01,50,136,2026-06-02 12:30:26
ESP_NODE_02,30,50,2026-06-02 12:30:26
ESP_NODE_04,3,5,2026-06-02 12:30:53
ESP_NODE_03,69,41,2026-06-02 12:31:39
ESP_NODE_01,46,110,2026-06-02 12:31:39
ESP_NODE_02,27,41,2026-06-02 12:31:39
ESP_NODE_04,6,4,2026-06-02 12:32:04
ESP_NODE_03,86,39,2026-06-02 12:32:45
ESP_NODE_01,58,105,2026-06-02 12:32:45
ESP_NODE_02,34,39,2026-06-02 12:32:45
ESP_NODE_03,54,39,2026-06-02 12:33:52
ESP_NODE_01,36,105,2026-06-02 12:33:52
ESP_NODE_02,21,39,2026-06-02 12:33:52
ESP_NODE_04,6,3,2026-06-02 12:34:27
ESP_NODE_03,59,29,2026-06-02 12:35:09
ESP_NODE_01,39,78,2026-06-02 12:35:09
ESP_NODE_02,23,29,2026-06-02 12:35:09
ESP_NODE_04,10,6,2026-06-02 12:35:43
ESP_NODE_03,71,32,2026-06-02 12:36:21
ESP_NODE_01,47,87,2026-06-02 12:36:21
ESP_NODE_02,28,32,2026-06-02 12:36:21
ESP_NODE_04,10,9,2026-06-02 12:36:59
ESP_NODE_03,58,34,2026-06-02 12:37:27
ESP_NODE_01,39,92,2026-06-02 12:37:27
ESP_NODE_02,23,34,2026-06-02 12:37:27
ESP_NODE_04,9,7,2026-06-02 12:38:06
ESP_NODE_03,61,38,2026-06-02 12:38:33
ESP_NODE_01,41,104,2026-06-02 12:38:33
ESP_NODE_02,24,38,2026-06-02 12:38:33
ESP_NODE_03,72,27,2026-06-02 12:39:40
ESP_NODE_01,48,74,2026-06-02 12:39:40
ESP_NODE_02,29,27,2026-06-02 12:39:40
ESP_NODE_04,9,2,2026-06-02 12:40:30
ESP_NODE_03,49,37,2026-06-02 12:40:47
ESP_NODE_01,33,101,2026-06-02 12:40:47
ESP_NODE_02,19,37,2026-06-02 12:40:47
ESP_NODE_04,4,4,2026-06-02 12:41:42
ESP_NODE_03,60,39,2026-06-02 12:41:53
ESP_NODE_01,40,106,2026-06-02 12:41:53
ESP_NODE_02,24,39,2026-06-02 12:41:53
ESP_NODE_04,3,5,2026-06-02 12:42:50
ESP_NODE_03,46,37,2026-06-02 12:43:00
ESP_NODE_01,30,101,2026-06-02 12:43:00
ESP_NODE_02,18,37,2026-06-02 12:43:00
ESP_NODE_04,5,4,2026-06-02 12:44:02
ESP_NODE_03,44,35,2026-06-02 12:44:06
ESP_NODE_01,30,94,2026-06-02 12:44:06
ESP_NODE_02,17,35,2026-06-02 12:44:06
ESP_NODE_03,23,37,2026-06-02 12:45:13
ESP_NODE_01,16,99,2026-06-02 12:45:13
ESP_NODE_02,9,37,2026-06-02 12:45:13
ESP_NODE_04,1,4,2026-06-02 12:45:15
ESP_NODE_03,53,39,2026-06-02 12:46:20
ESP_NODE_01,35,104,2026-06-02 12:46:20
ESP_NODE_02,21,39,2026-06-02 12:46:20
ESP_NODE_04,5,5,2026-06-02 12:46:26
ESP_NODE_03,41,34,2026-06-02 12:47:26
ESP_NODE_01,27,91,2026-06-02 12:47:26
ESP_NODE_02,16,34,2026-06-02 12:47:26
ESP_NODE_03,27,39,2026-06-02 12:48:33
ESP_NODE_01,18,104,2026-06-02 12:48:33
ESP_NODE_02,10,39,2026-06-02 12:48:33
ESP_NODE_04,12,8,2026-06-02 12:48:49
ESP_NODE_03,31,42,2026-06-02 12:49:39
ESP_NODE_01,21,114,2026-06-02 12:49:39
ESP_NODE_02,12,42,2026-06-02 12:49:39
ESP_NODE_04,4,7,2026-06-02 12:50:05
ESP_NODE_03,36,44,2026-06-02 12:50:46
ESP_NODE_01,24,119,2026-06-02 12:50:46
ESP_NODE_02,14,44,2026-06-02 12:50:46
ESP_NODE_04,18,8,2026-06-02 12:51:15
ESP_NODE_03,60,48,2026-06-02 12:51:53
ESP_NODE_01,40,130,2026-06-02 12:51:53
ESP_NODE_02,24,48,2026-06-02 12:51:53
ESP_NODE_04,20,9,2026-06-02 12:52:28
ESP_NODE_03,54,36,2026-06-02 12:52:59
ESP_NODE_01,36,97,2026-06-02 12:52:59
ESP_NODE_02,21,36,2026-06-02 12:52:59
ESP_NODE_04,8,9,2026-06-02 12:53:36
ESP_NODE_03,62,32,2026-06-02 12:54:13
ESP_NODE_01,41,86,2026-06-02 12:54:13
ESP_NODE_02,24,32,2026-06-02 12:54:13
ESP_NODE_04,3,9,2026-06-02 12:55:56
ESP_NODE_04,9,6,2026-06-02 12:57:04
ESP_NODE_03,63,34,2026-06-02 12:57:48
ESP_NODE_01,42,92,2026-06-02 12:57:48
ESP_NODE_02,25,34,2026-06-02 12:57:48
ESP_NODE_04,7,11,2026-06-02 12:58:12
ESP_NODE_03,40,33,2026-06-02 12:58:56
ESP_NODE_01,26,90,2026-06-02 12:58:56
ESP_NODE_02,16,33,2026-06-02 12:58:56
ESP_NODE_03,116,33,2026-06-02 13:00:03
ESP_NODE_01,78,90,2026-06-02 13:00:03
ESP_NODE_02,46,33,2026-06-02 13:00:03
ESP_NODE_03,47,39,2026-06-02 13:01:11
ESP_NODE_01,31,105,2026-06-02 13:01:11
ESP_NODE_02,18,39,2026-06-02 13:01:11
ESP_NODE_03,31,37,2026-06-02 13:03:30
ESP_NODE_01,20,101,2026-06-02 13:03:30
ESP_NODE_02,12,37,2026-06-02 13:03:30
ESP_NODE_03,28,30,2026-06-02 13:04:37
ESP_NODE_01,19,81,2026-06-02 13:04:37
ESP_NODE_02,11,30,2026-06-02 13:04:37
ESP_NODE_03,29,39,2026-06-02 13:05:43
ESP_NODE_01,19,105,2026-06-02 13:05:43
ESP_NODE_02,11,39,2026-06-02 13:05:43
ESP_NODE_04,5,12,2026-06-02 13:06:49
ESP_NODE_03,32,30,2026-06-02 13:06:50
ESP_NODE_01,21,81,2026-06-02 13:06:50
ESP_NODE_02,12,30,2026-06-02 13:06:50
ESP_NODE_03,36,30,2026-06-02 13:07:56
ESP_NODE_01,24,81,2026-06-02 13:07:56
ESP_NODE_02,14,30,2026-06-02 13:07:56
ESP_NODE_04,8,11,2026-06-02 13:08:03
ESP_NODE_03,51,33,2026-06-02 13:09:03
ESP_NODE_01,34,89,2026-06-02 13:09:03
ESP_NODE_02,20,33,2026-06-02 13:09:03
ESP_NODE_03,39,39,2026-06-02 13:10:09
ESP_NODE_01,26,107,2026-06-02 13:10:09
ESP_NODE_02,15,39,2026-06-02 13:10:09
ESP_NODE_03,37,43,2026-06-02 13:11:17
ESP_NODE_01,24,117,2026-06-02 13:11:17
ESP_NODE_02,14,43,2026-06-02 13:11:17
ESP_NODE_04,3,10,2026-06-02 13:11:41
ESP_NODE_03,45,35,2026-06-02 13:12:24
ESP_NODE_01,30,94,2026-06-02 13:12:24
ESP_NODE_02,18,35,2026-06-02 13:12:24
ESP_NODE_04,8,11,2026-06-02 13:12:55
ESP_NODE_03,20,32,2026-06-02 13:13:31
ESP_NODE_01,13,86,2026-06-02 13:13:31
ESP_NODE_02,8,32,2026-06-02 13:13:31
ESP_NODE_03,27,29,2026-06-02 13:14:41
ESP_NODE_01,18,78,2026-06-02 13:14:41
ESP_NODE_02,10,29,2026-06-02 13:14:41
ESP_NODE_04,22,21,2026-06-02 13:15:23
ESP_NODE_03,40,44,2026-06-02 13:15:49
ESP_NODE_01,27,117,2026-06-02 13:15:49
ESP_NODE_02,16,44,2026-06-02 13:15:49
ESP_NODE_04,40,18,2026-06-02 13:16:36
ESP_NODE_03,47,37,2026-06-02 13:16:57
ESP_NODE_01,31,99,2026-06-02 13:16:57
ESP_NODE_02,19,37,2026-06-02 13:16:57
ESP_NODE_04,27,16,2026-06-02 13:17:43
ESP_NODE_03,36,24,2026-06-02 13:18:05
ESP_NODE_01,24,66,2026-06-02 13:18:05
ESP_NODE_02,14,24,2026-06-02 13:18:05
ESP_NODE_04,56,19,2026-06-02 13:18:53
ESP_NODE_03,39,33,2026-06-02 13:19:13
ESP_NODE_01,26,89,2026-06-02 13:19:13
ESP_NODE_02,15,33,2026-06-02 13:19:13
ESP_NODE_04,37,19,2026-06-02 13:20:01
ESP_NODE_03,59,39,2026-06-02 13:20:22
ESP_NODE_01,40,105,2026-06-02 13:20:22
ESP_NODE_02,23,39,2026-06-02 13:20:22
ESP_NODE_04,42,24,2026-06-02 13:21:08
ESP_NODE_03,56,40,2026-06-02 13:21:32
ESP_NODE_01,37,109,2026-06-02 13:21:32
ESP_NODE_02,22,40,2026-06-02 13:21:32
ESP_NODE_04,18,24,2026-06-02 13:22:15
ESP_NODE_03,35,33,2026-06-02 13:22:42
ESP_NODE_01,23,89,2026-06-02 13:22:42
ESP_NODE_02,14,33,2026-06-02 13:22:42
ESP_NODE_03,40,38,2026-06-02 13:23:49
ESP_NODE_01,27,101,2026-06-02 13:23:49
ESP_NODE_02,16,38,2026-06-02 13:23:49
ESP_NODE_03,27,27,2026-06-02 13:24:55
ESP_NODE_01,18,74,2026-06-02 13:24:55
ESP_NODE_02,11,27,2026-06-02 13:24:55
ESP_NODE_04,21,22,2026-06-02 13:25:35
ESP_NODE_03,40,47,2026-06-02 13:26:02
ESP_NODE_01,26,126,2026-06-02 13:26:02
ESP_NODE_02,16,47,2026-06-02 13:26:02
ESP_NODE_04,36,28,2026-06-02 13:26:43
ESP_NODE_04,38,17,2026-06-02 13:27:50
ESP_NODE_03,43,34,2026-06-02 13:28:14
ESP_NODE_01,28,92,2026-06-02 13:28:14
ESP_NODE_02,17,34,2026-06-02 13:28:14
ESP_NODE_04,19,24,2026-06-02 13:28:56
ESP_NODE_03,49,39,2026-06-02 13:29:20
ESP_NODE_01,32,106,2026-06-02 13:29:20
ESP_NODE_02,19,39,2026-06-02 13:29:20
ESP_NODE_04,23,19,2026-06-02 13:30:03
ESP_NODE_03,45,46,2026-06-02 13:30:27
ESP_NODE_01,30,125,2026-06-02 13:30:27
ESP_NODE_02,18,46,2026-06-02 13:30:27
ESP_NODE_04,40,21,2026-06-02 13:31:12
ESP_NODE_03,54,36,2026-06-02 13:31:33
ESP_NODE_01,36,96,2026-06-02 13:31:33
ESP_NODE_02,21,36,2026-06-02 13:31:33
ESP_NODE_04,63,21,2026-06-02 13:32:18
ESP_NODE_03,44,32,2026-06-02 13:32:39
ESP_NODE_01,29,86,2026-06-02 13:32:39
ESP_NODE_02,17,32,2026-06-02 13:32:39
ESP_NODE_04,59,19,2026-06-02 13:33:24
ESP_NODE_03,53,42,2026-06-02 13:33:47
ESP_NODE_01,35,113,2026-06-02 13:33:47
ESP_NODE_02,21,42,2026-06-02 13:33:47
ESP_NODE_04,20,21,2026-06-02 13:34:32
ESP_NODE_03,50,46,2026-06-02 13:34:53
ESP_NODE_01,33,125,2026-06-02 13:34:53
ESP_NODE_02,20,46,2026-06-02 13:34:53
ESP_NODE_04,44,19,2026-06-02 13:35:40
ESP_NODE_03,40,37,2026-06-02 13:36:00
ESP_NODE_01,27,101,2026-06-02 13:36:00
ESP_NODE_02,16,37,2026-06-02 13:36:00
ESP_NODE_04,18,17,2026-06-02 13:36:46
ESP_NODE_03,60,41,2026-06-02 13:37:07
ESP_NODE_01,40,111,2026-06-02 13:37:07
ESP_NODE_02,24,41,2026-06-02 13:37:07
ESP_NODE_04,24,20,2026-06-02 13:37:52
ESP_NODE_03,57,39,2026-06-02 13:38:20
ESP_NODE_01,38,105,2026-06-02 13:38:20
ESP_NODE_02,23,39,2026-06-02 13:38:20
ESP_NODE_04,60,20,2026-06-02 13:38:58
ESP_NODE_03,56,37,2026-06-02 13:39:27
ESP_NODE_01,38,101,2026-06-02 13:39:27
ESP_NODE_02,22,37,2026-06-02 13:39:27
ESP_NODE_03,40,40,2026-06-02 13:40:34
ESP_NODE_01,27,109,2026-06-02 13:40:34
ESP_NODE_02,16,40,2026-06-02 13:40:34
ESP_NODE_03,41,44,2026-06-02 13:41:41
ESP_NODE_01,27,120,2026-06-02 13:41:41
ESP_NODE_02,16,44,2026-06-02 13:41:41
ESP_NODE_04,25,20,2026-06-02 13:42:35
ESP_NODE_03,58,37,2026-06-02 13:42:48
ESP_NODE_01,38,99,2026-06-02 13:42:48
ESP_NODE_02,23,37,2026-06-02 13:42:48
ESP_NODE_04,28,16,2026-06-02 13:43:41
ESP_NODE_03,40,36,2026-06-02 13:43:54
ESP_NODE_01,27,99,2026-06-02 13:43:54
ESP_NODE_02,16,36,2026-06-02 13:43:54
ESP_NODE_04,15,20,2026-06-02 13:44:47
ESP_NODE_03,32,43,2026-06-02 13:45:02
ESP_NODE_01,21,115,2026-06-02 13:45:02
ESP_NODE_02,12,43,2026-06-02 13:45:02
ESP_NODE_03,41,54,2026-06-02 13:46:11
ESP_NODE_01,27,146,2026-06-02 13:46:11
ESP_NODE_02,16,54,2026-06-02 13:46:11
ESP_NODE_04,31,24,2026-06-02 13:47:03
ESP_NODE_03,78,45,2026-06-02 13:47:18
ESP_NODE_01,52,121,2026-06-02 13:47:18
ESP_NODE_02,31,45,2026-06-02 13:47:18
ESP_NODE_03,38,36,2026-06-02 13:48:25
ESP_NODE_01,25,98,2026-06-02 13:48:25
ESP_NODE_02,15,36,2026-06-02 13:48:25
ESP_NODE_04,28,17,2026-06-02 13:49:25
ESP_NODE_03,42,44,2026-06-02 13:49:31
ESP_NODE_01,28,120,2026-06-02 13:49:31
ESP_NODE_02,17,44,2026-06-02 13:49:31
ESP_NODE_04,6,19,2026-06-02 13:50:32
ESP_NODE_03,58,41,2026-06-02 13:50:37
ESP_NODE_01,39,110,2026-06-02 13:50:37
ESP_NODE_02,23,41,2026-06-02 13:50:37
ESP_NODE_04,14,19,2026-06-02 13:51:39
ESP_NODE_03,50,37,2026-06-02 13:51:44
ESP_NODE_01,34,100,2026-06-02 13:51:44
ESP_NODE_02,20,37,2026-06-02 13:51:44
ESP_NODE_04,5,18,2026-06-02 13:52:46
ESP_NODE_03,34,34,2026-06-02 13:52:50
ESP_NODE_01,23,93,2026-06-02 13:52:50
ESP_NODE_02,13,34,2026-06-02 13:52:50
ESP_NODE_04,6,19,2026-06-02 13:55:10
ESP_NODE_03,43,35,2026-06-02 13:55:11
ESP_NODE_01,28,94,2026-06-02 13:55:11
ESP_NODE_02,17,35,2026-06-02 13:55:11
ESP_NODE_04,6,21,2026-06-02 13:56:16
ESP_NODE_03,43,27,2026-06-02 13:56:18
ESP_NODE_01,29,73,2026-06-02 13:56:18
ESP_NODE_02,17,27,2026-06-02 13:56:18
ESP_NODE_03,70,22,2026-06-02 13:57:24
ESP_NODE_01,47,59,2026-06-02 13:57:24
ESP_NODE_02,28,22,2026-06-02 13:57:24
ESP_NODE_04,14,16,2026-06-02 13:57:25
ESP_NODE_03,54,27,2026-06-02 13:58:30
ESP_NODE_01,36,72,2026-06-02 13:58:30
ESP_NODE_02,21,27,2026-06-02 13:58:30
ESP_NODE_04,8,21,2026-06-02 13:58:31
ESP_NODE_03,53,36,2026-06-02 13:59:36
ESP_NODE_01,35,97,2026-06-02 13:59:36
ESP_NODE_02,21,36,2026-06-02 13:59:36
ESP_NODE_04,13,18,2026-06-02 13:59:38
ESP_NODE_03,65,27,2026-06-02 14:00:42
ESP_NODE_01,43,72,2026-06-02 14:00:42
ESP_NODE_02,26,27,2026-06-02 14:00:42
ESP_NODE_04,7,19,2026-06-02 14:00:50
ESP_NODE_03,47,30,2026-06-02 14:01:48
ESP_NODE_01,31,81,2026-06-02 14:01:48
ESP_NODE_02,19,30,2026-06-02 14:01:48
ESP_NODE_04,3,22,2026-06-02 14:01:57
ESP_NODE_03,52,27,2026-06-02 14:02:54
ESP_NODE_01,35,73,2026-06-02 14:02:54
ESP_NODE_02,21,27,2026-06-02 14:02:54
ESP_NODE_04,7,19,2026-06-02 14:03:04
ESP_NODE_04,8,22,2026-06-02 14:04:12
ESP_NODE_03,36,26,2026-06-02 14:05:05
ESP_NODE_01,24,71,2026-06-02 14:05:05
ESP_NODE_02,14,26,2026-06-02 14:05:05
ESP_NODE_03,26,27,2026-06-02 14:06:12
ESP_NODE_01,17,74,2026-06-02 14:06:12
ESP_NODE_02,10,27,2026-06-02 14:06:12
ESP_NODE_04,16,22,2026-06-02 14:06:30
ESP_NODE_03,51,26,2026-06-02 14:07:17
ESP_NODE_01,34,71,2026-06-02 14:07:17
ESP_NODE_02,20,26,2026-06-02 14:07:17
ESP_NODE_04,12,21,2026-06-02 14:07:37
ESP_NODE_03,39,25,2026-06-02 14:08:23
ESP_NODE_01,26,68,2026-06-02 14:08:23
ESP_NODE_02,15,25,2026-06-02 14:08:23
ESP_NODE_04,4,27,2026-06-02 14:08:47
ESP_NODE_03,32,25,2026-06-02 14:09:29
ESP_NODE_01,21,67,2026-06-02 14:09:29
ESP_NODE_02,12,25,2026-06-02 14:09:29
ESP_NODE_03,28,23,2026-06-02 14:10:35
ESP_NODE_01,19,62,2026-06-02 14:10:35
ESP_NODE_02,11,23,2026-06-02 14:10:35
ESP_NODE_03,35,29,2026-06-02 14:11:41
ESP_NODE_01,23,80,2026-06-02 14:11:41
ESP_NODE_02,14,29,2026-06-02 14:11:41
ESP_NODE_04,9,26,2026-06-02 14:12:19
ESP_NODE_03,17,22,2026-06-02 14:12:47
ESP_NODE_01,12,60,2026-06-02 14:12:47
ESP_NODE_02,7,22,2026-06-02 14:12:47
ESP_NODE_04,13,23,2026-06-02 14:13:35
ESP_NODE_03,34,27,2026-06-02 14:13:53
ESP_NODE_01,23,73,2026-06-02 14:13:53
ESP_NODE_02,13,27,2026-06-02 14:13:53
ESP_NODE_04,14,16,2026-06-02 14:14:42
ESP_NODE_03,37,22,2026-06-02 14:14:59
ESP_NODE_01,25,59,2026-06-02 14:14:59
ESP_NODE_02,15,22,2026-06-02 14:14:59
ESP_NODE_04,8,25,2026-06-02 14:15:51
ESP_NODE_03,32,21,2026-06-02 14:16:04
ESP_NODE_01,21,56,2026-06-02 14:16:04
ESP_NODE_02,12,21,2026-06-02 14:16:04
ESP_NODE_04,10,19,2026-06-02 14:16:59
ESP_NODE_03,42,23,2026-06-02 14:17:10
ESP_NODE_01,28,61,2026-06-02 14:17:10
ESP_NODE_02,16,23,2026-06-02 14:17:10
ESP_NODE_04,6,21,2026-06-02 14:18:11
ESP_NODE_03,28,19,2026-06-02 14:18:18
ESP_NODE_01,18,52,2026-06-02 14:18:18
ESP_NODE_02,11,19,2026-06-02 14:18:18
ESP_NODE_04,14,24,2026-06-02 14:19:21
ESP_NODE_03,41,21,2026-06-02 14:19:24
ESP_NODE_01,28,58,2026-06-02 14:19:24
ESP_NODE_02,16,21,2026-06-02 14:19:24
ESP_NODE_04,4,23,2026-06-02 14:20:28
ESP_NODE_03,45,19,2026-06-02 14:20:30
ESP_NODE_01,30,51,2026-06-02 14:20:30
ESP_NODE_02,18,19,2026-06-02 14:20:30
ESP_NODE_04,3,27,2026-06-02 14:21:35
ESP_NODE_03,25,17,2026-06-02 14:21:36
ESP_NODE_01,16,48,2026-06-02 14:21:36
ESP_NODE_02,10,17,2026-06-02 14:21:36
ESP_NODE_04,8,31,2026-06-02 14:22:42
ESP_NODE_03,38,22,2026-06-02 14:22:43
ESP_NODE_01,26,59,2026-06-02 14:22:43
ESP_NODE_02,15,22,2026-06-02 14:22:43
ESP_NODE_04,7,25,2026-06-02 14:23:52
ESP_NODE_03,68,23,2026-06-02 14:24:55
ESP_NODE_01,45,62,2026-06-02 14:24:55
ESP_NODE_02,27,23,2026-06-02 14:24:55
ESP_NODE_04,37,36,2026-06-02 14:26:15
ESP_NODE_03,68,16,2026-06-02 14:27:06
ESP_NODE_01,45,44,2026-06-02 14:27:06
ESP_NODE_02,27,16,2026-06-02 14:27:06
ESP_NODE_04,22,30,2026-06-02 14:27:22
ESP_NODE_03,43,22,2026-06-02 14:28:13
ESP_NODE_01,28,60,2026-06-02 14:28:13
ESP_NODE_02,17,22,2026-06-02 14:28:13
ESP_NODE_04,23,34,2026-06-02 14:28:28
ESP_NODE_03,55,18,2026-06-02 14:29:20
ESP_NODE_01,37,49,2026-06-02 14:29:20
ESP_NODE_02,22,18,2026-06-02 14:29:20
ESP_NODE_04,21,26,2026-06-02 14:29:37
ESP_NODE_03,29,15,2026-06-02 14:30:26
ESP_NODE_01,19,41,2026-06-02 14:30:26
ESP_NODE_02,11,15,2026-06-02 14:30:26
ESP_NODE_04,12,32,2026-06-02 14:30:46
ESP_NODE_03,41,18,2026-06-02 14:31:32
ESP_NODE_01,27,49,2026-06-02 14:31:32
ESP_NODE_02,16,18,2026-06-02 14:31:32
ESP_NODE_04,8,24,2026-06-02 14:31:58
ESP_NODE_03,66,14,2026-06-02 14:32:38
ESP_NODE_01,44,39,2026-06-02 14:32:38
ESP_NODE_02,26,14,2026-06-02 14:32:38
ESP_NODE_04,10,26,2026-06-02 14:33:04
ESP_NODE_03,73,16,2026-06-02 14:33:44
ESP_NODE_01,49,43,2026-06-02 14:33:44
ESP_NODE_02,29,16,2026-06-02 14:33:44
ESP_NODE_04,11,28,2026-06-02 14:34:11
ESP_NODE_03,60,14,2026-06-02 14:34:50
ESP_NODE_01,40,39,2026-06-02 14:34:50
ESP_NODE_02,24,14,2026-06-02 14:34:50
ESP_NODE_04,17,28,2026-06-02 14:35:18
ESP_NODE_03,33,14,2026-06-02 14:35:56
ESP_NODE_01,22,39,2026-06-02 14:35:56
ESP_NODE_02,13,14,2026-06-02 14:35:56
ESP_NODE_03,38,15,2026-06-02 14:37:02
ESP_NODE_01,25,40,2026-06-02 14:37:02
ESP_NODE_02,15,15,2026-06-02 14:37:02
ESP_NODE_03,36,14,2026-06-02 14:38:08
ESP_NODE_01,24,38,2026-06-02 14:38:08
ESP_NODE_02,14,14,2026-06-02 14:38:08
ESP_NODE_04,12,29,2026-06-02 14:38:55
ESP_NODE_03,23,13,2026-06-02 14:39:14
ESP_NODE_01,15,35,2026-06-02 14:39:14
ESP_NODE_02,9,13,2026-06-02 14:39:14
ESP_NODE_04,12,30,2026-06-02 14:40:07
ESP_NODE_03,29,13,2026-06-02 14:40:20
ESP_NODE_01,19,36,2026-06-02 14:40:20
ESP_NODE_02,11,13,2026-06-02 14:40:20
ESP_NODE_04,6,33,2026-06-02 14:41:20
ESP_NODE_03,51,14,2026-06-02 14:41:26
ESP_NODE_01,34,39,2026-06-02 14:41:26
ESP_NODE_02,20,14,2026-06-02 14:41:26
ESP_NODE_04,23,28,2026-06-02 14:42:28
ESP_NODE_03,92,16,2026-06-02 14:42:32
ESP_NODE_01,62,44,2026-06-02 14:42:32
ESP_NODE_02,37,16,2026-06-02 14:42:32
ESP_NODE_04,12,25,2026-06-02 14:43:34
ESP_NODE_03,78,15,2026-06-02 14:43:38
ESP_NODE_01,52,40,2026-06-02 14:43:38
ESP_NODE_02,31,15,2026-06-02 14:43:38
ESP_NODE_04,15,27,2026-06-02 14:44:40
ESP_NODE_03,79,18,2026-06-02 14:44:44
ESP_NODE_01,53,49,2026-06-02 14:44:44
ESP_NODE_02,31,18,2026-06-02 14:44:44
ESP_NODE_04,15,28,2026-06-02 14:45:48
ESP_NODE_04,20,29,2026-06-02 14:46:57
ESP_NODE_03,40,12,2026-06-02 14:47:00
ESP_NODE_01,27,34,2026-06-02 14:47:00
ESP_NODE_02,16,12,2026-06-02 14:47:00
ESP_NODE_04,2,25,2026-06-02 14:48:04
ESP_NODE_03,50,13,2026-06-02 14:48:07
ESP_NODE_01,33,36,2026-06-02 14:48:07
ESP_NODE_02,20,13,2026-06-02 14:48:07
ESP_NODE_04,10,25,2026-06-02 14:49:10
ESP_NODE_03,39,11,2026-06-02 14:49:14
ESP_NODE_01,26,31,2026-06-02 14:49:14
ESP_NODE_02,15,11,2026-06-02 14:49:14
ESP_NODE_04,15,27,2026-06-02 14:50:18
ESP_NODE_03,64,14,2026-06-02 14:50:20
ESP_NODE_01,43,37,2026-06-02 14:50:20
ESP_NODE_02,25,14,2026-06-02 14:50:20
ESP_NODE_04,10,19,2026-06-02 14:51:25
ESP_NODE_03,52,17,2026-06-02 14:51:26
ESP_NODE_01,35,48,2026-06-02 14:51:26
ESP_NODE_02,21,17,2026-06-02 14:51:26
ESP_NODE_04,11,22,2026-06-02 14:52:31
ESP_NODE_03,28,16,2026-06-02 14:52:32
ESP_NODE_01,19,44,2026-06-02 14:52:32
ESP_NODE_02,11,16,2026-06-02 14:52:32
ESP_NODE_03,36,20,2026-06-02 14:53:38
ESP_NODE_01,24,55,2026-06-02 14:53:38
ESP_NODE_02,14,20,2026-06-02 14:53:38
ESP_NODE_04,9,24,2026-06-02 14:53:38
ESP_NODE_04,7,23,2026-06-02 14:54:44
ESP_NODE_03,49,16,2026-06-02 14:54:45
ESP_NODE_01,33,43,2026-06-02 14:54:45
ESP_NODE_02,19,16,2026-06-02 14:54:45
ESP_NODE_04,13,21,2026-06-02 14:55:51
ESP_NODE_03,29,15,2026-06-02 14:55:52
ESP_NODE_01,19,41,2026-06-02 14:55:52
ESP_NODE_02,11,15,2026-06-02 14:55:52
ESP_NODE_03,54,19,2026-06-02 14:56:58
ESP_NODE_01,36,52,2026-06-02 14:56:58
ESP_NODE_02,21,19,2026-06-02 14:56:58
ESP_NODE_04,26,19,2026-06-02 14:56:58
ESP_NODE_03,34,15,2026-06-02 14:58:04
ESP_NODE_01,23,40,2026-06-02 14:58:04
ESP_NODE_02,13,15,2026-06-02 14:58:04
ESP_NODE_03,30,12,2026-06-02 14:59:10
ESP_NODE_01,20,32,2026-06-02 14:59:10
ESP_NODE_02,12,12,2026-06-02 14:59:10
ESP_NODE_04,13,13,2026-06-02 14:59:19
ESP_NODE_03,17,15,2026-06-02 15:00:16
ESP_NODE_01,11,41,2026-06-02 15:00:16
ESP_NODE_02,6,15,2026-06-02 15:00:16
ESP_NODE_03,21,13,2026-06-02 15:01:22
ESP_NODE_01,14,36,2026-06-02 15:01:22
ESP_NODE_02,8,13,2026-06-02 15:01:22
ESP_NODE_04,19,20,2026-06-02 15:01:32
ESP_NODE_03,40,22,2026-06-02 15:02:28
ESP_NODE_01,27,59,2026-06-02 15:02:28
ESP_NODE_02,16,22,2026-06-02 15:02:28
ESP_NODE_04,9,17,2026-06-02 15:02:38
ESP_NODE_03,28,18,2026-06-02 15:03:34
ESP_NODE_01,19,48,2026-06-02 15:03:34
ESP_NODE_02,11,18,2026-06-02 15:03:34
ESP_NODE_04,6,13,2026-06-02 15:03:45
ESP_NODE_03,19,14,2026-06-02 15:04:40
ESP_NODE_01,12,38,2026-06-02 15:04:40
ESP_NODE_02,7,14,2026-06-02 15:04:40
ESP_NODE_04,22,14,2026-06-02 15:04:51
ESP_NODE_03,32,10,2026-06-02 15:05:46
ESP_NODE_01,21,28,2026-06-02 15:05:46
ESP_NODE_02,12,10,2026-06-02 15:05:46
ESP_NODE_04,23,18,2026-06-02 15:05:59
ESP_NODE_03,25,18,2026-06-02 15:06:52
ESP_NODE_01,17,49,2026-06-02 15:06:52
ESP_NODE_02,10,18,2026-06-02 15:06:52
ESP_NODE_04,21,19,2026-06-02 15:07:05
ESP_NODE_03,24,13,2026-06-02 15:07:58
ESP_NODE_01,16,36,2026-06-02 15:07:58
ESP_NODE_02,9,13,2026-06-02 15:07:58
ESP_NODE_04,24,25,2026-06-02 15:08:14
ESP_NODE_03,26,16,2026-06-02 15:09:04
ESP_NODE_01,17,43,2026-06-02 15:09:04
ESP_NODE_02,10,16,2026-06-02 15:09:04
ESP_NODE_04,14,21,2026-06-02 15:09:23
ESP_NODE_03,28,16,2026-06-02 15:10:10
ESP_NODE_01,19,43,2026-06-02 15:10:10
ESP_NODE_02,11,16,2026-06-02 15:10:10
ESP_NODE_04,9,14,2026-06-02 15:10:34
ESP_NODE_03,16,13,2026-06-02 15:11:16
ESP_NODE_01,11,36,2026-06-02 15:11:16
ESP_NODE_02,6,13,2026-06-02 15:11:16
ESP_NODE_03,29,17,2026-06-02 15:12:23
ESP_NODE_01,19,47,2026-06-02 15:12:23
ESP_NODE_02,11,17,2026-06-02 15:12:23
ESP_NODE_03,25,17,2026-06-02 15:13:30
ESP_NODE_01,17,47,2026-06-02 15:13:30
ESP_NODE_02,10,17,2026-06-02 15:13:30
ESP_NODE_04,11,13,2026-06-02 15:14:11
ESP_NODE_03,24,11,2026-06-02 15:14:36
ESP_NODE_01,16,29,2026-06-02 15:14:36
ESP_NODE_02,9,11,2026-06-02 15:14:36
ESP_NODE_04,10,16,2026-06-02 15:15:17
ESP_NODE_03,17,20,2026-06-02 15:15:42
ESP_NODE_01,11,55,2026-06-02 15:15:42
ESP_NODE_02,7,20,2026-06-02 15:15:42
ESP_NODE_04,4,14,2026-06-02 15:16:26
ESP_NODE_03,22,18,2026-06-02 15:16:48
ESP_NODE_01,14,49,2026-06-02 15:16:48
ESP_NODE_02,8,18,2026-06-02 15:16:48
ESP_NODE_03,23,18,2026-06-02 15:17:54
ESP_NODE_01,15,50,2026-06-02 15:17:54
ESP_NODE_02,9,18,2026-06-02 15:17:54
ESP_NODE_04,3,15,2026-06-02 15:18:54
ESP_NODE_03,14,16,2026-06-02 15:19:00
ESP_NODE_01,9,44,2026-06-02 15:19:00
ESP_NODE_02,5,16,2026-06-02 15:19:00
ESP_NODE_04,5,15,2026-06-02 15:20:03
ESP_NODE_03,18,14,2026-06-02 15:20:08
ESP_NODE_01,12,39,2026-06-02 15:20:08
ESP_NODE_02,7,14,2026-06-02 15:20:08
ESP_NODE_03,23,16,2026-06-02 15:21:14
ESP_NODE_01,15,44,2026-06-02 15:21:14
ESP_NODE_02,9,16,2026-06-02 15:21:14
ESP_NODE_03,18,12,2026-06-02 15:22:20
ESP_NODE_01,12,32,2026-06-02 15:22:20
ESP_NODE_02,7,12,2026-06-02 15:22:20
ESP_NODE_04,4,16,2026-06-02 15:22:27
ESP_NODE_03,28,13,2026-06-02 15:23:26
ESP_NODE_01,19,37,2026-06-02 15:23:26
ESP_NODE_02,11,13,2026-06-02 15:23:26
ESP_NODE_04,12,15,2026-06-02 15:23:50
ESP_NODE_03,7,18,2026-06-02 15:24:32
ESP_NODE_01,4,49,2026-06-02 15:24:32
ESP_NODE_02,7,18,2026-06-02 15:24:32
ESP_NODE_04,5,13,2026-06-02 15:25:02
ESP_NODE_04,4,12,2026-06-02 15:26:18
ESP_NODE_03,15,14,2026-06-02 15:26:44
ESP_NODE_01,10,37,2026-06-02 15:26:44
ESP_NODE_02,6,14,2026-06-02 15:26:44
ESP_NODE_04,0,17,2026-06-02 15:27:25
ESP_NODE_03,33,9,2026-06-02 15:27:50
ESP_NODE_01,22,24,2026-06-02 15:27:50
ESP_NODE_02,13,9,2026-06-02 15:27:50
ESP_NODE_04,8,13,2026-06-02 15:28:32
ESP_NODE_03,16,15,2026-06-02 15:28:56
ESP_NODE_01,10,41,2026-06-02 15:28:56
ESP_NODE_02,6,15,2026-06-02 15:28:56
ESP_NODE_04,5,13,2026-06-02 15:29:40
ESP_NODE_03,20,8,2026-06-02 15:30:02
ESP_NODE_01,14,22,2026-06-02 15:30:02
ESP_NODE_02,8,8,2026-06-02 15:30:02
ESP_NODE_04,11,17,2026-06-02 15:30:52
ESP_NODE_03,24,8,2026-06-02 15:31:08
ESP_NODE_01,16,22,2026-06-02 15:31:08
ESP_NODE_02,9,8,2026-06-02 15:31:08
ESP_NODE_04,5,17,2026-06-02 15:31:59
ESP_NODE_03,14,7,2026-06-02 15:32:14
ESP_NODE_01,9,20,2026-06-02 15:32:14
ESP_NODE_02,5,10,2026-06-02 15:32:14
ESP_NODE_04,3,12,2026-06-02 15:33:11
ESP_NODE_03,25,7,2026-06-02 15:33:20
ESP_NODE_01,16,19,2026-06-02 15:33:20
ESP_NODE_02,10,11,2026-06-02 15:33:20
ESP_NODE_03,15,9,2026-06-02 15:34:26
ESP_NODE_01,10,25,2026-06-02 15:34:26
ESP_NODE_02,6,9,2026-06-02 15:34:26
ESP_NODE_03,13,9,2026-06-02 15:35:31
ESP_NODE_01,9,26,2026-06-02 15:35:31
ESP_NODE_02,5,9,2026-06-02 15:35:31
ESP_NODE_04,4,14,2026-06-02 15:35:35
ESP_NODE_03,13,10,2026-06-02 15:36:37
ESP_NODE_01,9,28,2026-06-02 15:36:37
ESP_NODE_02,5,10,2026-06-02 15:36:37
ESP_NODE_04,9,16,2026-06-02 15:36:42
ESP_NODE_03,12,11,2026-06-02 15:37:43
ESP_NODE_01,8,29,2026-06-02 15:37:43
ESP_NODE_02,5,11,2026-06-02 15:37:43
ESP_NODE_04,2,13,2026-06-02 15:37:54
ESP_NODE_03,15,12,2026-06-02 15:38:49
ESP_NODE_01,10,33,2026-06-02 15:38:49
ESP_NODE_02,6,12,2026-06-02 15:38:49
ESP_NODE_04,16,14,2026-06-02 15:39:03
ESP_NODE_03,19,9,2026-06-02 15:39:56
ESP_NODE_01,13,26,2026-06-02 15:39:56
ESP_NODE_02,7,9,2026-06-02 15:39:56
ESP_NODE_04,7,14,2026-06-02 15:40:11
ESP_NODE_03,26,9,2026-06-02 15:41:02
ESP_NODE_01,17,24,2026-06-02 15:41:02
ESP_NODE_02,10,9,2026-06-02 15:41:02
ESP_NODE_04,6,17,2026-06-02 15:41:20
ESP_NODE_03,21,10,2026-06-02 15:42:07
ESP_NODE_01,14,28,2026-06-02 15:42:07
ESP_NODE_02,8,10,2026-06-02 15:42:07
ESP_NODE_04,5,14,2026-06-02 15:42:27
ESP_NODE_03,25,9,2026-06-02 15:43:13
ESP_NODE_01,17,25,2026-06-02 15:43:13
ESP_NODE_02,10,9,2026-06-02 15:43:13
ESP_NODE_03,17,4,2026-06-02 15:44:19
ESP_NODE_01,11,12,2026-06-02 15:44:19
ESP_NODE_02,6,10,2026-06-02 15:44:19
ESP_NODE_04,16,17,2026-06-02 15:44:48
ESP_NODE_03,11,11,2026-06-02 15:45:25
ESP_NODE_01,7,30,2026-06-02 15:45:25
ESP_NODE_02,8,11,2026-06-02 15:45:25
ESP_NODE_04,12,16,2026-06-02 15:46:03
ESP_NODE_03,17,8,2026-06-02 15:46:31
ESP_NODE_01,12,24,2026-06-02 15:46:31
ESP_NODE_02,7,8,2026-06-02 15:46:31
ESP_NODE_04,2,15,2026-06-02 15:47:16
ESP_NODE_03,11,7,2026-06-02 15:47:37
ESP_NODE_01,7,19,2026-06-02 15:47:37
ESP_NODE_02,6,9,2026-06-02 15:47:37
ESP_NODE_04,3,13,2026-06-02 15:48:24
ESP_NODE_03,22,11,2026-06-02 15:48:43
ESP_NODE_01,15,30,2026-06-02 15:48:43
ESP_NODE_02,9,11,2026-06-02 15:48:43
ESP_NODE_04,4,16,2026-06-02 15:49:32
ESP_NODE_03,40,11,2026-06-02 15:49:49
ESP_NODE_01,27,30,2026-06-02 15:49:49
ESP_NODE_02,16,11,2026-06-02 15:49:49
ESP_NODE_04,8,14,2026-06-02 15:50:44
ESP_NODE_03,18,11,2026-06-02 15:50:55
ESP_NODE_01,12,30,2026-06-02 15:50:55
ESP_NODE_02,7,11,2026-06-02 15:50:55
ESP_NODE_04,8,19,2026-06-02 15:51:52
ESP_NODE_03,27,9,2026-06-02 15:52:01
ESP_NODE_01,18,25,2026-06-02 15:52:01
ESP_NODE_02,10,9,2026-06-02 15:52:01
ESP_NODE_04,10,15,2026-06-02 15:52:59
ESP_NODE_04,4,11,2026-06-02 15:54:07
ESP_NODE_03,23,6,2026-06-02 15:54:14
ESP_NODE_01,15,17,2026-06-02 15:54:14
ESP_NODE_02,9,8,2026-06-02 15:54:14
ESP_NODE_04,5,13,2026-06-02 15:55:14
ESP_NODE_03,24,5,2026-06-02 15:55:21
ESP_NODE_01,16,15,2026-06-02 15:55:21
ESP_NODE_02,9,9,2026-06-02 15:55:21
ESP_NODE_04,13,14,2026-06-02 15:56:21
ESP_NODE_03,37,8,2026-06-02 15:56:27
ESP_NODE_01,24,21,2026-06-02 15:56:27
ESP_NODE_02,14,8,2026-06-02 15:56:27
ESP_NODE_04,14,17,2026-06-02 15:57:29
ESP_NODE_03,21,11,2026-06-02 15:57:34
ESP_NODE_01,14,30,2026-06-02 15:57:34
ESP_NODE_02,8,11,2026-06-02 15:57:34
ESP_NODE_04,8,14,2026-06-02 15:58:35
ESP_NODE_03,35,7,2026-06-02 15:58:40
ESP_NODE_01,23,19,2026-06-02 15:58:40
ESP_NODE_02,14,8,2026-06-02 15:58:40
ESP_NODE_03,69,5,2026-06-02 15:59:46
ESP_NODE_01,46,15,2026-06-02 15:59:46
ESP_NODE_02,27,11,2026-06-02 15:59:46
ESP_NODE_04,17,20,2026-06-02 16:00:48
ESP_NODE_03,62,9,2026-06-02 16:00:52
ESP_NODE_01,41,25,2026-06-02 16:00:52
ESP_NODE_02,24,9,2026-06-02 16:00:52
ESP_NODE_04,7,10,2026-06-02 16:01:54
ESP_NODE_03,44,9,2026-06-02 16:02:00
ESP_NODE_01,29,26,2026-06-02 16:02:00
ESP_NODE_02,17,9,2026-06-02 16:02:00
ESP_NODE_04,4,14,2026-06-02 16:03:01
ESP_NODE_03,15,8,2026-06-02 16:03:06
ESP_NODE_01,10,22,2026-06-02 16:03:06
ESP_NODE_02,6,8,2026-06-02 16:03:06
ESP_NODE_04,14,18,2026-06-02 16:04:08
ESP_NODE_03,24,13,2026-06-02 16:04:13
ESP_NODE_01,16,34,2026-06-02 16:04:13
ESP_NODE_02,9,13,2026-06-02 16:04:13
ESP_NODE_04,15,16,2026-06-02 16:05:15
ESP_NODE_03,18,11,2026-06-02 16:05:19
ESP_NODE_01,12,32,2026-06-02 16:05:19
ESP_NODE_02,7,11,2026-06-02 16:05:19
ESP_NODE_04,26,15,2026-06-02 16:06:22
ESP_NODE_03,51,10,2026-06-02 16:06:25
ESP_NODE_01,34,28,2026-06-02 16:06:25
ESP_NODE_02,20,10,2026-06-02 16:06:25
ESP_NODE_04,26,15,2026-06-02 16:07:28
ESP_NODE_03,32,6,2026-06-02 16:07:31
ESP_NODE_01,21,17,2026-06-02 16:07:31
ESP_NODE_02,12,8,2026-06-02 16:07:31
ESP_NODE_04,31,16,2026-06-02 16:09:42
ESP_NODE_03,21,11,2026-06-02 16:09:43
ESP_NODE_01,14,30,2026-06-02 16:09:43
ESP_NODE_02,8,11,2026-06-02 16:09:43
ESP_NODE_03,43,12,2026-06-02 16:10:48
ESP_NODE_01,29,34,2026-06-02 16:10:48
ESP_NODE_02,17,12,2026-06-02 16:10:48
ESP_NODE_04,23,14,2026-06-02 16:10:49
ESP_NODE_03,31,13,2026-06-02 16:11:55
ESP_NODE_01,21,36,2026-06-02 16:11:55
ESP_NODE_02,12,13,2026-06-02 16:11:55
ESP_NODE_04,3,20,2026-06-02 16:11:55
ESP_NODE_03,13,10,2026-06-02 16:13:00
ESP_NODE_01,8,27,2026-06-02 16:13:00
ESP_NODE_02,5,10,2026-06-02 16:13:00
ESP_NODE_04,4,19,2026-06-02 16:13:04
ESP_NODE_03,16,13,2026-06-02 16:14:07
ESP_NODE_01,11,37,2026-06-02 16:14:07
ESP_NODE_02,6,13,2026-06-02 16:14:07
ESP_NODE_04,18,17,2026-06-02 16:14:12
ESP_NODE_03,17,16,2026-06-02 16:15:13
ESP_NODE_01,11,44,2026-06-02 16:15:13
ESP_NODE_02,7,16,2026-06-02 16:15:13
ESP_NODE_04,11,16,2026-06-02 16:15:19
ESP_NODE_03,31,17,2026-06-02 16:16:19
ESP_NODE_01,21,47,2026-06-02 16:16:19
ESP_NODE_02,12,17,2026-06-02 16:16:19
ESP_NODE_04,10,15,2026-06-02 16:16:27
ESP_NODE_03,46,8,2026-06-02 16:17:25
ESP_NODE_01,31,23,2026-06-02 16:17:25
ESP_NODE_02,18,8,2026-06-02 16:17:25
ESP_NODE_04,12,21,2026-06-02 16:17:40
ESP_NODE_03,49,8,2026-06-02 16:18:31
ESP_NODE_01,33,23,2026-06-02 16:18:31
ESP_NODE_02,19,8,2026-06-02 16:18:31
ESP_NODE_04,7,21,2026-06-02 16:18:48
ESP_NODE_03,28,8,2026-06-02 16:19:37
ESP_NODE_01,19,23,2026-06-02 16:19:37
ESP_NODE_02,11,8,2026-06-02 16:19:37
ESP_NODE_04,17,15,2026-06-02 16:19:57
ESP_NODE_03,58,10,2026-06-02 16:20:43
ESP_NODE_01,39,27,2026-06-02 16:20:43
ESP_NODE_02,23,10,2026-06-02 16:20:43
ESP_NODE_04,11,14,2026-06-02 16:21:09
ESP_NODE_03,50,7,2026-06-02 16:21:50
ESP_NODE_01,33,20,2026-06-02 16:21:50
ESP_NODE_02,20,9,2026-06-02 16:21:50
ESP_NODE_04,7,19,2026-06-02 16:22:15
ESP_NODE_03,26,8,2026-06-02 16:22:56
ESP_NODE_01,17,21,2026-06-02 16:22:56
ESP_NODE_02,10,8,2026-06-02 16:22:56
ESP_NODE_04,15,17,2026-06-02 16:23:21
ESP_NODE_03,15,7,2026-06-02 16:24:02
ESP_NODE_01,10,20,2026-06-02 16:24:02
ESP_NODE_02,6,11,2026-06-02 16:24:02
ESP_NODE_04,9,17,2026-06-02 16:24:28
ESP_NODE_03,26,9,2026-06-02 16:25:08
ESP_NODE_01,17,26,2026-06-02 16:25:08
ESP_NODE_02,10,9,2026-06-02 16:25:08
ESP_NODE_04,19,18,2026-06-02 16:25:34
ESP_NODE_03,11,7,2026-06-02 16:26:14
ESP_NODE_01,7,19,2026-06-02 16:26:14
ESP_NODE_02,8,11,2026-06-02 16:26:14
ESP_NODE_04,12,19,2026-06-02 16:26:40
ESP_NODE_03,23,13,2026-06-02 16:27:20
ESP_NODE_01,15,35,2026-06-02 16:27:20
ESP_NODE_02,9,13,2026-06-02 16:27:20
ESP_NODE_04,20,15,2026-06-02 16:27:46
ESP_NODE_03,10,9,2026-06-02 16:28:26
ESP_NODE_01,6,24,2026-06-02 16:28:26
ESP_NODE_02,8,9,2026-06-02 16:28:26
ESP_NODE_04,15,16,2026-06-02 16:28:53
ESP_NODE_03,41,12,2026-06-02 16:29:31
ESP_NODE_01,27,32,2026-06-02 16:29:31
ESP_NODE_02,16,12,2026-06-02 16:29:31
ESP_NODE_04,15,12,2026-06-02 16:29:59
ESP_NODE_03,33,10,2026-06-02 16:30:37
ESP_NODE_01,22,26,2026-06-02 16:30:37
ESP_NODE_02,13,10,2026-06-02 16:30:37
ESP_NODE_04,8,7,2026-06-02 16:31:06
ESP_NODE_03,34,12,2026-06-02 16:31:43
ESP_NODE_01,23,32,2026-06-02 16:31:43
ESP_NODE_02,13,12,2026-06-02 16:31:43
ESP_NODE_04,20,6,2026-06-02 16:32:11
ESP_NODE_03,58,16,2026-06-02 16:32:49
ESP_NODE_01,39,43,2026-06-02 16:32:49
ESP_NODE_02,23,16,2026-06-02 16:32:49
ESP_NODE_04,7,8,2026-06-02 16:33:18
ESP_NODE_03,21,13,2026-06-02 16:33:55
ESP_NODE_01,14,36,2026-06-02 16:33:55
ESP_NODE_02,8,13,2026-06-02 16:33:55
ESP_NODE_04,3,8,2026-06-02 16:34:23
ESP_NODE_03,23,12,2026-06-02 16:35:02
ESP_NODE_01,16,34,2026-06-02 16:35:02
ESP_NODE_02,9,12,2026-06-02 16:35:02
ESP_NODE_04,16,10,2026-06-02 16:35:30
ESP_NODE_03,48,14,2026-06-02 16:36:08
ESP_NODE_01,32,39,2026-06-02 16:36:08
ESP_NODE_02,19,14,2026-06-02 16:36:08
ESP_NODE_04,10,5,2026-06-02 16:36:36
ESP_NODE_03,24,11,2026-06-02 16:37:14
ESP_NODE_01,16,31,2026-06-02 16:37:14
ESP_NODE_02,9,11,2026-06-02 16:37:14
ESP_NODE_04,17,8,2026-06-02 16:37:42
ESP_NODE_03,17,14,2026-06-02 16:38:20
ESP_NODE_01,12,38,2026-06-02 16:38:20
ESP_NODE_02,7,14,2026-06-02 16:38:20
ESP_NODE_04,13,12,2026-06-02 16:38:48
ESP_NODE_03,33,18,2026-06-02 16:39:26
ESP_NODE_01,22,48,2026-06-02 16:39:26
ESP_NODE_02,13,18,2026-06-02 16:39:26
ESP_NODE_03,29,18,2026-06-02 16:40:32
ESP_NODE_01,19,49,2026-06-02 16:40:32
ESP_NODE_02,11,18,2026-06-02 16:40:32
ESP_NODE_04,29,10,2026-06-02 16:41:01
ESP_NODE_03,22,15,2026-06-02 16:41:38
ESP_NODE_01,15,42,2026-06-02 16:41:38
ESP_NODE_02,9,15,2026-06-02 16:41:38
ESP_NODE_04,12,12,2026-06-02 16:42:08
ESP_NODE_03,25,16,2026-06-02 16:42:44
ESP_NODE_01,17,44,2026-06-02 16:42:44
ESP_NODE_02,10,16,2026-06-02 16:42:44
ESP_NODE_04,5,3,2026-06-02 16:43:14
ESP_NODE_03,23,13,2026-06-02 16:43:50
ESP_NODE_01,15,36,2026-06-02 16:43:50
ESP_NODE_02,9,13,2026-06-02 16:43:50
ESP_NODE_04,3,8,2026-06-02 16:44:20
ESP_NODE_03,26,16,2026-06-02 16:44:56
ESP_NODE_01,17,44,2026-06-02 16:44:56
ESP_NODE_02,10,16,2026-06-02 16:44:56
ESP_NODE_04,27,5,2026-06-02 16:45:27
ESP_NODE_03,12,15,2026-06-02 16:46:02
ESP_NODE_01,8,40,2026-06-02 16:46:02
ESP_NODE_02,5,15,2026-06-02 16:46:02
ESP_NODE_03,32,18,2026-06-02 16:47:07
ESP_NODE_01,21,50,2026-06-02 16:47:07
ESP_NODE_02,13,18,2026-06-02 16:47:07
ESP_NODE_04,4,6,2026-06-02 16:47:39
ESP_NODE_03,32,15,2026-06-02 16:48:14
ESP_NODE_01,22,41,2026-06-02 16:48:14
ESP_NODE_02,13,15,2026-06-02 16:48:14
ESP_NODE_04,12,8,2026-06-02 16:48:45
ESP_NODE_03,24,15,2026-06-02 16:49:20
ESP_NODE_01,16,42,2026-06-02 16:49:20
ESP_NODE_02,9,15,2026-06-02 16:49:20
ESP_NODE_04,10,2,2026-06-02 16:49:52
ESP_NODE_03,13,14,2026-06-02 16:50:26
ESP_NODE_01,8,38,2026-06-02 16:50:26
ESP_NODE_02,5,14,2026-06-02 16:50:26
ESP_NODE_04,10,6,2026-06-02 16:50:57
ESP_NODE_03,13,12,2026-06-02 16:52:38
ESP_NODE_01,9,34,2026-06-02 16:52:38
ESP_NODE_02,5,12,2026-06-02 16:52:38
ESP_NODE_04,4,7,2026-06-02 16:53:18
ESP_NODE_03,27,12,2026-06-02 16:53:45
ESP_NODE_01,18,34,2026-06-02 16:53:45
ESP_NODE_02,10,12,2026-06-02 16:53:45
ESP_NODE_04,2,7,2026-06-02 16:54:24
ESP_NODE_03,13,18,2026-06-02 16:54:51
ESP_NODE_01,9,49,2026-06-02 16:54:51
ESP_NODE_02,5,18,2026-06-02 16:54:51
ESP_NODE_03,18,16,2026-06-02 16:55:57
ESP_NODE_01,12,43,2026-06-02 16:55:57
ESP_NODE_02,7,16,2026-06-02 16:55:57
ESP_NODE_03,12,20,2026-06-02 16:57:03
ESP_NODE_01,8,55,2026-06-02 16:57:03
ESP_NODE_02,5,20,2026-06-02 16:57:03
ESP_NODE_04,11,8,2026-06-02 16:57:51
ESP_NODE_03,10,14,2026-06-02 16:58:09
ESP_NODE_01,7,39,2026-06-02 16:58:09
ESP_NODE_02,6,14,2026-06-02 16:58:09
ESP_NODE_04,1,5,2026-06-02 16:58:57
ESP_NODE_03,7,14,2026-06-02 16:59:15
ESP_NODE_01,4,39,2026-06-02 16:59:15
ESP_NODE_02,8,14,2026-06-02 16:59:15
ESP_NODE_04,7,7,2026-06-02 17:00:04
ESP_NODE_03,22,16,2026-06-02 17:00:22
ESP_NODE_01,15,45,2026-06-02 17:00:22
ESP_NODE_02,9,16,2026-06-02 17:00:22
ESP_NODE_04,9,7,2026-06-02 17:01:11
ESP_NODE_03,15,15,2026-06-02 17:01:28
ESP_NODE_01,10,41,2026-06-02 17:01:28
ESP_NODE_02,6,15,2026-06-02 17:01:28
ESP_NODE_04,13,8,2026-06-02 17:02:17
ESP_NODE_04,20,8,2026-06-02 17:03:23
ESP_NODE_03,15,10,2026-06-02 17:03:40
ESP_NODE_01,10,28,2026-06-02 17:03:40
ESP_NODE_02,6,10,2026-06-02 17:03:40
ESP_NODE_04,9,7,2026-06-02 17:04:28
ESP_NODE_03,17,16,2026-06-02 17:04:46
ESP_NODE_01,11,43,2026-06-02 17:04:46
ESP_NODE_02,6,16,2026-06-02 17:04:46
ESP_NODE_04,6,6,2026-06-02 17:05:34
ESP_NODE_03,8,16,2026-06-02 17:05:52
ESP_NODE_01,5,43,2026-06-02 17:05:52
ESP_NODE_02,8,16,2026-06-02 17:05:52
ESP_NODE_04,12,7,2026-06-02 17:06:40
ESP_NODE_03,17,20,2026-06-02 17:06:58
ESP_NODE_01,11,54,2026-06-02 17:06:58
ESP_NODE_02,6,20,2026-06-02 17:06:58
ESP_NODE_04,0,7,2026-06-02 17:08:52
ESP_NODE_03,8,16,2026-06-02 17:09:10
ESP_NODE_01,5,43,2026-06-02 17:09:10
ESP_NODE_02,5,16,2026-06-02 17:09:10
ESP_NODE_04,12,2,2026-06-02 17:09:59
ESP_NODE_03,8,13,2026-06-02 17:10:16
ESP_NODE_01,5,36,2026-06-02 17:10:16
ESP_NODE_02,8,13,2026-06-02 17:10:16
ESP_NODE_04,14,6,2026-06-02 17:11:04
ESP_NODE_04,21,7,2026-06-02 17:12:11
ESP_NODE_03,8,16,2026-06-02 17:12:28
ESP_NODE_01,5,44,2026-06-02 17:12:28
ESP_NODE_02,5,16,2026-06-02 17:12:28
ESP_NODE_04,4,6,2026-06-02 17:13:17
ESP_NODE_03,6,17,2026-06-02 17:13:34
ESP_NODE_01,4,45,2026-06-02 17:13:34
ESP_NODE_02,5,17,2026-06-02 17:13:34
ESP_NODE_04,3,4,2026-06-02 17:14:23
ESP_NODE_03,11,12,2026-06-02 17:14:40
ESP_NODE_01,7,34,2026-06-02 17:14:40
ESP_NODE_02,5,12,2026-06-02 17:14:40
ESP_NODE_03,13,10,2026-06-02 17:16:53
ESP_NODE_01,9,28,2026-06-02 17:16:53
ESP_NODE_02,5,10,2026-06-02 17:16:53
ESP_NODE_03,14,12,2026-06-02 17:17:59
ESP_NODE_01,9,33,2026-06-02 17:17:59
ESP_NODE_02,5,12,2026-06-02 17:17:59
ESP_NODE_04,18,8,2026-06-02 17:17:59
ESP_NODE_03,11,12,2026-06-02 17:19:05
ESP_NODE_01,7,34,2026-06-02 17:19:05
ESP_NODE_02,5,12,2026-06-02 17:19:05
ESP_NODE_04,4,12,2026-06-02 17:19:05
ESP_NODE_03,16,14,2026-06-02 17:20:11
ESP_NODE_01,11,39,2026-06-02 17:20:11
ESP_NODE_02,6,14,2026-06-02 17:20:11
ESP_NODE_03,24,14,2026-06-02 17:21:17
ESP_NODE_01,16,38,2026-06-02 17:21:17
ESP_NODE_02,9,14,2026-06-02 17:21:17
ESP_NODE_03,9,7,2026-06-02 17:22:23
ESP_NODE_01,6,19,2026-06-02 17:22:23
ESP_NODE_02,6,12,2026-06-02 17:22:23
ESP_NODE_03,9,9,2026-06-02 17:23:29
ESP_NODE_01,6,26,2026-06-02 17:23:29
ESP_NODE_02,8,9,2026-06-02 17:23:29
ESP_NODE_03,18,11,2026-06-02 17:24:35
ESP_NODE_01,12,30,2026-06-02 17:24:35
ESP_NODE_02,7,11,2026-06-02 17:24:35
ESP_NODE_03,11,10,2026-06-02 17:25:40
ESP_NODE_01,7,28,2026-06-02 17:25:40
ESP_NODE_02,7,10,2026-06-02 17:25:40
ESP_NODE_03,10,13,2026-06-02 17:26:47
ESP_NODE_01,6,35,2026-06-02 17:26:47
ESP_NODE_02,8,13,2026-06-02 17:26:47
ESP_NODE_03,13,14,2026-06-02 17:27:52
ESP_NODE_01,9,39,2026-06-02 17:27:52
ESP_NODE_02,5,14,2026-06-02 17:27:52
ESP_NODE_03,22,13,2026-06-02 17:28:58
ESP_NODE_01,14,37,2026-06-02 17:28:58
ESP_NODE_02,8,13,2026-06-02 17:28:58
ESP_NODE_03,12,13,2026-06-02 17:30:04
ESP_NODE_01,8,36,2026-06-02 17:30:04
ESP_NODE_02,5,13,2026-06-02 17:30:04
ESP_NODE_03,27,15,2026-06-02 17:31:10
ESP_NODE_01,18,40,2026-06-02 17:31:10
ESP_NODE_02,10,15,2026-06-02 17:31:10
ESP_NODE_03,22,14,2026-06-02 17:32:17
ESP_NODE_01,15,38,2026-06-02 17:32:17
ESP_NODE_02,9,14,2026-06-02 17:32:17
ESP_NODE_03,24,11,2026-06-02 17:33:22
ESP_NODE_01,16,29,2026-06-02 17:33:22
ESP_NODE_02,9,11,2026-06-02 17:33:22
ESP_NODE_03,23,17,2026-06-02 17:34:32
ESP_NODE_01,15,48,2026-06-02 17:34:32
ESP_NODE_02,9,17,2026-06-02 17:34:32
ESP_NODE_03,16,13,2026-06-02 17:35:38
ESP_NODE_01,11,35,2026-06-02 17:35:38
ESP_NODE_02,6,13,2026-06-02 17:35:38
ESP_NODE_03,15,9,2026-06-02 17:36:43
ESP_NODE_01,10,24,2026-06-02 17:36:43
ESP_NODE_02,6,9,2026-06-02 17:36:43
ESP_NODE_03,21,9,2026-06-02 17:37:49
ESP_NODE_01,14,24,2026-06-02 17:37:49
ESP_NODE_02,8,9,2026-06-02 17:37:49
ESP_NODE_03,7,12,2026-06-02 17:38:55
ESP_NODE_01,5,33,2026-06-02 17:38:55
ESP_NODE_02,5,12,2026-06-02 17:38:55
ESP_NODE_03,22,14,2026-06-02 17:40:01
ESP_NODE_01,15,37,2026-06-02 17:40:01
ESP_NODE_02,9,14,2026-06-02 17:40:01
ESP_NODE_03,19,10,2026-06-02 17:41:07
ESP_NODE_01,13,27,2026-06-02 17:41:07
ESP_NODE_02,7,10,2026-06-02 17:41:07
ESP_NODE_03,20,15,2026-06-02 17:42:13
ESP_NODE_01,13,41,2026-06-02 17:42:13
ESP_NODE_02,8,15,2026-06-02 17:42:13
ESP_NODE_03,24,15,2026-06-02 17:43:19
ESP_NODE_01,16,41,2026-06-02 17:43:19
ESP_NODE_02,9,15,2026-06-02 17:43:19
ESP_NODE_03,14,12,2026-06-02 17:44:25
ESP_NODE_01,9,32,2026-06-02 17:44:25
ESP_NODE_02,5,12,2026-06-02 17:44:25
ESP_NODE_03,23,12,2026-06-02 17:45:30
ESP_NODE_01,15,32,2026-06-02 17:45:30
ESP_NODE_02,9,12,2026-06-02 17:45:30
ESP_NODE_03,16,11,2026-06-02 17:46:36
ESP_NODE_01,10,30,2026-06-02 17:46:36
ESP_NODE_02,6,11,2026-06-02 17:46:36
ESP_NODE_03,20,10,2026-06-02 17:47:42
ESP_NODE_01,13,27,2026-06-02 17:47:42
ESP_NODE_02,8,10,2026-06-02 17:47:42
ESP_NODE_03,17,11,2026-06-02 17:48:49
ESP_NODE_01,11,31,2026-06-02 17:48:49
ESP_NODE_02,6,11,2026-06-02 17:48:49
ESP_NODE_03,14,8,2026-06-02 17:49:55
ESP_NODE_01,10,22,2026-06-02 17:49:55
ESP_NODE_02,5,8,2026-06-02 17:49:55
ESP_NODE_03,18,8,2026-06-02 17:51:02
ESP_NODE_01,12,23,2026-06-02 17:51:02
ESP_NODE_02,7,8,2026-06-02 17:51:02
ESP_NODE_03,17,4,2026-06-02 17:53:14
ESP_NODE_01,11,13,2026-06-02 17:53:14
ESP_NODE_02,6,10,2026-06-02 17:53:14
ESP_NODE_03,12,9,2026-06-02 17:54:20
ESP_NODE_01,8,26,2026-06-02 17:54:20
ESP_NODE_02,5,9,2026-06-02 17:54:20
ESP_NODE_03,16,8,2026-06-02 17:55:26
ESP_NODE_01,10,23,2026-06-02 17:55:26
ESP_NODE_02,6,8,2026-06-02 17:55:26
ESP_NODE_03,30,8,2026-06-02 17:56:32
ESP_NODE_01,20,23,2026-06-02 17:56:32
ESP_NODE_02,12,8,2026-06-02 17:56:32
ESP_NODE_03,15,8,2026-06-02 17:57:38
ESP_NODE_01,10,24,2026-06-02 17:57:38
ESP_NODE_02,6,8,2026-06-02 17:57:38
ESP_NODE_03,25,7,2026-06-02 17:58:44
ESP_NODE_01,16,19,2026-06-02 17:58:44
ESP_NODE_02,10,11,2026-06-02 17:58:44
ESP_NODE_03,17,11,2026-06-02 17:59:50
ESP_NODE_01,12,30,2026-06-02 17:59:50
ESP_NODE_02,7,11,2026-06-02 17:59:50
ESP_NODE_03,10,9,2026-06-02 18:02:02
ESP_NODE_01,6,25,2026-06-02 18:02:02
ESP_NODE_02,6,9,2026-06-02 18:02:02
ESP_NODE_03,33,9,2026-06-02 18:03:08
ESP_NODE_01,22,26,2026-06-02 18:03:08
ESP_NODE_02,13,9,2026-06-02 18:03:08
ESP_NODE_03,17,10,2026-06-02 18:04:14
ESP_NODE_01,11,28,2026-06-02 18:04:14
ESP_NODE_02,6,10,2026-06-02 18:04:14
ESP_NODE_03,36,9,2026-06-02 18:05:20
ESP_NODE_01,24,24,2026-06-02 18:05:20
ESP_NODE_02,14,9,2026-06-02 18:05:20
ESP_NODE_03,24,10,2026-06-02 18:06:26
ESP_NODE_01,16,28,2026-06-02 18:06:26
ESP_NODE_02,9,10,2026-06-02 18:06:26
ESP_NODE_03,13,8,2026-06-02 18:07:32
ESP_NODE_01,9,21,2026-06-02 18:07:32
ESP_NODE_02,5,8,2026-06-02 18:07:32
ESP_NODE_03,21,7,2026-06-02 18:08:40
ESP_NODE_01,14,20,2026-06-02 18:08:40
ESP_NODE_02,8,9,2026-06-02 18:08:40
ESP_NODE_03,14,5,2026-06-02 18:09:46
ESP_NODE_01,9,14,2026-06-02 18:09:46
ESP_NODE_02,5,10,2026-06-02 18:09:46
ESP_NODE_03,13,3,2026-06-02 18:10:52
ESP_NODE_01,8,10,2026-06-02 18:10:52
ESP_NODE_02,5,11,2026-06-02 18:10:52
ESP_NODE_03,10,4,2026-06-02 18:11:58
ESP_NODE_01,6,12,2026-06-02 18:11:58
ESP_NODE_02,7,10,2026-06-02 18:11:58
ESP_NODE_03,9,6,2026-06-02 18:13:04
ESP_NODE_01,6,17,2026-06-02 18:13:04
ESP_NODE_02,8,10,2026-06-02 18:13:04
ESP_NODE_03,26,5,2026-06-02 18:14:10
ESP_NODE_01,17,15,2026-06-02 18:14:10
ESP_NODE_02,10,9,2026-06-02 18:14:10
ESP_NODE_03,21,3,2026-06-02 18:16:22
ESP_NODE_01,14,10,2026-06-02 18:16:22
ESP_NODE_02,8,11,2026-06-02 18:16:22
ESP_NODE_03,20,5,2026-06-02 18:17:28
ESP_NODE_01,14,14,2026-06-02 18:17:28
ESP_NODE_02,8,9,2026-06-02 18:17:28
ESP_NODE_03,24,3,2026-06-02 18:18:34
ESP_NODE_01,16,10,2026-06-02 18:18:34
ESP_NODE_02,9,11,2026-06-02 18:18:34
ESP_NODE_03,18,6,2026-06-02 18:19:40
ESP_NODE_01,12,17,2026-06-02 18:19:40
ESP_NODE_02,7,10,2026-06-02 18:19:40
ESP_NODE_03,26,4,2026-06-02 18:20:46
ESP_NODE_01,17,13,2026-06-02 18:20:46
ESP_NODE_02,10,9,2026-06-02 18:20:46
ESP_NODE_03,22,4,2026-06-02 18:21:52
ESP_NODE_01,15,12,2026-06-02 18:21:52
ESP_NODE_02,9,8,2026-06-02 18:21:52
ESP_NODE_03,14,4,2026-06-02 18:22:58
ESP_NODE_01,9,12,2026-06-02 18:22:58
ESP_NODE_02,5,9,2026-06-02 18:22:58
ESP_NODE_03,17,5,2026-06-02 18:24:03
ESP_NODE_01,11,14,2026-06-02 18:24:03
ESP_NODE_02,6,9,2026-06-02 18:24:03
ESP_NODE_03,28,4,2026-06-02 18:25:09
ESP_NODE_01,18,12,2026-06-02 18:25:09
ESP_NODE_02,11,9,2026-06-02 18:25:09
ESP_NODE_03,12,3,2026-06-02 18:26:15
ESP_NODE_01,8,9,2026-06-02 18:26:15
ESP_NODE_02,5,9,2026-06-02 18:26:15
ESP_NODE_03,18,5,2026-06-02 18:27:21
ESP_NODE_01,12,14,2026-06-02 18:27:21
ESP_NODE_02,7,11,2026-06-02 18:27:21
ESP_NODE_03,18,1,2026-06-02 18:28:27
ESP_NODE_01,12,5,2026-06-02 18:28:27
ESP_NODE_02,7,10,2026-06-02 18:28:27
ESP_NODE_03,10,1,2026-06-02 18:29:33
ESP_NODE_01,6,4,2026-06-02 18:29:33
ESP_NODE_02,6,10,2026-06-02 18:29:33
ESP_NODE_03,15,4,2026-06-02 18:30:39
ESP_NODE_01,10,12,2026-06-02 18:30:39
ESP_NODE_02,6,10,2026-06-02 18:30:39
ESP_NODE_03,9,4,2026-06-02 18:31:45
ESP_NODE_01,6,12,2026-06-02 18:31:45
ESP_NODE_02,5,10,2026-06-02 18:31:45
ESP_NODE_03,11,5,2026-06-02 18:32:51
ESP_NODE_01,7,14,2026-06-02 18:32:51
ESP_NODE_02,8,10,2026-06-02 18:32:51
ESP_NODE_03,17,5,2026-06-02 18:33:57
ESP_NODE_01,11,14,2026-06-02 18:33:57
ESP_NODE_02,6,10,2026-06-02 18:33:57
ESP_NODE_03,21,6,2026-06-02 18:35:03
ESP_NODE_01,14,18,2026-06-02 18:35:03
ESP_NODE_02,8,12,2026-06-02 18:35:03
ESP_NODE_03,22,5,2026-06-02 18:36:10
ESP_NODE_01,15,14,2026-06-02 18:36:10
ESP_NODE_02,9,11,2026-06-02 18:36:10
ESP_NODE_03,25,7,2026-06-02 18:37:15
ESP_NODE_01,16,20,2026-06-02 18:37:15
ESP_NODE_02,10,8,2026-06-02 18:37:15
ESP_NODE_03,10,4,2026-06-02 18:38:21
ESP_NODE_01,7,13,2026-06-02 18:38:21
ESP_NODE_02,5,12,2026-06-02 18:38:21
ESP_NODE_03,10,6,2026-06-02 18:39:27
ESP_NODE_01,7,17,2026-06-02 18:39:27
ESP_NODE_02,8,10,2026-06-02 18:39:27
ESP_NODE_03,19,7,2026-06-02 18:40:33
ESP_NODE_01,13,19,2026-06-02 18:40:33
ESP_NODE_02,7,8,2026-06-02 18:40:33
ESP_NODE_03,11,3,2026-06-02 18:41:39
ESP_NODE_01,7,10,2026-06-02 18:41:39
ESP_NODE_02,6,11,2026-06-02 18:41:39
ESP_NODE_03,17,1,2026-06-02 18:42:45
ESP_NODE_01,11,4,2026-06-02 18:42:45
ESP_NODE_02,7,10,2026-06-02 18:42:45
ESP_NODE_03,20,3,2026-06-02 18:43:51
ESP_NODE_01,13,10,2026-06-02 18:43:51
ESP_NODE_02,8,9,2026-06-02 18:43:51
ESP_NODE_03,22,2,2026-06-02 18:44:57
ESP_NODE_01,15,7,2026-06-02 18:44:57
ESP_NODE_02,9,12,2026-06-02 18:44:57
ESP_NODE_03,19,2,2026-06-02 18:46:04
ESP_NODE_01,12,7,2026-06-02 18:46:04
ESP_NODE_02,7,8,2026-06-02 18:46:04
ESP_NODE_03,27,2,2026-06-02 18:47:09
ESP_NODE_01,18,7,2026-06-02 18:47:09
ESP_NODE_02,10,8,2026-06-02 18:47:09
ESP_NODE_03,14,1,2026-06-02 18:48:15
ESP_NODE_01,9,4,2026-06-02 18:48:15
ESP_NODE_02,5,9,2026-06-02 18:48:15
ESP_NODE_03,14,0,2026-06-02 18:49:21
ESP_NODE_01,9,2,2026-06-02 18:49:21
ESP_NODE_02,5,10,2026-06-02 18:49:21
ESP_NODE_03,14,2,2026-06-02 18:50:28
ESP_NODE_01,9,7,2026-06-02 18:50:28
ESP_NODE_02,5,11,2026-06-02 18:50:28
ESP_NODE_03,17,1,2026-06-02 18:52:39
ESP_NODE_01,11,4,2026-06-02 18:52:39
ESP_NODE_02,6,9,2026-06-02 18:52:39
ESP_NODE_03,13,1,2026-06-02 18:53:45
ESP_NODE_01,8,5,2026-06-02 18:53:45
ESP_NODE_02,5,11,2026-06-02 18:53:45
ESP_NODE_03,10,0,2026-06-02 18:54:51
ESP_NODE_01,7,2,2026-06-02 18:54:51
ESP_NODE_02,8,9,2026-06-02 18:54:51
ESP_NODE_03,34,1,2026-06-02 18:55:57
ESP_NODE_01,23,5,2026-06-02 18:55:57
ESP_NODE_02,13,12,2026-06-02 18:55:57
ESP_NODE_03,9,0,2026-06-02 18:57:03
ESP_NODE_01,6,2,2026-06-02 18:57:03
ESP_NODE_02,5,8,2026-06-02 18:57:03
ESP_NODE_03,13,2,2026-06-02 18:58:08
ESP_NODE_01,8,7,2026-06-02 18:58:08
ESP_NODE_02,5,12,2026-06-02 18:58:08
ESP_NODE_03,10,2,2026-06-02 18:59:14
ESP_NODE_01,7,7,2026-06-02 18:59:14
ESP_NODE_02,5,11,2026-06-02 18:59:14
ESP_NODE_03,5,2,2026-06-02 19:00:20
ESP_NODE_01,3,7,2026-06-02 19:00:20
ESP_NODE_02,2,2,2026-06-02 19:00:20
ESP_NODE_03,13,1,2026-06-02 19:01:26
ESP_NODE_01,8,5,2026-06-02 19:01:26
ESP_NODE_02,5,1,2026-06-02 19:01:26
ESP_NODE_03,18,3,2026-06-02 19:02:32
ESP_NODE_01,12,10,2026-06-02 19:02:32
ESP_NODE_02,7,3,2026-06-02 19:02:32
ESP_NODE_03,11,0,2026-06-02 19:04:43
ESP_NODE_01,7,2,2026-06-02 19:04:43
ESP_NODE_02,4,0,2026-06-02 19:04:43
ESP_NODE_03,8,1,2026-06-02 19:05:49
ESP_NODE_01,5,5,2026-06-02 19:05:49
ESP_NODE_02,3,1,2026-06-02 19:05:49
ESP_NODE_03,9,0,2026-06-02 19:06:55
ESP_NODE_01,6,2,2026-06-02 19:06:55
ESP_NODE_02,3,0,2026-06-02 19:06:55
ESP_NODE_03,4,2,2026-06-02 19:08:01
ESP_NODE_01,3,7,2026-06-02 19:08:01
ESP_NODE_02,1,2,2026-06-02 19:08:01
ESP_NODE_03,10,0,2026-06-02 19:09:07
ESP_NODE_01,6,2,2026-06-02 19:09:07
ESP_NODE_02,4,0,2026-06-02 19:09:07
ESP_NODE_03,6,0,2026-06-02 19:10:13
ESP_NODE_01,4,2,2026-06-02 19:10:13
ESP_NODE_02,2,0,2026-06-02 19:10:13
ESP_NODE_03,11,1,2026-06-02 19:11:19
ESP_NODE_01,7,4,2026-06-02 19:11:19
ESP_NODE_02,4,1,2026-06-02 19:11:19
ESP_NODE_03,15,0,2026-06-02 19:12:25
ESP_NODE_01,10,2,2026-06-02 19:12:25
ESP_NODE_02,6,0,2026-06-02 19:12:25
ESP_NODE_03,3,0,2026-06-02 19:13:30
ESP_NODE_01,2,0,2026-06-02 19:13:30
ESP_NODE_02,1,0,2026-06-02 19:13:30
ESP_NODE_03,6,0,2026-06-02 19:14:36
ESP_NODE_01,4,0,2026-06-02 19:14:36
ESP_NODE_02,2,0,2026-06-02 19:14:36
ESP_NODE_03,9,1,2026-06-02 19:15:43
ESP_NODE_01,6,4,2026-06-02 19:15:43
ESP_NODE_02,3,1,2026-06-02 19:15:43
ESP_NODE_03,1,0,2026-06-02 19:17:54
ESP_NODE_01,1,0,2026-06-02 19:17:54
ESP_NODE_02,0,0,2026-06-02 19:17:54
ESP_NODE_03,1,0,2026-06-02 19:19:00
ESP_NODE_01,1,0,2026-06-02 19:19:00
ESP_NODE_02,0,0,2026-06-02 19:19:00
ESP_NODE_03,2,0,2026-06-02 19:20:06
ESP_NODE_01,1,2,2026-06-02 19:20:06
ESP_NODE_02,1,0,2026-06-02 19:20:06
ESP_NODE_03,4,0,2026-06-02 19:21:12
ESP_NODE_01,3,0,2026-06-02 19:21:12
ESP_NODE_02,1,0,2026-06-02 19:21:12
ESP_NODE_04,2,5,2026-06-03 00:21:55
ESP_NODE_04,0,2,2026-06-03 00:23:01
ESP_NODE_04,1,3,2026-06-03 00:25:22
ESP_NODE_04,2,2,2026-06-03 00:26:29
ESP_NODE_04,4,4,2026-06-03 00:27:35
ESP_NODE_04,3,4,2026-06-03 00:28:41
ESP_NODE_04,0,2,2026-06-03 00:33:24
ESP_NODE_04,0,2,2026-06-03 00:34:30
ESP_NODE_04,1,4,2026-06-03 00:36:51
ESP_NODE_04,1,2,2026-06-03 00:37:58
ESP_NODE_04,0,2,2026-06-03 00:39:04
ESP_NODE_04,1,2,2026-06-03 00:41:25
ESP_NODE_04,0,2,2026-06-03 00:42:31
ESP_NODE_04,0,2,2026-06-03 00:43:38
ESP_NODE_04,0,2,2026-06-03 00:44:44
ESP_NODE_04,0,2,2026-06-03 00:49:35
ESP_NODE_04,0,2,2026-06-03 00:50:41
ESP_NODE_04,1,2,2026-06-03 00:53:03
ESP_NODE_04,0,2,2026-06-03 00:54:09
ESP_NODE_04,0,2,2026-06-03 00:55:15
ESP_NODE_04,0,2,2026-06-03 00:56:22
ESP_NODE_04,0,3,2026-06-03 00:57:28
ESP_NODE_04,0,1,2026-06-03 00:58:35
ESP_NODE_04,1,1,2026-06-03 00:59:41
ESP_NODE_04,1,2,2026-06-03 01:00:47
ESP_NODE_04,2,3,2026-06-03 01:01:54
ESP_NODE_04,0,5,2026-06-03 01:05:30
ESP_NODE_04,0,6,2026-06-03 01:06:36
ESP_NODE_04,0,3,2026-06-03 01:07:42
ESP_NODE_04,6,5,2026-06-03 01:08:48
ESP_NODE_04,0,4,2026-06-03 01:09:54
ESP_NODE_04,0,5,2026-06-03 01:11:01
ESP_NODE_04,1,4,2026-06-03 01:12:07
ESP_NODE_04,0,2,2026-06-03 01:13:13
ESP_NODE_04,0,0,2026-06-03 01:15:34
ESP_NODE_04,0,0,2026-06-03 01:16:41
ESP_NODE_04,0,0,2026-06-03 01:17:47
ESP_NODE_04,0,0,2026-06-03 01:18:54
ESP_NODE_04,1,0,2026-06-03 01:20:00
ESP_NODE_04,0,0,2026-06-03 01:23:28
ESP_NODE_04,0,1,2026-06-03 01:24:34
ESP_NODE_04,0,0,2026-06-03 01:25:40
ESP_NODE_04,5,0,2026-06-03 01:26:46
ESP_NODE_04,0,0,2026-06-03 01:27:53
ESP_NODE_04,2,0,2026-06-03 01:30:14
ESP_NODE_04,0,0,2026-06-03 01:31:20
ESP_NODE_04,1,0,2026-06-03 01:32:27
ESP_NODE_04,1,0,2026-06-03 01:34:39
ESP_NODE_04,0,0,2026-06-03 01:35:45
ESP_NODE_04,1,0,2026-06-03 01:36:52
ESP_NODE_04,0,0,2026-06-03 01:40:19
ESP_NODE_04,0,0,2026-06-03 01:41:26
ESP_NODE_04,0,0,2026-06-03 01:42:32
ESP_NODE_04,3,0,2026-06-03 01:44:53
ESP_NODE_04,0,0,2026-06-03 01:46:00
ESP_NODE_04,0,0,2026-06-03 01:48:21
ESP_NODE_04,0,0,2026-06-03 01:50:34
ESP_NODE_04,1,0,2026-06-03 01:51:40
ESP_NODE_04,0,0,2026-06-03 01:55:07
ESP_NODE_04,1,0,2026-06-03 01:56:14
ESP_NODE_04,3,0,2026-06-03 01:57:20
ESP_NODE_04,0,0,2026-06-03 01:58:26
ESP_NODE_04,0,1,2026-06-03 01:59:32
ESP_NODE_04,0,0,2026-06-03 02:00:39
ESP_NODE_04,3,0,2026-06-03 02:03:00
ESP_NODE_04,0,0,2026-06-03 02:05:21
ESP_NODE_04,0,0,2026-06-03 02:07:34
ESP_NODE_04,0,0,2026-06-03 02:08:40
ESP_NODE_04,2,0,2026-06-03 02:09:46
ESP_NODE_04,0,0,2026-06-03 02:10:53
ESP_NODE_04,0,0,2026-06-03 02:13:14
ESP_NODE_04,0,0,2026-06-03 02:14:20
ESP_NODE_04,0,0,2026-06-03 02:15:26
ESP_NODE_04,0,0,2026-06-03 02:17:48
ESP_NODE_04,1,0,2026-06-03 02:18:54
ESP_NODE_04,2,0,2026-06-03 02:20:00
ESP_NODE_04,0,0,2026-06-03 02:21:07
ESP_NODE_04,0,0,2026-06-03 02:22:13
ESP_NODE_04,0,0,2026-06-03 02:23:19
ESP_NODE_04,0,1,2026-06-03 02:24:25
ESP_NODE_04,0,0,2026-06-03 02:25:32
ESP_NODE_04,0,0,2026-06-03 02:27:45
ESP_NODE_04,0,0,2026-06-03 02:30:06
ESP_NODE_04,0,0,2026-06-03 02:31:13
ESP_NODE_04,1,0,2026-06-03 02:32:19
ESP_NODE_04,0,0,2026-06-03 02:33:25
ESP_NODE_04,0,0,2026-06-03 02:34:32
ESP_NODE_04,2,0,2026-06-03 02:35:38
ESP_NODE_04,1,0,2026-06-03 02:36:44
ESP_NODE_04,0,0,2026-06-03 02:37:51
ESP_NODE_04,1,0,2026-06-03 02:38:57
ESP_NODE_04,0,0,2026-06-03 02:41:19
ESP_NODE_04,1,0,2026-06-03 02:42:25
ESP_NODE_04,0,1,2026-06-03 02:43:32
ESP_NODE_04,0,0,2026-06-03 02:44:38
ESP_NODE_04,0,0,2026-06-03 02:45:45
ESP_NODE_04,1,0,2026-06-03 02:46:51
ESP_NODE_04,0,0,2026-06-03 02:47:57
ESP_NODE_04,0,0,2026-06-03 02:50:10
ESP_NODE_04,0,0,2026-06-03 02:52:32
ESP_NODE_04,0,1,2026-06-03 02:53:38
ESP_NODE_04,0,0,2026-06-03 02:54:44
ESP_NODE_04,2,0,2026-06-03 02:55:51
ESP_NODE_04,0,1,2026-06-03 02:56:57
ESP_NODE_04,0,0,2026-06-03 02:58:03
ESP_NODE_04,0,1,2026-06-03 03:00:24
ESP_NODE_04,0,0,2026-06-03 03:02:45
ESP_NODE_04,0,0,2026-06-03 03:05:07
ESP_NODE_04,1,0,2026-06-03 03:07:28
ESP_NODE_04,0,0,2026-06-03 03:08:34
ESP_NODE_04,0,0,2026-06-03 03:09:40
ESP_NODE_04,0,0,2026-06-03 03:10:46
ESP_NODE_04,0,0,2026-06-03 03:11:53
ESP_NODE_04,0,0,2026-06-03 03:12:59
ESP_NODE_04,0,0,2026-06-03 03:15:20
ESP_NODE_04,0,1,2026-06-03 03:17:41
ESP_NODE_04,0,0,2026-06-03 03:18:48
ESP_NODE_04,0,0,2026-06-03 03:21:00
ESP_NODE_04,0,0,2026-06-03 03:24:28
ESP_NODE_04,1,0,2026-06-03 03:26:49
ESP_NODE_04,0,0,2026-06-03 03:29:11
ESP_NODE_04,2,0,2026-06-03 03:30:17
ESP_NODE_04,0,0,2026-06-03 03:31:23
ESP_NODE_04,0,0,2026-06-03 03:32:30
ESP_NODE_04,0,0,2026-06-03 03:33:36
ESP_NODE_04,1,0,2026-06-03 03:37:12
ESP_NODE_04,3,0,2026-06-03 03:38:18
ESP_NODE_04,0,0,2026-06-03 03:39:24
ESP_NODE_04,0,0,2026-06-03 03:40:31
ESP_NODE_04,0,0,2026-06-03 03:42:52
ESP_NODE_04,2,1,2026-06-03 03:43:58
ESP_NODE_04,0,0,2026-06-03 03:45:05
ESP_NODE_04,0,0,2026-06-03 03:47:26
ESP_NODE_04,0,0,2026-06-03 03:48:32
ESP_NODE_04,0,0,2026-06-03 03:49:38
ESP_NODE_04,0,0,2026-06-03 03:50:45
ESP_NODE_04,0,0,2026-06-03 03:54:12
ESP_NODE_04,0,0,2026-06-03 03:56:34
ESP_NODE_04,0,0,2026-06-03 03:57:40
ESP_NODE_04,0,0,2026-06-03 03:58:46
ESP_NODE_04,0,0,2026-06-03 03:59:52
ESP_NODE_04,0,0,2026-06-03 04:00:58
ESP_NODE_04,0,0,2026-06-03 04:02:04
ESP_NODE_04,0,0,2026-06-03 04:04:26
ESP_NODE_04,0,0,2026-06-03 04:05:32
ESP_NODE_04,0,0,2026-06-03 04:06:38
ESP_NODE_04,0,0,2026-06-03 04:07:44
ESP_NODE_04,0,0,2026-06-03 04:08:51
ESP_NODE_04,0,0,2026-06-03 04:09:57
ESP_NODE_04,2,0,2026-06-03 04:11:03
ESP_NODE_04,0,0,2026-06-03 04:12:10
ESP_NODE_04,1,0,2026-06-03 04:13:15
ESP_NODE_04,0,0,2026-06-03 04:16:43
ESP_NODE_04,1,0,2026-06-03 04:17:49
ESP_NODE_04,0,0,2026-06-03 04:18:56
ESP_NODE_04,2,0,2026-06-03 04:20:02
ESP_NODE_04,0,0,2026-06-03 04:21:13
ESP_NODE_04,1,0,2026-06-03 04:22:19
ESP_NODE_04,0,0,2026-06-03 04:23:25
ESP_NODE_04,0,0,2026-06-03 04:24:32
ESP_NODE_04,5,0,2026-06-03 04:26:44
ESP_NODE_04,1,0,2026-06-03 04:29:06
ESP_NODE_04,0,0,2026-06-03 04:30:12
ESP_NODE_04,1,0,2026-06-03 04:31:18
ESP_NODE_04,1,0,2026-06-03 04:32:24
ESP_NODE_04,0,0,2026-06-03 04:33:30
ESP_NODE_04,0,0,2026-06-03 04:34:36
ESP_NODE_04,0,0,2026-06-03 04:36:58
ESP_NODE_04,0,0,2026-06-03 04:38:04
ESP_NODE_04,0,0,2026-06-03 04:39:10
ESP_NODE_04,0,0,2026-06-03 04:40:16
ESP_NODE_04,0,0,2026-06-03 04:41:22
ESP_NODE_04,1,0,2026-06-03 04:42:28
ESP_NODE_04,0,0,2026-06-03 04:43:34
ESP_NODE_04,0,0,2026-06-03 04:45:55
ESP_NODE_04,0,0,2026-06-03 04:47:02
ESP_NODE_04,0,0,2026-06-03 04:48:08
ESP_NODE_04,0,0,2026-06-03 04:49:14
ESP_NODE_04,1,0,2026-06-03 04:50:20
ESP_NODE_04,0,0,2026-06-03 04:51:26
ESP_NODE_04,0,0,2026-06-03 04:53:38
ESP_NODE_04,0,0,2026-06-03 04:57:10
ESP_NODE_04,0,0,2026-06-03 04:58:16
ESP_NODE_04,0,0,2026-06-03 04:59:22
ESP_NODE_04,0,0,2026-06-03 05:00:28
ESP_NODE_04,0,0,2026-06-03 05:01:35
ESP_NODE_04,1,0,2026-06-03 05:03:56
ESP_NODE_04,0,0,2026-06-03 05:06:09
ESP_NODE_04,0,0,2026-06-03 05:08:30
ESP_NODE_04,0,0,2026-06-03 05:09:36
ESP_NODE_04,0,0,2026-06-03 05:10:42
ESP_NODE_04,0,0,2026-06-03 05:13:03
ESP_NODE_04,0,0,2026-06-03 05:15:25
ESP_NODE_04,0,0,2026-06-03 05:16:31
ESP_NODE_04,2,0,2026-06-03 05:17:37
ESP_NODE_04,1,0,2026-06-03 05:18:43
ESP_NODE_04,0,0,2026-06-03 05:19:49
ESP_NODE_04,0,0,2026-06-03 05:20:55
ESP_NODE_04,0,0,2026-06-03 05:22:02
ESP_NODE_04,0,0,2026-06-03 05:25:38
ESP_NODE_04,0,0,2026-06-03 05:26:44
ESP_NODE_04,0,0,2026-06-03 05:29:05
ESP_NODE_04,0,0,2026-06-03 05:30:12
ESP_NODE_04,0,0,2026-06-03 05:31:18
ESP_NODE_04,0,0,2026-06-03 05:32:24
ESP_NODE_04,3,0,2026-06-03 05:34:36
ESP_NODE_04,1,0,2026-06-03 05:35:42
ESP_NODE_04,4,0,2026-06-03 05:36:49
ESP_NODE_04,0,0,2026-06-03 05:37:55
ESP_NODE_04,2,0,2026-06-03 05:39:01
ESP_NODE_04,2,1,2026-06-03 05:40:07
ESP_NODE_04,1,0,2026-06-03 05:41:13
ESP_NODE_04,3,1,2026-06-03 05:42:19
ESP_NODE_04,3,1,2026-06-03 05:43:25
ESP_NODE_04,0,1,2026-06-03 05:44:32
ESP_NODE_04,1,0,2026-06-03 05:45:38
ESP_NODE_04,2,1,2026-06-03 05:46:44
ESP_NODE_04,0,1,2026-06-03 05:47:50
ESP_NODE_04,1,2,2026-06-03 05:48:56
ESP_NODE_04,0,2,2026-06-03 05:50:02
ESP_NODE_04,1,1,2026-06-03 05:51:08
ESP_NODE_04,0,2,2026-06-03 05:52:15
ESP_NODE_04,0,1,2026-06-03 05:54:36
ESP_NODE_04,0,1,2026-06-03 05:55:42
ESP_NODE_04,0,2,2026-06-03 05:58:03
ESP_NODE_04,0,1,2026-06-03 05:59:08
ESP_NODE_04,0,1,2026-06-03 06:00:14
ESP_NODE_04,0,1,2026-06-03 06:01:21
ESP_NODE_04,0,1,2026-06-03 06:02:27
ESP_NODE_04,1,1,2026-06-03 06:03:33
ESP_NODE_04,0,1,2026-06-03 06:04:39
ESP_NODE_04,0,1,2026-06-03 06:07:00
ESP_NODE_04,6,5,2026-06-03 06:08:06
ESP_NODE_04,0,1,2026-06-03 06:10:18
ESP_NODE_04,1,4,2026-06-03 06:11:24
ESP_NODE_04,1,3,2026-06-03 06:12:30
ESP_NODE_04,1,2,2026-06-03 06:13:37
ESP_NODE_04,0,3,2026-06-03 06:14:43
ESP_NODE_04,0,3,2026-06-03 06:15:49
ESP_NODE_04,4,4,2026-06-03 06:17:07
ESP_NODE_04,0,4,2026-06-03 06:18:13
ESP_NODE_04,2,4,2026-06-03 06:19:20
ESP_NODE_04,0,4,2026-06-03 06:20:26
ESP_NODE_04,8,4,2026-06-03 06:22:38
ESP_NODE_04,4,4,2026-06-03 06:23:44
ESP_NODE_04,5,3,2026-06-03 06:24:50
ESP_NODE_04,0,5,2026-06-03 06:25:56
ESP_NODE_04,0,2,2026-06-03 06:27:02
ESP_NODE_04,0,3,2026-06-03 06:29:14
ESP_NODE_04,0,2,2026-06-03 06:30:20
ESP_NODE_04,1,1,2026-06-03 06:32:32
ESP_NODE_04,0,2,2026-06-03 06:33:38
ESP_NODE_04,2,0,2026-06-03 06:34:44
ESP_NODE_04,1,1,2026-06-03 06:35:50
ESP_NODE_04,1,1,2026-06-03 06:36:56
ESP_NODE_04,0,1,2026-06-03 06:38:02
ESP_NODE_04,0,1,2026-06-03 06:39:08
ESP_NODE_04,5,2,2026-06-03 06:40:14
ESP_NODE_04,0,2,2026-06-03 06:42:36
ESP_NODE_04,2,2,2026-06-03 06:43:42
ESP_NODE_04,0,3,2026-06-03 06:44:48
ESP_NODE_04,0,1,2026-06-03 06:45:54
ESP_NODE_04,1,2,2026-06-03 06:47:00
ESP_NODE_04,21,2,2026-06-03 06:48:06
ESP_NODE_04,3,3,2026-06-03 06:49:12
ESP_NODE_04,1,3,2026-06-03 06:50:17
ESP_NODE_04,9,6,2026-06-03 06:51:23
ESP_NODE_04,0,4,2026-06-03 06:52:29
ESP_NODE_04,2,4,2026-06-03 06:54:42
ESP_NODE_04,1,2,2026-06-03 06:57:03
ESP_NODE_04,0,3,2026-06-03 06:58:09
ESP_NODE_04,0,3,2026-06-03 06:59:15
ESP_NODE_04,0,3,2026-06-03 07:00:21
ESP_NODE_04,2,2,2026-06-03 07:02:42
ESP_NODE_04,0,3,2026-06-03 07:03:48
ESP_NODE_04,1,4,2026-06-03 07:04:54
ESP_NODE_04,8,4,2026-06-03 07:06:00
ESP_NODE_04,0,4,2026-06-03 07:07:06
ESP_NODE_04,1,3,2026-06-03 07:08:12
ESP_NODE_04,2,3,2026-06-03 07:09:18
ESP_NODE_04,7,2,2026-06-03 07:10:24
ESP_NODE_04,5,4,2026-06-03 07:11:30
ESP_NODE_04,3,3,2026-06-03 07:12:36
ESP_NODE_04,14,3,2026-06-03 07:13:42
ESP_NODE_04,2,0,2026-06-03 07:14:49
ESP_NODE_04,1,1,2026-06-03 07:15:55
ESP_NODE_04,1,1,2026-06-03 07:18:16
ESP_NODE_04,2,1,2026-06-03 07:19:22
ESP_NODE_04,0,1,2026-06-03 07:20:28
ESP_NODE_04,4,4,2026-06-03 07:22:40
ESP_NODE_04,0,3,2026-06-03 07:24:00
ESP_NODE_04,6,3,2026-06-03 07:27:28
ESP_NODE_04,0,4,2026-06-03 07:28:34
ESP_NODE_04,0,4,2026-06-03 07:29:41
ESP_NODE_04,0,4,2026-06-03 07:30:47
ESP_NODE_04,0,1,2026-06-03 07:31:53
ESP_NODE_04,0,3,2026-06-03 07:32:59
ESP_NODE_04,0,3,2026-06-03 07:34:05
ESP_NODE_04,1,1,2026-06-03 07:35:11
ESP_NODE_04,11,3,2026-06-03 07:36:17
ESP_NODE_04,3,4,2026-06-03 07:37:23
ESP_NODE_04,4,7,2026-06-03 07:38:29
ESP_NODE_04,0,3,2026-06-03 07:39:36
ESP_NODE_04,1,3,2026-06-03 07:40:42
ESP_NODE_04,1,4,2026-06-03 07:41:48
ESP_NODE_04,3,3,2026-06-03 07:42:54
ESP_NODE_04,0,4,2026-06-03 07:44:00
ESP_NODE_04,1,2,2026-06-03 07:45:06
ESP_NODE_04,15,4,2026-06-03 07:46:12
ESP_NODE_04,5,6,2026-06-03 07:47:18
ESP_NODE_04,6,6,2026-06-03 07:48:24
ESP_NODE_04,0,6,2026-06-03 07:49:31
ESP_NODE_04,0,6,2026-06-03 07:50:37
ESP_NODE_04,0,8,2026-06-03 07:52:49
ESP_NODE_04,0,7,2026-06-03 07:53:55
ESP_NODE_04,0,6,2026-06-03 07:56:16
ESP_NODE_04,0,6,2026-06-03 07:57:22
ESP_NODE_04,0,6,2026-06-03 07:58:28
ESP_NODE_04,0,6,2026-06-03 07:59:34
ESP_NODE_04,4,6,2026-06-03 08:00:40
ESP_NODE_04,6,5,2026-06-03 08:01:46
ESP_NODE_04,1,6,2026-06-03 08:02:52
ESP_NODE_04,6,7,2026-06-03 08:03:59
ESP_NODE_04,0,6,2026-06-03 08:05:05
ESP_NODE_04,3,10,2026-06-03 08:06:10
ESP_NODE_04,3,7,2026-06-03 08:08:23
ESP_NODE_04,2,6,2026-06-03 08:09:29
ESP_NODE_04,6,7,2026-06-03 08:10:35
ESP_NODE_04,4,7,2026-06-03 08:11:41
ESP_NODE_04,1,5,2026-06-03 08:13:53
ESP_NODE_04,0,6,2026-06-03 08:16:14
ESP_NODE_04,5,6,2026-06-03 08:17:21
ESP_NODE_04,0,6,2026-06-03 08:18:27
ESP_NODE_04,0,6,2026-06-03 08:19:33
ESP_NODE_04,4,7,2026-06-03 08:20:39
ESP_NODE_04,20,9,2026-06-03 08:21:45
ESP_NODE_04,0,4,2026-06-03 08:22:51
ESP_NODE_04,2,4,2026-06-03 08:23:57
ESP_NODE_04,7,5,2026-06-03 08:25:04
ESP_NODE_04,4,5,2026-06-03 08:26:10
ESP_NODE_04,14,6,2026-06-03 08:27:16
ESP_NODE_04,4,3,2026-06-03 08:28:22
ESP_NODE_04,0,5,2026-06-03 08:29:28
ESP_NODE_04,15,6,2026-06-03 08:30:34
ESP_NODE_04,4,3,2026-06-03 08:31:40
ESP_NODE_04,2,3,2026-06-03 08:32:47
ESP_NODE_04,0,3,2026-06-03 08:33:52
ESP_NODE_04,0,3,2026-06-03 08:34:58
ESP_NODE_04,0,4,2026-06-03 08:36:04
ESP_NODE_04,0,3,2026-06-03 08:37:10
ESP_NODE_04,0,2,2026-06-03 08:39:32
ESP_NODE_04,0,2,2026-06-03 08:40:38
ESP_NODE_04,2,5,2026-06-03 08:41:44
ESP_NODE_04,0,5,2026-06-03 08:43:56
ESP_NODE_04,7,4,2026-06-03 08:45:02
ESP_NODE_04,3,2,2026-06-03 08:46:08
ESP_NODE_04,1,3,2026-06-03 08:47:14
ESP_NODE_04,4,6,2026-06-03 08:48:21
ESP_NODE_04,2,2,2026-06-03 08:49:27
ESP_NODE_04,1,5,2026-06-03 08:50:33
ESP_NODE_04,3,8,2026-06-03 08:51:39
ESP_NODE_04,6,5,2026-06-03 08:52:45
ESP_NODE_04,1,5,2026-06-03 08:53:51
ESP_NODE_04,5,6,2026-06-03 08:54:58
ESP_NODE_04,5,11,2026-06-03 08:56:04
ESP_NODE_04,10,6,2026-06-03 08:57:10
ESP_NODE_04,8,8,2026-06-03 08:58:16
ESP_NODE_04,1,6,2026-06-03 08:59:22
ESP_NODE_04,4,5,2026-06-03 09:00:28
ESP_NODE_04,5,6,2026-06-03 09:01:34
ESP_NODE_04,5,7,2026-06-03 09:02:40
ESP_NODE_04,4,5,2026-06-03 09:05:02
ESP_NODE_04,3,5,2026-06-03 09:06:07
ESP_NODE_04,0,4,2026-06-03 09:07:14
ESP_NODE_04,5,3,2026-06-03 09:08:20
ESP_NODE_04,3,2,2026-06-03 09:09:26
ESP_NODE_04,6,3,2026-06-03 09:11:47
ESP_NODE_04,3,5,2026-06-03 09:12:53
ESP_NODE_04,4,4,2026-06-03 09:13:59
ESP_NODE_04,4,0,2026-06-03 09:15:05
ESP_NODE_04,5,1,2026-06-03 09:17:26
ESP_NODE_04,0,10,2026-06-03 09:19:38
ESP_NODE_04,1,0,2026-06-03 09:20:44
ESP_NODE_04,0,1,2026-06-03 09:21:49
ESP_NODE_04,2,0,2026-06-03 09:22:55
ESP_NODE_04,2,0,2026-06-03 09:24:02
ESP_NODE_04,0,0,2026-06-03 09:25:08
ESP_NODE_04,2,0,2026-06-03 09:27:20
ESP_NODE_04,1,0,2026-06-03 09:28:27
ESP_NODE_04,1,0,2026-06-03 09:29:33
ESP_NODE_04,1,1,2026-06-03 09:31:45
ESP_NODE_04,1,0,2026-06-03 09:32:51
ESP_NODE_04,0,0,2026-06-03 09:33:57
ESP_NODE_04,0,0,2026-06-03 09:35:03
ESP_NODE_03,0,0,2026-06-03 09:36:48
ESP_NODE_01,0,0,2026-06-03 09:36:48
ESP_NODE_02,7,11,2026-06-03 09:36:48
ESP_NODE_03,1,1,2026-06-03 09:37:55
ESP_NODE_01,1,4,2026-06-03 09:37:55
ESP_NODE_02,5,8,2026-06-03 09:37:55
ESP_NODE_04,1,0,2026-06-03 09:38:39
ESP_NODE_03,3,0,2026-06-03 09:39:01
ESP_NODE_01,2,2,2026-06-03 09:39:01
ESP_NODE_02,8,11,2026-06-03 09:39:01
ESP_NODE_04,0,0,2026-06-03 09:39:45
ESP_NODE_03,0,0,2026-06-03 09:40:07
ESP_NODE_01,0,2,2026-06-03 09:40:07
ESP_NODE_02,5,8,2026-06-03 09:40:07
ESP_NODE_04,0,0,2026-06-03 09:40:51
ESP_NODE_03,0,0,2026-06-03 09:41:13
ESP_NODE_01,0,2,2026-06-03 09:41:13
ESP_NODE_02,6,11,2026-06-03 09:41:13
ESP_NODE_04,2,1,2026-06-03 09:41:57
ESP_NODE_03,1,0,2026-06-03 09:42:19
ESP_NODE_01,1,2,2026-06-03 09:42:19
ESP_NODE_02,7,8,2026-06-03 09:42:19
ESP_NODE_04,3,3,2026-06-03 09:43:03
ESP_NODE_03,1,0,2026-06-03 09:43:25
ESP_NODE_01,1,2,2026-06-03 09:43:25
ESP_NODE_02,5,10,2026-06-03 09:43:25
ESP_NODE_04,0,0,2026-06-03 09:44:09
ESP_NODE_03,4,0,2026-06-03 09:44:31
ESP_NODE_01,2,2,2026-06-03 09:44:31
ESP_NODE_02,6,9,2026-06-03 09:44:31
ESP_NODE_04,0,1,2026-06-03 09:45:17
ESP_NODE_03,1,0,2026-06-03 09:45:37
ESP_NODE_01,1,2,2026-06-03 09:45:37
ESP_NODE_02,6,10,2026-06-03 09:45:37
ESP_NODE_04,0,0,2026-06-03 09:46:23
ESP_NODE_03,4,0,2026-06-03 09:46:43
ESP_NODE_01,2,2,2026-06-03 09:46:43
ESP_NODE_02,6,9,2026-06-03 09:46:43
ESP_NODE_04,0,0,2026-06-03 09:47:29
ESP_NODE_04,1,0,2026-06-03 09:48:35
ESP_NODE_03,1,0,2026-06-03 09:48:55
ESP_NODE_01,1,2,2026-06-03 09:48:55
ESP_NODE_02,7,11,2026-06-03 09:48:55
ESP_NODE_04,2,1,2026-06-03 09:49:42
ESP_NODE_03,1,1,2026-06-03 09:50:02
ESP_NODE_01,1,4,2026-06-03 09:50:02
ESP_NODE_02,6,11,2026-06-03 09:50:02
ESP_NODE_04,4,0,2026-06-03 09:50:47
ESP_NODE_03,1,1,2026-06-03 09:51:08
ESP_NODE_01,1,4,2026-06-03 09:51:08
ESP_NODE_02,8,10,2026-06-03 09:51:08
ESP_NODE_04,0,1,2026-06-03 09:51:54
ESP_NODE_03,4,0,2026-06-03 09:52:14
ESP_NODE_01,2,2,2026-06-03 09:52:14
ESP_NODE_02,6,9,2026-06-03 09:52:14
ESP_NODE_04,0,0,2026-06-03 09:53:00
ESP_NODE_03,2,0,2026-06-03 09:53:20
ESP_NODE_01,1,2,2026-06-03 09:53:20
ESP_NODE_02,7,10,2026-06-03 09:53:20
ESP_NODE_04,0,1,2026-06-03 09:54:06
ESP_NODE_03,1,0,2026-06-03 09:54:26
ESP_NODE_01,1,2,2026-06-03 09:54:26
ESP_NODE_02,8,9,2026-06-03 09:54:26
ESP_NODE_03,2,0,2026-06-03 09:55:32
ESP_NODE_01,1,2,2026-06-03 09:55:32
ESP_NODE_02,6,11,2026-06-03 09:55:32
ESP_NODE_04,0,0,2026-06-03 09:56:27
ESP_NODE_03,2,1,2026-06-03 09:56:38
ESP_NODE_01,1,4,2026-06-03 09:56:38
ESP_NODE_02,5,12,2026-06-03 09:56:38
ESP_NODE_04,1,1,2026-06-03 09:57:34
ESP_NODE_04,0,0,2026-06-03 09:58:40
ESP_NODE_03,1,0,2026-06-03 09:58:50
ESP_NODE_01,1,2,2026-06-03 09:58:50
ESP_NODE_02,8,10,2026-06-03 09:58:50
ESP_NODE_04,1,0,2026-06-03 09:59:46
ESP_NODE_03,4,0,2026-06-03 09:59:56
ESP_NODE_01,2,2,2026-06-03 09:59:56
ESP_NODE_02,8,10,2026-06-03 09:59:56
ESP_NODE_04,3,2,2026-06-03 10:00:53
ESP_NODE_04,0,0,2026-06-03 10:01:59
ESP_NODE_03,1,0,2026-06-03 10:02:17
ESP_NODE_01,1,2,2026-06-03 10:02:17
ESP_NODE_02,8,8,2026-06-03 10:02:17
ESP_NODE_04,0,0,2026-06-03 10:03:05
ESP_NODE_03,1,0,2026-06-03 10:03:23
ESP_NODE_01,1,2,2026-06-03 10:03:23
ESP_NODE_02,8,12,2026-06-03 10:03:23
ESP_NODE_04,2,0,2026-06-03 10:04:11
ESP_NODE_03,1,1,2026-06-03 10:04:29
ESP_NODE_01,1,4,2026-06-03 10:04:29
ESP_NODE_02,5,10,2026-06-03 10:04:29
ESP_NODE_04,6,0,2026-06-03 10:06:32
ESP_NODE_03,4,0,2026-06-03 10:06:41
ESP_NODE_01,2,2,2026-06-03 10:06:41
ESP_NODE_02,7,10,2026-06-03 10:06:41
ESP_NODE_04,3,1,2026-06-03 10:07:38
ESP_NODE_03,8,1,2026-06-03 10:07:47
ESP_NODE_01,5,4,2026-06-03 10:07:47
ESP_NODE_02,5,9,2026-06-03 10:07:47
ESP_NODE_04,2,2,2026-06-03 10:08:45
ESP_NODE_03,3,0,2026-06-03 10:08:53
ESP_NODE_01,2,2,2026-06-03 10:08:53
ESP_NODE_02,7,10,2026-06-03 10:08:53
ESP_NODE_04,6,2,2026-06-03 10:09:51
ESP_NODE_03,4,1,2026-06-03 10:09:59
ESP_NODE_01,2,4,2026-06-03 10:09:59
ESP_NODE_02,7,10,2026-06-03 10:09:59
ESP_NODE_04,1,0,2026-06-03 10:10:57
ESP_NODE_03,1,1,2026-06-03 10:11:05
ESP_NODE_01,1,4,2026-06-03 10:11:05
ESP_NODE_02,7,11,2026-06-03 10:11:05
ESP_NODE_04,2,1,2026-06-03 10:12:03
ESP_NODE_03,3,0,2026-06-03 10:12:11
ESP_NODE_01,2,2,2026-06-03 10:12:11
ESP_NODE_02,5,12,2026-06-03 10:12:11
ESP_NODE_04,1,0,2026-06-03 10:13:09
ESP_NODE_03,0,0,2026-06-03 10:13:17
ESP_NODE_01,0,2,2026-06-03 10:13:17
ESP_NODE_02,7,12,2026-06-03 10:13:17
ESP_NODE_04,1,0,2026-06-03 10:14:15
ESP_NODE_03,3,0,2026-06-03 10:14:23
ESP_NODE_01,2,2,2026-06-03 10:14:23
ESP_NODE_02,6,11,2026-06-03 10:14:23
ESP_NODE_04,1,0,2026-06-03 10:15:21
ESP_NODE_03,0,1,2026-06-03 10:15:29
ESP_NODE_01,0,4,2026-06-03 10:15:29
ESP_NODE_02,7,9,2026-06-03 10:15:29
ESP_NODE_04,5,0,2026-06-03 10:16:27
ESP_NODE_03,2,0,2026-06-03 10:16:35
ESP_NODE_01,1,2,2026-06-03 10:16:35
ESP_NODE_02,5,12,2026-06-03 10:16:35
ESP_NODE_03,0,0,2026-06-03 10:17:41
ESP_NODE_01,0,2,2026-06-03 10:17:41
ESP_NODE_02,6,10,2026-06-03 10:17:41
ESP_NODE_03,2,3,2026-06-03 10:18:47
ESP_NODE_01,1,9,2026-06-03 10:18:47
ESP_NODE_02,6,10,2026-06-03 10:18:47
ESP_NODE_04,3,0,2026-06-03 10:18:50
ESP_NODE_03,3,1,2026-06-03 10:19:53
ESP_NODE_01,2,4,2026-06-03 10:19:53
ESP_NODE_02,8,11,2026-06-03 10:19:53
ESP_NODE_04,4,0,2026-06-03 10:19:56
ESP_NODE_03,2,1,2026-06-03 10:20:59
ESP_NODE_01,1,4,2026-06-03 10:20:59
ESP_NODE_02,6,9,2026-06-03 10:20:59
ESP_NODE_04,1,0,2026-06-03 10:21:03
ESP_NODE_03,5,3,2026-06-03 10:22:05
ESP_NODE_01,3,9,2026-06-03 10:22:05
ESP_NODE_02,8,9,2026-06-03 10:22:05
ESP_NODE_03,8,3,2026-06-03 10:23:11
ESP_NODE_01,5,9,2026-06-03 10:23:11
ESP_NODE_02,8,12,2026-06-03 10:23:11
ESP_NODE_04,5,4,2026-06-03 10:23:27
ESP_NODE_03,8,2,2026-06-03 10:24:18
ESP_NODE_01,5,6,2026-06-03 10:24:18
ESP_NODE_02,6,8,2026-06-03 10:24:18
ESP_NODE_04,7,5,2026-06-03 10:24:38
ESP_NODE_03,11,3,2026-06-03 10:25:24
ESP_NODE_01,7,9,2026-06-03 10:25:24
ESP_NODE_02,7,11,2026-06-03 10:25:24
ESP_NODE_04,3,5,2026-06-03 10:25:46
ESP_NODE_03,21,14,2026-06-03 10:26:30
ESP_NODE_01,14,38,2026-06-03 10:26:30
ESP_NODE_02,8,14,2026-06-03 10:26:30
ESP_NODE_04,4,7,2026-06-03 10:27:00
ESP_NODE_03,31,13,2026-06-03 10:27:36
ESP_NODE_01,20,36,2026-06-03 10:27:36
ESP_NODE_02,12,13,2026-06-03 10:27:36
ESP_NODE_04,3,4,2026-06-03 10:28:06
ESP_NODE_03,46,21,2026-06-03 10:28:42
ESP_NODE_01,31,56,2026-06-03 10:28:42
ESP_NODE_02,18,21,2026-06-03 10:28:42
ESP_NODE_04,4,5,2026-06-03 10:29:15
ESP_NODE_03,50,20,2026-06-03 10:29:49
ESP_NODE_01,33,54,2026-06-03 10:29:49
ESP_NODE_02,20,20,2026-06-03 10:29:49
ESP_NODE_04,8,4,2026-06-03 10:30:28
ESP_NODE_04,8,6,2026-06-03 10:31:40
ESP_NODE_03,18,19,2026-06-03 10:32:01
ESP_NODE_01,12,52,2026-06-03 10:32:01
ESP_NODE_02,7,19,2026-06-03 10:32:01
ESP_NODE_04,5,5,2026-06-03 10:32:50
ESP_NODE_03,40,27,2026-06-03 10:33:07
ESP_NODE_01,26,72,2026-06-03 10:33:07
ESP_NODE_02,16,27,2026-06-03 10:33:07
ESP_NODE_04,4,5,2026-06-03 10:33:56
ESP_NODE_03,32,29,2026-06-03 10:34:13
ESP_NODE_01,21,78,2026-06-03 10:34:13
ESP_NODE_02,13,29,2026-06-03 10:34:13
ESP_NODE_04,4,6,2026-06-03 10:35:05
ESP_NODE_03,52,27,2026-06-03 10:35:20
ESP_NODE_01,35,74,2026-06-03 10:35:20
ESP_NODE_02,21,27,2026-06-03 10:35:20
ESP_NODE_03,70,38,2026-06-03 10:36:26
ESP_NODE_01,47,104,2026-06-03 10:36:26
ESP_NODE_02,28,38,2026-06-03 10:36:26
ESP_NODE_04,4,7,2026-06-03 10:37:17
ESP_NODE_03,35,30,2026-06-03 10:37:32
ESP_NODE_01,23,81,2026-06-03 10:37:32
ESP_NODE_02,14,30,2026-06-03 10:37:32
ESP_NODE_04,5,8,2026-06-03 10:38:23
ESP_NODE_04,6,8,2026-06-03 10:39:30
ESP_NODE_03,43,34,2026-06-03 10:39:45
ESP_NODE_01,28,91,2026-06-03 10:39:45
ESP_NODE_02,17,34,2026-06-03 10:39:45
ESP_NODE_04,8,8,2026-06-03 10:40:37
ESP_NODE_03,67,26,2026-06-03 10:40:51
ESP_NODE_01,44,71,2026-06-03 10:40:51
ESP_NODE_02,26,26,2026-06-03 10:40:51
ESP_NODE_04,19,9,2026-06-03 10:41:43
ESP_NODE_03,120,26,2026-06-03 10:41:59
ESP_NODE_01,80,72,2026-06-03 10:41:59
ESP_NODE_02,48,26,2026-06-03 10:41:59
ESP_NODE_04,10,10,2026-06-03 10:42:49
ESP_NODE_04,8,7,2026-06-03 10:43:55
ESP_NODE_03,50,28,2026-06-03 10:44:12
ESP_NODE_01,33,77,2026-06-03 10:44:12
ESP_NODE_02,20,28,2026-06-03 10:44:12
ESP_NODE_03,46,25,2026-06-03 10:45:18
ESP_NODE_01,31,69,2026-06-03 10:45:18
ESP_NODE_02,18,25,2026-06-03 10:45:18
ESP_NODE_04,9,8,2026-06-03 10:46:07
ESP_NODE_03,26,27,2026-06-03 10:46:25
ESP_NODE_01,17,73,2026-06-03 10:46:25
ESP_NODE_02,10,27,2026-06-03 10:46:25
ESP_NODE_04,6,6,2026-06-03 10:47:14
ESP_NODE_03,56,32,2026-06-03 10:47:31
ESP_NODE_01,38,87,2026-06-03 10:47:31
ESP_NODE_02,22,32,2026-06-03 10:47:31
ESP_NODE_04,9,8,2026-06-03 10:48:24
ESP_NODE_03,44,35,2026-06-03 10:48:38
ESP_NODE_01,29,96,2026-06-03 10:48:38
ESP_NODE_02,17,35,2026-06-03 10:48:38
ESP_NODE_04,8,9,2026-06-03 10:49:30
ESP_NODE_03,79,30,2026-06-03 10:49:45
ESP_NODE_01,53,82,2026-06-03 10:49:45
ESP_NODE_02,31,30,2026-06-03 10:49:45
ESP_NODE_04,10,13,2026-06-03 10:50:41
ESP_NODE_03,55,35,2026-06-03 10:50:51
ESP_NODE_01,37,95,2026-06-03 10:50:51
ESP_NODE_02,22,35,2026-06-03 10:50:51
ESP_NODE_04,31,18,2026-06-03 10:51:50
ESP_NODE_03,28,39,2026-06-03 10:51:57
ESP_NODE_01,19,105,2026-06-03 10:51:57
ESP_NODE_02,11,39,2026-06-03 10:51:57
ESP_NODE_04,29,10,2026-06-03 10:53:01
ESP_NODE_03,23,24,2026-06-03 10:53:03
ESP_NODE_01,16,66,2026-06-03 10:53:03
ESP_NODE_02,9,24,2026-06-03 10:53:03
ESP_NODE_03,38,33,2026-06-03 10:54:10
ESP_NODE_01,26,89,2026-06-03 10:54:10
ESP_NODE_02,15,33,2026-06-03 10:54:10
ESP_NODE_04,8,12,2026-06-03 10:54:19
ESP_NODE_03,22,28,2026-06-03 10:55:16
ESP_NODE_01,14,76,2026-06-03 10:55:16
ESP_NODE_02,8,28,2026-06-03 10:55:16
ESP_NODE_04,8,12,2026-06-03 10:55:30
ESP_NODE_03,62,28,2026-06-03 10:56:22
ESP_NODE_01,41,76,2026-06-03 10:56:22
ESP_NODE_02,24,28,2026-06-03 10:56:22
ESP_NODE_04,20,11,2026-06-03 10:56:37
ESP_NODE_03,29,27,2026-06-03 10:57:29
ESP_NODE_01,20,73,2026-06-03 10:57:29
ESP_NODE_02,11,27,2026-06-03 10:57:29
ESP_NODE_04,9,8,2026-06-03 10:57:43
ESP_NODE_03,36,25,2026-06-03 10:58:35
ESP_NODE_01,24,68,2026-06-03 10:58:35
ESP_NODE_02,14,25,2026-06-03 10:58:35
ESP_NODE_04,2,7,2026-06-03 10:58:51
ESP_NODE_03,29,25,2026-06-03 10:59:42
ESP_NODE_01,19,69,2026-06-03 10:59:42
ESP_NODE_02,11,25,2026-06-03 10:59:42
ESP_NODE_04,1,8,2026-06-03 10:59:57
ESP_NODE_03,24,19,2026-06-03 11:00:48
ESP_NODE_01,16,52,2026-06-03 11:00:48
ESP_NODE_02,9,19,2026-06-03 11:00:48
ESP_NODE_03,27,25,2026-06-03 11:01:54
ESP_NODE_01,18,67,2026-06-03 11:01:54
ESP_NODE_02,11,25,2026-06-03 11:01:54
ESP_NODE_04,10,10,2026-06-03 11:02:12
ESP_NODE_03,29,29,2026-06-03 11:03:00
ESP_NODE_01,20,77,2026-06-03 11:03:00
ESP_NODE_02,11,29,2026-06-03 11:03:00
ESP_NODE_04,10,15,2026-06-03 11:03:19
ESP_NODE_03,21,27,2026-06-03 11:04:06
ESP_NODE_01,14,74,2026-06-03 11:04:06
ESP_NODE_02,8,27,2026-06-03 11:04:06
ESP_NODE_04,9,9,2026-06-03 11:04:27
ESP_NODE_03,33,25,2026-06-03 11:05:12
ESP_NODE_01,22,67,2026-06-03 11:05:12
ESP_NODE_02,13,25,2026-06-03 11:05:12
ESP_NODE_04,4,13,2026-06-03 11:05:33
ESP_NODE_03,30,31,2026-06-03 11:06:18
ESP_NODE_01,20,83,2026-06-03 11:06:18
ESP_NODE_02,12,31,2026-06-03 11:06:18
ESP_NODE_04,6,9,2026-06-03 11:06:40
ESP_NODE_03,22,22,2026-06-03 11:07:24
ESP_NODE_01,15,61,2026-06-03 11:07:24
ESP_NODE_02,9,22,2026-06-03 11:07:24
ESP_NODE_04,3,13,2026-06-03 11:07:47
ESP_NODE_03,20,26,2026-06-03 11:08:30
ESP_NODE_01,13,71,2026-06-03 11:08:30
ESP_NODE_02,8,26,2026-06-03 11:08:30
ESP_NODE_04,6,10,2026-06-03 11:08:55
ESP_NODE_03,33,29,2026-06-03 11:09:37
ESP_NODE_01,22,79,2026-06-03 11:09:37
ESP_NODE_02,13,29,2026-06-03 11:09:37
ESP_NODE_04,14,7,2026-06-03 11:10:03
ESP_NODE_03,20,25,2026-06-03 11:10:43
ESP_NODE_01,14,69,2026-06-03 11:10:43
ESP_NODE_02,8,25,2026-06-03 11:10:43
ESP_NODE_04,7,7,2026-06-03 11:11:09
ESP_NODE_03,23,32,2026-06-03 11:11:50
ESP_NODE_01,15,87,2026-06-03 11:11:50
ESP_NODE_02,9,32,2026-06-03 11:11:50
ESP_NODE_03,16,30,2026-06-03 11:12:56
ESP_NODE_01,10,81,2026-06-03 11:12:56
ESP_NODE_02,6,30,2026-06-03 11:12:56
ESP_NODE_04,10,10,2026-06-03 11:13:31
ESP_NODE_03,30,26,2026-06-03 11:14:02
ESP_NODE_01,20,69,2026-06-03 11:14:02
ESP_NODE_02,12,26,2026-06-03 11:14:02
ESP_NODE_04,15,10,2026-06-03 11:14:37
ESP_NODE_03,19,21,2026-06-03 11:15:08
ESP_NODE_01,13,56,2026-06-03 11:15:08
ESP_NODE_02,7,21,2026-06-03 11:15:08
ESP_NODE_04,7,9,2026-06-03 11:15:43
ESP_NODE_03,19,19,2026-06-03 11:16:15
ESP_NODE_01,12,51,2026-06-03 11:16:15
ESP_NODE_02,7,19,2026-06-03 11:16:15
ESP_NODE_04,10,14,2026-06-03 11:16:52
ESP_NODE_03,19,21,2026-06-03 11:17:21
ESP_NODE_01,12,58,2026-06-03 11:17:21
ESP_NODE_02,7,21,2026-06-03 11:17:21
ESP_NODE_04,9,13,2026-06-03 11:18:00
ESP_NODE_03,34,15,2026-06-03 11:18:28
ESP_NODE_01,23,41,2026-06-03 11:18:28
ESP_NODE_02,13,15,2026-06-03 11:18:28
ESP_NODE_04,10,12,2026-06-03 11:19:06
ESP_NODE_03,22,11,2026-06-03 11:19:35
ESP_NODE_01,14,30,2026-06-03 11:19:35
ESP_NODE_02,8,11,2026-06-03 11:19:35
ESP_NODE_04,9,13,2026-06-03 11:20:15
ESP_NODE_03,27,8,2026-06-03 11:20:41
ESP_NODE_01,18,22,2026-06-03 11:20:41
ESP_NODE_02,10,8,2026-06-03 11:20:41
ESP_NODE_04,10,17,2026-06-03 11:21:25
ESP_NODE_03,15,17,2026-06-03 11:21:47
ESP_NODE_01,10,47,2026-06-03 11:21:47
ESP_NODE_02,6,17,2026-06-03 11:21:47
ESP_NODE_04,8,10,2026-06-03 11:22:34
ESP_NODE_03,12,14,2026-06-03 11:22:54
ESP_NODE_01,8,39,2026-06-03 11:22:54
ESP_NODE_02,7,14,2026-06-03 11:22:54
ESP_NODE_04,12,11,2026-06-03 11:23:40
ESP_NODE_03,15,10,2026-06-03 11:24:00
ESP_NODE_01,10,28,2026-06-03 11:24:00
ESP_NODE_02,6,10,2026-06-03 11:24:00
ESP_NODE_04,9,11,2026-06-03 11:24:50
ESP_NODE_03,22,15,2026-06-03 11:25:06
ESP_NODE_01,14,40,2026-06-03 11:25:06
ESP_NODE_02,8,15,2026-06-03 11:25:06
ESP_NODE_04,10,10,2026-06-03 11:25:56
ESP_NODE_03,14,18,2026-06-03 11:26:12
ESP_NODE_01,9,50,2026-06-03 11:26:12
ESP_NODE_02,5,18,2026-06-03 11:26:12
ESP_NODE_04,7,15,2026-06-03 11:27:06
ESP_NODE_03,27,13,2026-06-03 11:27:19
ESP_NODE_01,18,35,2026-06-03 11:27:19
ESP_NODE_02,11,13,2026-06-03 11:27:19
ESP_NODE_04,10,14,2026-06-03 11:28:15
ESP_NODE_03,13,13,2026-06-03 11:28:26
ESP_NODE_01,9,36,2026-06-03 11:28:26
ESP_NODE_02,5,13,2026-06-03 11:28:26
ESP_NODE_04,21,15,2026-06-03 11:30:29
ESP_NODE_03,17,11,2026-06-03 11:30:38
ESP_NODE_01,11,31,2026-06-03 11:30:38
ESP_NODE_02,6,11,2026-06-03 11:30:38
ESP_NODE_04,15,16,2026-06-03 11:31:42
ESP_NODE_03,22,10,2026-06-03 11:31:44
ESP_NODE_01,15,27,2026-06-03 11:31:44
ESP_NODE_02,9,10,2026-06-03 11:31:44
ESP_NODE_03,22,10,2026-06-03 11:32:50
ESP_NODE_01,15,28,2026-06-03 11:32:50
ESP_NODE_02,9,10,2026-06-03 11:32:50
ESP_NODE_04,14,15,2026-06-03 11:32:51
ESP_NODE_03,15,16,2026-06-03 11:33:56
ESP_NODE_01,10,45,2026-06-03 11:33:56
ESP_NODE_02,6,16,2026-06-03 11:33:56
ESP_NODE_04,9,13,2026-06-03 11:33:57
ESP_NODE_03,30,17,2026-06-03 11:35:02
ESP_NODE_01,20,46,2026-06-03 11:35:02
ESP_NODE_02,12,17,2026-06-03 11:35:02
ESP_NODE_04,9,15,2026-06-03 11:35:03
ESP_NODE_03,16,16,2026-06-03 11:36:10
ESP_NODE_01,10,43,2026-06-03 11:36:10
ESP_NODE_02,6,16,2026-06-03 11:36:10
ESP_NODE_04,4,12,2026-06-03 11:36:10
ESP_NODE_03,21,13,2026-06-03 11:37:16
ESP_NODE_01,14,36,2026-06-03 11:37:16
ESP_NODE_02,8,13,2026-06-03 11:37:16
ESP_NODE_04,5,12,2026-06-03 11:37:22
ESP_NODE_03,15,10,2026-06-03 11:38:22
ESP_NODE_01,10,26,2026-06-03 11:38:22
ESP_NODE_02,6,10,2026-06-03 11:38:22
ESP_NODE_04,7,11,2026-06-03 11:38:33
ESP_NODE_03,22,10,2026-06-03 11:39:28
ESP_NODE_01,14,27,2026-06-03 11:39:28
ESP_NODE_02,8,10,2026-06-03 11:39:28
ESP_NODE_03,19,13,2026-06-03 11:40:34
ESP_NODE_01,13,37,2026-06-03 11:40:34
ESP_NODE_02,7,13,2026-06-03 11:40:34
ESP_NODE_03,24,13,2026-06-03 11:41:40
ESP_NODE_01,16,36,2026-06-03 11:41:40
ESP_NODE_02,9,13,2026-06-03 11:41:40
ESP_NODE_04,5,16,2026-06-03 11:42:06
ESP_NODE_03,25,9,2026-06-03 11:42:47
ESP_NODE_01,17,25,2026-06-03 11:42:47
ESP_NODE_02,10,9,2026-06-03 11:42:47
ESP_NODE_04,4,13,2026-06-03 11:43:14
ESP_NODE_03,18,11,2026-06-03 11:43:53
ESP_NODE_01,12,31,2026-06-03 11:43:53
ESP_NODE_02,7,11,2026-06-03 11:43:53
ESP_NODE_04,9,19,2026-06-03 11:44:21
ESP_NODE_03,23,15,2026-06-03 11:44:59
ESP_NODE_01,15,41,2026-06-03 11:44:59
ESP_NODE_02,9,15,2026-06-03 11:44:59
ESP_NODE_04,10,20,2026-06-03 11:45:28
ESP_NODE_03,23,13,2026-06-03 11:46:05
ESP_NODE_01,15,35,2026-06-03 11:46:05
ESP_NODE_02,9,13,2026-06-03 11:46:05
ESP_NODE_04,7,18,2026-06-03 11:46:36
ESP_NODE_03,18,19,2026-06-03 11:47:11
ESP_NODE_01,12,53,2026-06-03 11:47:11
ESP_NODE_02,7,19,2026-06-03 11:47:11
ESP_NODE_04,9,19,2026-06-03 11:47:42
ESP_NODE_04,16,19,2026-06-03 11:48:48
ESP_NODE_03,18,13,2026-06-03 11:49:23
ESP_NODE_01,12,35,2026-06-03 11:49:23
ESP_NODE_02,7,13,2026-06-03 11:49:23
ESP_NODE_04,17,26,2026-06-03 11:49:55
ESP_NODE_03,23,16,2026-06-03 11:50:29
ESP_NODE_01,16,45,2026-06-03 11:50:29
ESP_NODE_02,9,16,2026-06-03 11:50:29
ESP_NODE_04,18,20,2026-06-03 11:51:02
ESP_NODE_03,17,15,2026-06-03 11:51:35
ESP_NODE_01,12,41,2026-06-03 11:51:35
ESP_NODE_02,7,15,2026-06-03 11:51:35
ESP_NODE_04,13,21,2026-06-03 11:52:09
ESP_NODE_03,22,21,2026-06-03 11:52:41
ESP_NODE_01,15,57,2026-06-03 11:52:41
ESP_NODE_02,8,21,2026-06-03 11:52:41
ESP_NODE_04,22,21,2026-06-03 11:53:15
ESP_NODE_03,22,21,2026-06-03 11:53:48
ESP_NODE_01,15,57,2026-06-03 11:53:48
ESP_NODE_02,9,21,2026-06-03 11:53:48
ESP_NODE_04,16,25,2026-06-03 11:54:22
ESP_NODE_04,11,23,2026-06-03 11:55:30
ESP_NODE_03,38,19,2026-06-03 11:56:00
ESP_NODE_01,25,52,2026-06-03 11:56:00
ESP_NODE_02,15,19,2026-06-03 11:56:00
ESP_NODE_04,15,21,2026-06-03 11:56:37
ESP_NODE_03,36,23,2026-06-03 11:57:06
ESP_NODE_01,24,62,2026-06-03 11:57:06
ESP_NODE_02,14,23,2026-06-03 11:57:06
ESP_NODE_04,14,22,2026-06-03 11:57:44
ESP_NODE_03,28,21,2026-06-03 11:59:26
ESP_NODE_01,19,57,2026-06-03 11:59:26
ESP_NODE_02,11,21,2026-06-03 11:59:26
ESP_NODE_04,8,20,2026-06-03 12:00:06
ESP_NODE_03,30,24,2026-06-03 12:00:32
ESP_NODE_01,20,66,2026-06-03 12:00:32
ESP_NODE_02,12,24,2026-06-03 12:00:32
ESP_NODE_03,27,24,2026-06-03 12:01:38
ESP_NODE_01,18,65,2026-06-03 12:01:38
ESP_NODE_02,11,24,2026-06-03 12:01:38
ESP_NODE_04,14,23,2026-06-03 12:02:27
ESP_NODE_03,28,23,2026-06-03 12:02:45
ESP_NODE_01,19,63,2026-06-03 12:02:45
ESP_NODE_02,11,23,2026-06-03 12:02:45
ESP_NODE_03,20,21,2026-06-03 12:03:51
ESP_NODE_01,14,58,2026-06-03 12:03:51
ESP_NODE_02,8,21,2026-06-03 12:03:51
ESP_NODE_03,27,27,2026-06-03 12:04:57
ESP_NODE_01,18,72,2026-06-03 12:04:57
ESP_NODE_02,10,27,2026-06-03 12:04:57
ESP_NODE_03,30,23,2026-06-03 12:06:03
ESP_NODE_01,20,62,2026-06-03 12:06:03
ESP_NODE_02,12,23,2026-06-03 12:06:03
ESP_NODE_03,22,24,2026-06-03 12:07:09
ESP_NODE_01,14,66,2026-06-03 12:07:09
ESP_NODE_02,8,24,2026-06-03 12:07:09
ESP_NODE_03,59,15,2026-06-03 12:08:15
ESP_NODE_01,39,42,2026-06-03 12:08:15
ESP_NODE_02,23,15,2026-06-03 12:08:15
ESP_NODE_03,32,17,2026-06-03 12:09:21
ESP_NODE_01,21,45,2026-06-03 12:09:21
ESP_NODE_02,12,17,2026-06-03 12:09:21
ESP_NODE_03,41,20,2026-06-03 12:10:28
ESP_NODE_01,27,54,2026-06-03 12:10:28
ESP_NODE_02,16,20,2026-06-03 12:10:28
ESP_NODE_04,10,19,2026-06-03 12:11:06
ESP_NODE_03,54,31,2026-06-03 12:11:34
ESP_NODE_01,36,83,2026-06-03 12:11:34
ESP_NODE_02,21,31,2026-06-03 12:11:34
ESP_NODE_03,47,35,2026-06-03 12:12:40
ESP_NODE_01,31,96,2026-06-03 12:12:40
ESP_NODE_02,18,35,2026-06-03 12:12:40
ESP_NODE_04,10,16,2026-06-03 12:13:19
ESP_NODE_03,39,40,2026-06-03 12:13:46
ESP_NODE_01,26,108,2026-06-03 12:13:46
ESP_NODE_02,15,40,2026-06-03 12:13:46
ESP_NODE_04,19,19,2026-06-03 12:14:25
ESP_NODE_03,63,42,2026-06-03 12:14:53
ESP_NODE_01,42,112,2026-06-03 12:14:53
ESP_NODE_02,25,42,2026-06-03 12:14:53
ESP_NODE_04,18,10,2026-06-03 12:15:31
ESP_NODE_03,55,37,2026-06-03 12:15:59
ESP_NODE_01,37,101,2026-06-03 12:15:59
ESP_NODE_02,22,37,2026-06-03 12:15:59
ESP_NODE_04,20,12,2026-06-03 12:16:37
ESP_NODE_03,30,34,2026-06-03 12:17:05
ESP_NODE_01,20,91,2026-06-03 12:17:05
ESP_NODE_02,12,34,2026-06-03 12:17:05
ESP_NODE_04,9,11,2026-06-03 12:17:48
ESP_NODE_03,26,37,2026-06-03 12:18:14
ESP_NODE_01,17,101,2026-06-03 12:18:14
ESP_NODE_02,10,37,2026-06-03 12:18:14
ESP_NODE_04,9,12,2026-06-03 12:18:56
ESP_NODE_03,47,34,2026-06-03 12:19:20
ESP_NODE_01,31,92,2026-06-03 12:19:20
ESP_NODE_02,19,34,2026-06-03 12:19:20
ESP_NODE_04,6,16,2026-06-03 12:20:03
ESP_NODE_03,41,36,2026-06-03 12:20:27
ESP_NODE_01,27,96,2026-06-03 12:20:27
ESP_NODE_02,16,36,2026-06-03 12:20:27
ESP_NODE_04,7,15,2026-06-03 12:21:19
ESP_NODE_03,45,46,2026-06-03 12:21:33
ESP_NODE_01,30,125,2026-06-03 12:21:33
ESP_NODE_02,18,46,2026-06-03 12:21:33
ESP_NODE_04,9,9,2026-06-03 12:22:35
ESP_NODE_03,32,51,2026-06-03 12:22:40
ESP_NODE_01,21,137,2026-06-03 12:22:40
ESP_NODE_02,13,51,2026-06-03 12:22:40
ESP_NODE_04,20,11,2026-06-03 12:23:45
ESP_NODE_03,42,39,2026-06-03 12:23:46
ESP_NODE_01,28,105,2026-06-03 12:23:46
ESP_NODE_02,17,39,2026-06-03 12:23:46
ESP_NODE_03,27,49,2026-06-03 12:24:53
ESP_NODE_01,18,133,2026-06-03 12:24:53
ESP_NODE_02,11,49,2026-06-03 12:24:53
ESP_NODE_04,2,12,2026-06-03 12:24:54
ESP_NODE_03,42,46,2026-06-03 12:25:59
ESP_NODE_01,28,124,2026-06-03 12:25:59
ESP_NODE_02,16,46,2026-06-03 12:25:59
ESP_NODE_04,17,13,2026-06-03 12:26:04
ESP_NODE_03,39,41,2026-06-03 12:27:05
ESP_NODE_01,26,111,2026-06-03 12:27:05
ESP_NODE_02,15,41,2026-06-03 12:27:05
ESP_NODE_04,6,12,2026-06-03 12:27:11
ESP_NODE_03,36,48,2026-06-03 12:28:12
ESP_NODE_01,24,131,2026-06-03 12:28:12
ESP_NODE_02,14,48,2026-06-03 12:28:12
ESP_NODE_04,9,9,2026-06-03 12:28:21
ESP_NODE_03,29,40,2026-06-03 12:30:30
ESP_NODE_01,19,108,2026-06-03 12:30:30
ESP_NODE_02,11,40,2026-06-03 12:30:30
ESP_NODE_04,12,16,2026-06-03 12:30:37
ESP_NODE_03,37,37,2026-06-03 12:31:36
ESP_NODE_01,25,100,2026-06-03 12:31:36
ESP_NODE_02,14,37,2026-06-03 12:31:36
ESP_NODE_04,5,14,2026-06-03 12:31:45
ESP_NODE_03,31,40,2026-06-03 12:32:43
ESP_NODE_01,21,107,2026-06-03 12:32:43
ESP_NODE_02,12,40,2026-06-03 12:32:43
ESP_NODE_04,8,9,2026-06-03 12:32:53
ESP_NODE_03,14,43,2026-06-03 12:33:48
ESP_NODE_01,9,117,2026-06-03 12:33:48
ESP_NODE_02,5,43,2026-06-03 12:33:48
ESP_NODE_04,10,10,2026-06-03 12:34:04
ESP_NODE_03,44,46,2026-06-03 12:34:55
ESP_NODE_01,29,124,2026-06-03 12:34:55
ESP_NODE_02,17,46,2026-06-03 12:34:55
ESP_NODE_03,47,38,2026-06-03 12:36:01
ESP_NODE_01,31,103,2026-06-03 12:36:01
ESP_NODE_02,18,38,2026-06-03 12:36:01
ESP_NODE_04,13,16,2026-06-03 12:36:22
ESP_NODE_03,31,43,2026-06-03 12:37:07
ESP_NODE_01,21,115,2026-06-03 12:37:07
ESP_NODE_02,12,43,2026-06-03 12:37:07
ESP_NODE_04,18,13,2026-06-03 12:37:33
ESP_NODE_03,64,37,2026-06-03 12:38:13
ESP_NODE_01,43,100,2026-06-03 12:38:13
ESP_NODE_02,25,37,2026-06-03 12:38:13
ESP_NODE_04,13,13,2026-06-03 12:38:42
ESP_NODE_03,37,40,2026-06-03 12:39:20
ESP_NODE_01,25,108,2026-06-03 12:39:20
ESP_NODE_02,15,40,2026-06-03 12:39:20
ESP_NODE_04,24,13,2026-06-03 12:39:54
ESP_NODE_03,67,45,2026-06-03 12:40:26
ESP_NODE_01,44,120,2026-06-03 12:40:26
ESP_NODE_02,26,45,2026-06-03 12:40:26
ESP_NODE_03,64,37,2026-06-03 12:41:39
ESP_NODE_01,42,101,2026-06-03 12:41:39
ESP_NODE_02,25,37,2026-06-03 12:41:39
ESP_NODE_04,5,14,2026-06-03 12:42:16
ESP_NODE_03,76,34,2026-06-03 12:42:45
ESP_NODE_01,51,92,2026-06-03 12:42:45
ESP_NODE_02,30,34,2026-06-03 12:42:45
ESP_NODE_04,6,16,2026-06-03 12:43:23
ESP_NODE_03,48,34,2026-06-03 12:43:52
ESP_NODE_01,32,93,2026-06-03 12:43:52
ESP_NODE_02,19,34,2026-06-03 12:43:52
ESP_NODE_04,13,12,2026-06-03 12:44:29
ESP_NODE_03,53,26,2026-06-03 12:45:09
ESP_NODE_01,35,70,2026-06-03 12:45:09
ESP_NODE_02,21,26,2026-06-03 12:45:09
ESP_NODE_04,6,11,2026-06-03 12:45:35
ESP_NODE_03,62,28,2026-06-03 12:46:21
ESP_NODE_01,41,77,2026-06-03 12:46:21
ESP_NODE_02,25,28,2026-06-03 12:46:21
ESP_NODE_03,54,32,2026-06-03 12:47:27
ESP_NODE_01,36,86,2026-06-03 12:47:27
ESP_NODE_02,21,32,2026-06-03 12:47:27
ESP_NODE_04,11,20,2026-06-03 12:47:56
ESP_NODE_03,67,26,2026-06-03 12:49:40
ESP_NODE_01,45,69,2026-06-03 12:49:40
ESP_NODE_02,27,26,2026-06-03 12:49:40
ESP_NODE_04,13,16,2026-06-03 12:50:17
ESP_NODE_03,42,32,2026-06-03 12:50:47
ESP_NODE_01,28,87,2026-06-03 12:50:47
ESP_NODE_02,16,32,2026-06-03 12:50:47
ESP_NODE_04,20,21,2026-06-03 12:51:23
ESP_NODE_03,54,35,2026-06-03 12:51:53
ESP_NODE_01,36,95,2026-06-03 12:51:53
ESP_NODE_02,21,35,2026-06-03 12:51:53
ESP_NODE_04,19,21,2026-06-03 12:52:29
ESP_NODE_03,42,34,2026-06-03 12:53:00
ESP_NODE_01,28,92,2026-06-03 12:53:00
ESP_NODE_02,16,34,2026-06-03 12:53:00
ESP_NODE_04,3,16,2026-06-03 12:53:35
ESP_NODE_03,41,32,2026-06-03 12:54:06
ESP_NODE_01,27,87,2026-06-03 12:54:06
ESP_NODE_02,16,32,2026-06-03 12:54:06
ESP_NODE_04,6,17,2026-06-03 12:54:42
ESP_NODE_03,21,33,2026-06-03 12:55:13
ESP_NODE_01,14,89,2026-06-03 12:55:13
ESP_NODE_02,8,33,2026-06-03 12:55:13
ESP_NODE_04,2,13,2026-06-03 12:55:48
ESP_NODE_03,46,33,2026-06-03 12:56:20
ESP_NODE_01,30,90,2026-06-03 12:56:20
ESP_NODE_02,18,33,2026-06-03 12:56:20
ESP_NODE_04,8,19,2026-06-03 12:56:54
ESP_NODE_03,37,30,2026-06-03 12:57:26
ESP_NODE_01,25,82,2026-06-03 12:57:26
ESP_NODE_02,14,30,2026-06-03 12:57:26
ESP_NODE_04,10,15,2026-06-03 12:58:01
ESP_NODE_03,23,33,2026-06-03 12:58:33
ESP_NODE_01,15,89,2026-06-03 12:58:33
ESP_NODE_02,9,33,2026-06-03 12:58:33
ESP_NODE_04,8,13,2026-06-03 12:59:08
ESP_NODE_03,29,39,2026-06-03 12:59:39
ESP_NODE_01,19,106,2026-06-03 12:59:39
ESP_NODE_02,11,39,2026-06-03 12:59:39
ESP_NODE_04,7,15,2026-06-03 13:00:16
ESP_NODE_03,31,38,2026-06-03 13:00:46
ESP_NODE_01,20,103,2026-06-03 13:00:46
ESP_NODE_02,12,38,2026-06-03 13:00:46
ESP_NODE_04,7,18,2026-06-03 13:01:24
ESP_NODE_03,53,42,2026-06-03 13:01:53
ESP_NODE_01,35,114,2026-06-03 13:01:53
ESP_NODE_02,21,42,2026-06-03 13:01:53
ESP_NODE_04,14,18,2026-06-03 13:02:31
ESP_NODE_03,46,31,2026-06-03 13:02:59
ESP_NODE_01,31,83,2026-06-03 13:02:59
ESP_NODE_02,18,31,2026-06-03 13:02:59
ESP_NODE_04,8,23,2026-06-03 13:03:37
ESP_NODE_03,54,28,2026-06-03 13:04:13
ESP_NODE_01,36,76,2026-06-03 13:04:13
ESP_NODE_02,21,28,2026-06-03 13:04:13
ESP_NODE_04,11,24,2026-06-03 13:05:50
ESP_NODE_04,7,26,2026-06-03 13:06:56
ESP_NODE_03,56,30,2026-06-03 13:07:48
ESP_NODE_01,37,82,2026-06-03 13:07:48
ESP_NODE_02,22,30,2026-06-03 13:07:48
ESP_NODE_04,8,20,2026-06-03 13:08:03
ESP_NODE_04,10,21,2026-06-03 13:09:09
ESP_NODE_03,104,30,2026-06-03 13:10:03
ESP_NODE_01,69,81,2026-06-03 13:10:03
ESP_NODE_02,41,30,2026-06-03 13:10:03
ESP_NODE_04,4,18,2026-06-03 13:10:16
ESP_NODE_03,44,37,2026-06-03 13:11:11
ESP_NODE_01,29,100,2026-06-03 13:11:11
ESP_NODE_02,17,37,2026-06-03 13:11:11
ESP_NODE_04,5,19,2026-06-03 13:11:22
ESP_NODE_03,43,30,2026-06-03 13:12:18
ESP_NODE_01,29,81,2026-06-03 13:12:18
ESP_NODE_02,17,30,2026-06-03 13:12:18
ESP_NODE_04,11,16,2026-06-03 13:12:30
ESP_NODE_03,27,33,2026-06-03 13:13:30
ESP_NODE_01,18,89,2026-06-03 13:13:30
ESP_NODE_02,10,33,2026-06-03 13:13:30
ESP_NODE_04,4,17,2026-06-03 13:13:37
ESP_NODE_03,27,29,2026-06-03 13:14:37
ESP_NODE_01,18,78,2026-06-03 13:14:37
ESP_NODE_02,11,29,2026-06-03 13:14:37
ESP_NODE_04,11,21,2026-06-03 13:14:44
ESP_NODE_03,25,33,2026-06-03 13:15:43
ESP_NODE_01,17,90,2026-06-03 13:15:43
ESP_NODE_02,10,33,2026-06-03 13:15:43
ESP_NODE_03,29,27,2026-06-03 13:16:50
ESP_NODE_01,19,74,2026-06-03 13:16:50
ESP_NODE_02,11,27,2026-06-03 13:16:50
ESP_NODE_04,7,17,2026-06-03 13:17:12
ESP_NODE_03,31,26,2026-06-03 13:17:56
ESP_NODE_01,21,70,2026-06-03 13:17:56
ESP_NODE_02,12,26,2026-06-03 13:17:56
ESP_NODE_04,13,17,2026-06-03 13:18:23
ESP_NODE_03,51,33,2026-06-03 13:19:03
ESP_NODE_01,34,89,2026-06-03 13:19:03
ESP_NODE_02,20,33,2026-06-03 13:19:03
ESP_NODE_04,4,15,2026-06-03 13:19:33
ESP_NODE_03,33,33,2026-06-03 13:20:09
ESP_NODE_01,22,90,2026-06-03 13:20:09
ESP_NODE_02,13,33,2026-06-03 13:20:09
ESP_NODE_04,11,15,2026-06-03 13:20:43
ESP_NODE_03,41,31,2026-06-03 13:22:24
ESP_NODE_01,27,85,2026-06-03 13:22:24
ESP_NODE_02,16,31,2026-06-03 13:22:24
ESP_NODE_03,17,27,2026-06-03 13:23:31
ESP_NODE_01,11,74,2026-06-03 13:23:31
ESP_NODE_02,7,27,2026-06-03 13:23:31
ESP_NODE_04,1,16,2026-06-03 13:24:17
ESP_NODE_03,23,25,2026-06-03 13:24:41
ESP_NODE_01,15,68,2026-06-03 13:24:41
ESP_NODE_02,9,25,2026-06-03 13:24:41
ESP_NODE_04,2,18,2026-06-03 13:25:25
ESP_NODE_03,39,42,2026-06-03 13:25:49
ESP_NODE_01,26,115,2026-06-03 13:25:49
ESP_NODE_02,15,42,2026-06-03 13:25:49
ESP_NODE_04,7,14,2026-06-03 13:26:35
ESP_NODE_03,43,34,2026-06-03 13:26:57
ESP_NODE_01,29,91,2026-06-03 13:26:57
ESP_NODE_02,17,34,2026-06-03 13:26:57
ESP_NODE_03,34,23,2026-06-03 13:28:05
ESP_NODE_01,22,62,2026-06-03 13:28:05
ESP_NODE_02,13,23,2026-06-03 13:28:05
ESP_NODE_04,9,13,2026-06-03 13:28:59
ESP_NODE_03,36,31,2026-06-03 13:29:13
ESP_NODE_01,24,83,2026-06-03 13:29:13
ESP_NODE_02,14,31,2026-06-03 13:29:13
ESP_NODE_04,17,15,2026-06-03 13:30:08
ESP_NODE_03,56,36,2026-06-03 13:30:22
ESP_NODE_01,37,98,2026-06-03 13:30:22
ESP_NODE_02,22,36,2026-06-03 13:30:22
ESP_NODE_03,48,35,2026-06-03 13:31:32
ESP_NODE_01,32,94,2026-06-03 13:31:32
ESP_NODE_02,19,35,2026-06-03 13:31:32
ESP_NODE_04,13,16,2026-06-03 13:32:31
ESP_NODE_03,33,32,2026-06-03 13:32:42
ESP_NODE_01,22,86,2026-06-03 13:32:42
ESP_NODE_02,13,32,2026-06-03 13:32:42
ESP_NODE_04,2,12,2026-06-03 13:33:37
ESP_NODE_03,39,37,2026-06-03 13:33:49
ESP_NODE_01,26,99,2026-06-03 13:33:49
ESP_NODE_02,15,37,2026-06-03 13:33:49
ESP_NODE_04,6,12,2026-06-03 13:34:45
ESP_NODE_03,25,25,2026-06-03 13:34:55
ESP_NODE_01,17,69,2026-06-03 13:34:55
ESP_NODE_02,10,25,2026-06-03 13:34:55
ESP_NODE_04,27,14,2026-06-03 13:35:51
ESP_NODE_03,34,40,2026-06-03 13:36:02
ESP_NODE_01,23,108,2026-06-03 13:36:02
ESP_NODE_02,13,40,2026-06-03 13:36:02
ESP_NODE_04,23,15,2026-06-03 13:36:57
ESP_NODE_03,48,40,2026-06-03 13:37:08
ESP_NODE_01,32,109,2026-06-03 13:37:08
ESP_NODE_02,19,40,2026-06-03 13:37:08
ESP_NODE_04,14,8,2026-06-03 13:38:04
ESP_NODE_03,37,30,2026-06-03 13:38:14
ESP_NODE_01,25,81,2026-06-03 13:38:14
ESP_NODE_02,15,30,2026-06-03 13:38:14
ESP_NODE_04,15,10,2026-06-03 13:39:10
ESP_NODE_03,44,36,2026-06-03 13:39:20
ESP_NODE_01,30,97,2026-06-03 13:39:20
ESP_NODE_02,17,36,2026-06-03 13:39:20
ESP_NODE_04,16,16,2026-06-03 13:40:16
ESP_NODE_03,39,40,2026-06-03 13:40:27
ESP_NODE_01,26,108,2026-06-03 13:40:27
ESP_NODE_02,15,40,2026-06-03 13:40:27
ESP_NODE_04,8,11,2026-06-03 13:41:23
ESP_NODE_03,49,32,2026-06-03 13:41:33
ESP_NODE_01,33,88,2026-06-03 13:41:33
ESP_NODE_02,19,32,2026-06-03 13:41:33
ESP_NODE_04,13,15,2026-06-03 13:42:29
ESP_NODE_03,44,31,2026-06-03 13:42:39
ESP_NODE_01,29,85,2026-06-03 13:42:39
ESP_NODE_02,17,31,2026-06-03 13:42:39
ESP_NODE_03,48,38,2026-06-03 13:43:47
ESP_NODE_01,32,103,2026-06-03 13:43:47
ESP_NODE_02,19,38,2026-06-03 13:43:47
ESP_NODE_04,13,13,2026-06-03 13:44:41
ESP_NODE_03,48,44,2026-06-03 13:44:53
ESP_NODE_01,32,119,2026-06-03 13:44:53
ESP_NODE_02,19,44,2026-06-03 13:44:53
ESP_NODE_04,14,9,2026-06-03 13:45:48
ESP_NODE_03,34,32,2026-06-03 13:46:00
ESP_NODE_01,23,86,2026-06-03 13:46:00
ESP_NODE_02,13,32,2026-06-03 13:46:00
ESP_NODE_04,13,15,2026-06-03 13:46:54
ESP_NODE_04,6,7,2026-06-03 13:48:02
ESP_NODE_03,52,35,2026-06-03 13:48:20
ESP_NODE_01,35,94,2026-06-03 13:48:20
ESP_NODE_02,20,35,2026-06-03 13:48:20
ESP_NODE_04,4,5,2026-06-03 13:49:08
ESP_NODE_03,54,36,2026-06-03 13:49:27
ESP_NODE_01,36,98,2026-06-03 13:49:27
ESP_NODE_02,21,36,2026-06-03 13:49:27
ESP_NODE_04,12,6,2026-06-03 13:50:15
ESP_NODE_03,36,36,2026-06-03 13:50:34
ESP_NODE_01,24,97,2026-06-03 13:50:34
ESP_NODE_02,14,36,2026-06-03 13:50:34
ESP_NODE_04,9,6,2026-06-03 13:51:25
ESP_NODE_03,40,43,2026-06-03 13:51:41
ESP_NODE_01,27,117,2026-06-03 13:51:41
ESP_NODE_02,16,43,2026-06-03 13:51:41
ESP_NODE_04,10,5,2026-06-03 13:52:37
ESP_NODE_03,51,32,2026-06-03 13:52:48
ESP_NODE_01,34,87,2026-06-03 13:52:48
ESP_NODE_02,20,32,2026-06-03 13:52:48
ESP_NODE_04,9,8,2026-06-03 13:53:50
ESP_NODE_03,39,35,2026-06-03 13:53:54
ESP_NODE_01,26,96,2026-06-03 13:53:54
ESP_NODE_02,15,35,2026-06-03 13:53:54
ESP_NODE_04,10,3,2026-06-03 13:54:59
ESP_NODE_03,27,36,2026-06-03 13:55:02
ESP_NODE_01,18,98,2026-06-03 13:55:02
ESP_NODE_02,11,36,2026-06-03 13:55:02
ESP_NODE_04,8,5,2026-06-03 13:56:07
ESP_NODE_03,34,46,2026-06-03 13:56:11
ESP_NODE_01,23,124,2026-06-03 13:56:11
ESP_NODE_02,13,46,2026-06-03 13:56:11
ESP_NODE_04,11,8,2026-06-03 13:57:15
ESP_NODE_03,70,40,2026-06-03 13:57:18
ESP_NODE_01,47,109,2026-06-03 13:57:18
ESP_NODE_02,28,40,2026-06-03 13:57:18
ESP_NODE_03,35,33,2026-06-03 13:58:25
ESP_NODE_01,23,90,2026-06-03 13:58:25
ESP_NODE_02,14,33,2026-06-03 13:58:25
ESP_NODE_04,5,8,2026-06-03 13:58:31
ESP_NODE_03,37,39,2026-06-03 13:59:31
ESP_NODE_01,25,105,2026-06-03 13:59:31
ESP_NODE_02,14,39,2026-06-03 13:59:31
ESP_NODE_04,5,7,2026-06-03 13:59:40
ESP_NODE_03,52,36,2026-06-03 14:00:37
ESP_NODE_01,35,98,2026-06-03 14:00:37
ESP_NODE_02,20,36,2026-06-03 14:00:37
ESP_NODE_04,6,6,2026-06-03 14:00:50
ESP_NODE_03,32,32,2026-06-03 14:02:50
ESP_NODE_01,21,87,2026-06-03 14:02:50
ESP_NODE_02,13,32,2026-06-03 14:02:50
ESP_NODE_04,2,4,2026-06-03 14:03:21
ESP_NODE_04,11,6,2026-06-03 14:04:31
ESP_NODE_03,42,34,2026-06-03 14:05:11
ESP_NODE_01,28,91,2026-06-03 14:05:11
ESP_NODE_02,16,34,2026-06-03 14:05:11
ESP_NODE_04,6,7,2026-06-03 14:05:45
ESP_NODE_03,42,26,2026-06-03 14:06:18
ESP_NODE_01,28,70,2026-06-03 14:06:18
ESP_NODE_02,16,26,2026-06-03 14:06:18
ESP_NODE_04,5,11,2026-06-03 14:06:52
ESP_NODE_03,62,19,2026-06-03 14:07:24
ESP_NODE_01,41,52,2026-06-03 14:07:24
ESP_NODE_02,24,19,2026-06-03 14:07:24
ESP_NODE_04,2,7,2026-06-03 14:08:01
ESP_NODE_03,48,24,2026-06-03 14:08:30
ESP_NODE_01,32,64,2026-06-03 14:08:30
ESP_NODE_02,19,24,2026-06-03 14:08:30
ESP_NODE_03,43,30,2026-06-03 14:09:36
ESP_NODE_01,29,80,2026-06-03 14:09:36
ESP_NODE_02,17,30,2026-06-03 14:09:36
ESP_NODE_04,17,8,2026-06-03 14:10:33
ESP_NODE_04,3,7,2026-06-03 14:11:43
ESP_NODE_03,41,26,2026-06-03 14:11:48
ESP_NODE_01,27,71,2026-06-03 14:11:48
ESP_NODE_02,16,26,2026-06-03 14:11:48
ESP_NODE_04,3,5,2026-06-03 14:12:52
ESP_NODE_03,48,25,2026-06-03 14:12:54
ESP_NODE_01,32,67,2026-06-03 14:12:54
ESP_NODE_02,19,25,2026-06-03 14:12:54
ESP_NODE_04,4,5,2026-06-03 14:14:05
ESP_NODE_03,32,23,2026-06-03 14:15:05
ESP_NODE_01,21,63,2026-06-03 14:15:05
ESP_NODE_02,12,23,2026-06-03 14:15:05
ESP_NODE_03,23,24,2026-06-03 14:16:12
ESP_NODE_01,15,65,2026-06-03 14:16:12
ESP_NODE_02,9,24,2026-06-03 14:16:12
ESP_NODE_04,1,5,2026-06-03 14:16:31
ESP_NODE_03,48,25,2026-06-03 14:17:17
ESP_NODE_01,32,67,2026-06-03 14:17:17
ESP_NODE_02,19,25,2026-06-03 14:17:17
ESP_NODE_04,0,5,2026-06-03 14:17:41
ESP_NODE_03,35,23,2026-06-03 14:18:23
ESP_NODE_01,24,62,2026-06-03 14:18:23
ESP_NODE_02,14,23,2026-06-03 14:18:23
ESP_NODE_04,0,11,2026-06-03 14:18:55
ESP_NODE_03,29,22,2026-06-03 14:19:29
ESP_NODE_01,19,61,2026-06-03 14:19:29
ESP_NODE_02,11,22,2026-06-03 14:19:29
ESP_NODE_04,6,4,2026-06-03 14:20:06
ESP_NODE_03,25,20,2026-06-03 14:20:35
ESP_NODE_01,16,53,2026-06-03 14:20:35
ESP_NODE_02,10,20,2026-06-03 14:20:35
ESP_NODE_04,0,8,2026-06-03 14:21:13
ESP_NODE_03,34,29,2026-06-03 14:21:41
ESP_NODE_01,23,79,2026-06-03 14:21:41
ESP_NODE_02,13,29,2026-06-03 14:21:41
ESP_NODE_03,17,21,2026-06-03 14:22:47
ESP_NODE_01,11,57,2026-06-03 14:22:47
ESP_NODE_02,6,21,2026-06-03 14:22:47
ESP_NODE_03,30,24,2026-06-03 14:23:53
ESP_NODE_01,20,65,2026-06-03 14:23:53
ESP_NODE_02,12,24,2026-06-03 14:23:53
ESP_NODE_03,35,20,2026-06-03 14:24:59
ESP_NODE_01,23,55,2026-06-03 14:24:59
ESP_NODE_02,14,20,2026-06-03 14:24:59
ESP_NODE_04,8,7,2026-06-03 14:26:02
ESP_NODE_03,30,19,2026-06-03 14:26:04
ESP_NODE_01,20,53,2026-06-03 14:26:04
ESP_NODE_02,12,19,2026-06-03 14:26:04
ESP_NODE_04,6,11,2026-06-03 14:27:09
ESP_NODE_03,24,17,2026-06-03 14:28:18
ESP_NODE_01,16,46,2026-06-03 14:28:18
ESP_NODE_02,9,17,2026-06-03 14:28:18
ESP_NODE_04,2,9,2026-06-03 14:28:18
ESP_NODE_03,39,20,2026-06-03 14:29:24
ESP_NODE_01,26,55,2026-06-03 14:29:24
ESP_NODE_02,15,20,2026-06-03 14:29:24
ESP_NODE_03,39,16,2026-06-03 14:30:30
ESP_NODE_01,26,44,2026-06-03 14:30:30
ESP_NODE_02,15,16,2026-06-03 14:30:30
ESP_NODE_04,9,11,2026-06-03 14:30:39
ESP_NODE_03,23,16,2026-06-03 14:31:36
ESP_NODE_01,15,44,2026-06-03 14:31:36
ESP_NODE_02,9,16,2026-06-03 14:31:36
ESP_NODE_04,5,4,2026-06-03 14:31:48
ESP_NODE_03,35,20,2026-06-03 14:32:43
ESP_NODE_01,24,55,2026-06-03 14:32:43
ESP_NODE_02,14,20,2026-06-03 14:32:43
ESP_NODE_03,58,19,2026-06-03 14:33:49
ESP_NODE_01,38,53,2026-06-03 14:33:49
ESP_NODE_02,23,19,2026-06-03 14:33:49
ESP_NODE_04,5,2,2026-06-03 14:34:13
ESP_NODE_03,67,23,2026-06-03 14:34:55
ESP_NODE_01,45,62,2026-06-03 14:34:55
ESP_NODE_02,27,23,2026-06-03 14:34:55
ESP_NODE_04,4,4,2026-06-03 14:35:19
ESP_NODE_03,50,16,2026-06-03 14:36:00
ESP_NODE_01,33,43,2026-06-03 14:36:00
ESP_NODE_02,20,16,2026-06-03 14:36:00
ESP_NODE_03,61,14,2026-06-03 14:37:06
ESP_NODE_01,41,39,2026-06-03 14:37:06
ESP_NODE_02,24,14,2026-06-03 14:37:06
ESP_NODE_04,5,6,2026-06-03 14:37:43
ESP_NODE_03,38,19,2026-06-03 14:38:13
ESP_NODE_01,25,53,2026-06-03 14:38:13
ESP_NODE_02,15,19,2026-06-03 14:38:13
ESP_NODE_04,5,5,2026-06-03 14:38:49
ESP_NODE_04,11,5,2026-06-03 14:39:55
ESP_NODE_03,26,14,2026-06-03 14:40:26
ESP_NODE_01,17,37,2026-06-03 14:40:26
ESP_NODE_02,10,14,2026-06-03 14:40:26
ESP_NODE_04,4,5,2026-06-03 14:41:02
ESP_NODE_03,40,17,2026-06-03 14:41:32
ESP_NODE_01,26,47,2026-06-03 14:41:32
ESP_NODE_02,16,17,2026-06-03 14:41:32
ESP_NODE_04,3,8,2026-06-03 14:42:16
ESP_NODE_03,59,13,2026-06-03 14:42:38
ESP_NODE_01,40,35,2026-06-03 14:42:38
ESP_NODE_02,23,13,2026-06-03 14:42:38
ESP_NODE_04,3,6,2026-06-03 14:43:25
ESP_NODE_04,4,4,2026-06-03 14:44:31
ESP_NODE_03,54,13,2026-06-03 14:44:50
ESP_NODE_01,36,35,2026-06-03 14:44:50
ESP_NODE_02,21,13,2026-06-03 14:44:50
ESP_NODE_04,6,7,2026-06-03 14:45:39
ESP_NODE_03,32,14,2026-06-03 14:45:56
ESP_NODE_01,21,37,2026-06-03 14:45:56
ESP_NODE_02,13,14,2026-06-03 14:45:56
ESP_NODE_04,7,7,2026-06-03 14:46:45
ESP_NODE_03,35,14,2026-06-03 14:47:02
ESP_NODE_01,23,38,2026-06-03 14:47:02
ESP_NODE_02,14,14,2026-06-03 14:47:02
ESP_NODE_04,3,6,2026-06-03 14:47:52
ESP_NODE_03,31,12,2026-06-03 14:48:08
ESP_NODE_01,20,33,2026-06-03 14:48:08
ESP_NODE_02,12,12,2026-06-03 14:48:08
ESP_NODE_04,7,8,2026-06-03 14:49:01
ESP_NODE_03,21,11,2026-06-03 14:49:14
ESP_NODE_01,14,31,2026-06-03 14:49:14
ESP_NODE_02,8,11,2026-06-03 14:49:14
ESP_NODE_04,11,11,2026-06-03 14:50:09
ESP_NODE_03,25,11,2026-06-03 14:50:20
ESP_NODE_01,17,30,2026-06-03 14:50:20
ESP_NODE_02,10,11,2026-06-03 14:50:20
ESP_NODE_04,4,14,2026-06-03 14:51:17
ESP_NODE_03,46,13,2026-06-03 14:51:26
ESP_NODE_01,31,35,2026-06-03 14:51:26
ESP_NODE_02,18,13,2026-06-03 14:51:26
ESP_NODE_04,7,9,2026-06-03 14:52:23
ESP_NODE_03,78,13,2026-06-03 14:52:32
ESP_NODE_01,52,37,2026-06-03 14:52:32
ESP_NODE_02,31,13,2026-06-03 14:52:32
ESP_NODE_04,4,8,2026-06-03 14:53:29
ESP_NODE_03,68,13,2026-06-03 14:53:38
ESP_NODE_01,45,35,2026-06-03 14:53:38
ESP_NODE_02,27,13,2026-06-03 14:53:38
ESP_NODE_04,6,7,2026-06-03 14:54:36
ESP_NODE_03,67,15,2026-06-03 14:54:44
ESP_NODE_01,45,42,2026-06-03 14:54:44
ESP_NODE_02,27,15,2026-06-03 14:54:44
ESP_NODE_04,11,12,2026-06-03 14:55:43
ESP_NODE_03,70,16,2026-06-03 14:55:53
ESP_NODE_01,47,44,2026-06-03 14:55:53
ESP_NODE_02,28,16,2026-06-03 14:55:53
ESP_NODE_04,5,13,2026-06-03 14:56:50
ESP_NODE_03,38,12,2026-06-03 14:57:00
ESP_NODE_01,25,32,2026-06-03 14:57:00
ESP_NODE_02,15,12,2026-06-03 14:57:00
ESP_NODE_04,8,12,2026-06-03 14:57:56
ESP_NODE_03,42,11,2026-06-03 14:58:07
ESP_NODE_01,28,30,2026-06-03 14:58:07
ESP_NODE_02,16,11,2026-06-03 14:58:07
ESP_NODE_04,9,14,2026-06-03 14:59:04
ESP_NODE_03,39,11,2026-06-03 14:59:14
ESP_NODE_01,26,31,2026-06-03 14:59:14
ESP_NODE_02,15,11,2026-06-03 14:59:14
ESP_NODE_03,57,12,2026-06-03 15:00:20
ESP_NODE_01,38,33,2026-06-03 15:00:20
ESP_NODE_02,23,12,2026-06-03 15:00:20
ESP_NODE_03,45,15,2026-06-03 15:01:26
ESP_NODE_01,30,41,2026-06-03 15:01:26
ESP_NODE_02,18,15,2026-06-03 15:01:26
ESP_NODE_04,10,13,2026-06-03 15:01:27
ESP_NODE_03,27,16,2026-06-03 15:02:32
ESP_NODE_01,18,43,2026-06-03 15:02:32
ESP_NODE_02,11,16,2026-06-03 15:02:32
ESP_NODE_04,13,11,2026-06-03 15:02:34
ESP_NODE_04,7,11,2026-06-03 15:03:41
ESP_NODE_03,47,15,2026-06-03 15:04:45
ESP_NODE_01,31,41,2026-06-03 15:04:45
ESP_NODE_02,19,15,2026-06-03 15:04:45
ESP_NODE_04,8,13,2026-06-03 15:04:47
ESP_NODE_03,27,14,2026-06-03 15:05:52
ESP_NODE_01,18,39,2026-06-03 15:05:52
ESP_NODE_02,11,14,2026-06-03 15:05:52
ESP_NODE_04,7,14,2026-06-03 15:05:53
ESP_NODE_03,46,16,2026-06-03 15:06:58
ESP_NODE_01,31,44,2026-06-03 15:06:58
ESP_NODE_02,18,16,2026-06-03 15:06:58
ESP_NODE_04,6,8,2026-06-03 15:08:05
ESP_NODE_03,27,11,2026-06-03 15:09:10
ESP_NODE_01,18,29,2026-06-03 15:09:10
ESP_NODE_02,10,11,2026-06-03 15:09:10
ESP_NODE_04,9,11,2026-06-03 15:09:11
ESP_NODE_03,14,13,2026-06-03 15:10:16
ESP_NODE_01,9,35,2026-06-03 15:10:16
ESP_NODE_02,5,13,2026-06-03 15:10:16
ESP_NODE_04,11,7,2026-06-03 15:10:16
ESP_NODE_03,19,12,2026-06-03 15:11:22
ESP_NODE_01,12,32,2026-06-03 15:11:22
ESP_NODE_02,7,12,2026-06-03 15:11:22
ESP_NODE_04,9,7,2026-06-03 15:11:22
ESP_NODE_03,37,20,2026-06-03 15:12:28
ESP_NODE_01,25,55,2026-06-03 15:12:28
ESP_NODE_02,15,20,2026-06-03 15:12:28
ESP_NODE_03,26,16,2026-06-03 15:13:34
ESP_NODE_01,17,44,2026-06-03 15:13:34
ESP_NODE_02,10,16,2026-06-03 15:13:34
ESP_NODE_03,17,13,2026-06-03 15:14:40
ESP_NODE_01,11,35,2026-06-03 15:14:40
ESP_NODE_02,6,13,2026-06-03 15:14:40
ESP_NODE_04,10,7,2026-06-03 15:14:58
ESP_NODE_03,30,10,2026-06-03 15:15:46
ESP_NODE_01,20,27,2026-06-03 15:15:46
ESP_NODE_02,12,10,2026-06-03 15:15:46
ESP_NODE_04,0,7,2026-06-03 15:16:04
ESP_NODE_03,24,17,2026-06-03 15:16:52
ESP_NODE_01,16,46,2026-06-03 15:16:52
ESP_NODE_02,9,17,2026-06-03 15:16:52
ESP_NODE_04,5,6,2026-06-03 15:17:10
ESP_NODE_03,23,13,2026-06-03 15:17:58
ESP_NODE_01,15,35,2026-06-03 15:17:58
ESP_NODE_02,9,13,2026-06-03 15:17:58
ESP_NODE_04,3,8,2026-06-03 15:18:16
ESP_NODE_03,24,14,2026-06-03 15:19:04
ESP_NODE_01,16,39,2026-06-03 15:19:04
ESP_NODE_02,9,14,2026-06-03 15:19:04
ESP_NODE_03,26,15,2026-06-03 15:20:10
ESP_NODE_01,17,40,2026-06-03 15:20:10
ESP_NODE_02,10,15,2026-06-03 15:20:10
ESP_NODE_04,2,9,2026-06-03 15:20:37
ESP_NODE_03,14,12,2026-06-03 15:21:16
ESP_NODE_01,9,32,2026-06-03 15:21:16
ESP_NODE_02,5,12,2026-06-03 15:21:16
ESP_NODE_03,25,15,2026-06-03 15:22:23
ESP_NODE_01,17,41,2026-06-03 15:22:23
ESP_NODE_02,10,15,2026-06-03 15:22:23
ESP_NODE_04,9,5,2026-06-03 15:22:58
ESP_NODE_03,21,14,2026-06-03 15:23:30
ESP_NODE_01,14,40,2026-06-03 15:23:30
ESP_NODE_02,8,14,2026-06-03 15:23:30
ESP_NODE_04,6,8,2026-06-03 15:24:04
ESP_NODE_03,23,10,2026-06-03 15:24:36
ESP_NODE_01,15,28,2026-06-03 15:24:36
ESP_NODE_02,9,10,2026-06-03 15:24:36
ESP_NODE_04,3,7,2026-06-03 15:25:10
ESP_NODE_03,15,18,2026-06-03 15:25:42
ESP_NODE_01,10,49,2026-06-03 15:25:42
ESP_NODE_02,6,18,2026-06-03 15:25:42
ESP_NODE_04,3,5,2026-06-03 15:26:16
ESP_NODE_03,18,15,2026-06-03 15:26:48
ESP_NODE_01,12,41,2026-06-03 15:26:48
ESP_NODE_02,7,15,2026-06-03 15:26:48
ESP_NODE_04,2,7,2026-06-03 15:27:22
ESP_NODE_03,22,17,2026-06-03 15:27:54
ESP_NODE_01,14,47,2026-06-03 15:27:54
ESP_NODE_02,8,17,2026-06-03 15:27:54
ESP_NODE_04,5,4,2026-06-03 15:28:28
ESP_NODE_03,13,14,2026-06-03 15:29:00
ESP_NODE_01,8,39,2026-06-03 15:29:00
ESP_NODE_02,5,14,2026-06-03 15:29:00
ESP_NODE_04,4,9,2026-06-03 15:29:34
ESP_NODE_03,17,14,2026-06-03 15:30:08
ESP_NODE_01,11,37,2026-06-03 15:30:08
ESP_NODE_02,7,14,2026-06-03 15:30:08
ESP_NODE_04,3,6,2026-06-03 15:30:40
ESP_NODE_03,20,14,2026-06-03 15:31:14
ESP_NODE_01,13,39,2026-06-03 15:31:14
ESP_NODE_02,8,14,2026-06-03 15:31:14
ESP_NODE_04,4,9,2026-06-03 15:31:46
ESP_NODE_03,17,11,2026-06-03 15:32:20
ESP_NODE_01,11,30,2026-06-03 15:32:20
ESP_NODE_02,7,11,2026-06-03 15:32:20
ESP_NODE_04,0,8,2026-06-03 15:32:52
ESP_NODE_03,25,12,2026-06-03 15:33:26
ESP_NODE_01,17,33,2026-06-03 15:33:26
ESP_NODE_02,10,12,2026-06-03 15:33:26
ESP_NODE_04,8,8,2026-06-03 15:34:11
ESP_NODE_03,6,16,2026-06-03 15:34:32
ESP_NODE_01,4,44,2026-06-03 15:34:32
ESP_NODE_02,5,16,2026-06-03 15:34:32
ESP_NODE_04,34,8,2026-06-03 15:35:17
ESP_NODE_03,16,9,2026-06-03 15:35:38
ESP_NODE_01,11,26,2026-06-03 15:35:38
ESP_NODE_02,6,9,2026-06-03 15:35:38
ESP_NODE_04,13,8,2026-06-03 15:36:23
ESP_NODE_03,14,13,2026-06-03 15:36:44
ESP_NODE_01,9,35,2026-06-03 15:36:44
ESP_NODE_02,5,13,2026-06-03 15:36:44
ESP_NODE_04,5,8,2026-06-03 15:37:29
ESP_NODE_03,30,8,2026-06-03 15:37:50
ESP_NODE_01,20,22,2026-06-03 15:37:50
ESP_NODE_02,12,8,2026-06-03 15:37:50
ESP_NODE_04,5,9,2026-06-03 15:38:35
ESP_NODE_03,14,13,2026-06-03 15:38:56
ESP_NODE_01,9,36,2026-06-03 15:38:56
ESP_NODE_02,5,13,2026-06-03 15:38:56
ESP_NODE_04,3,8,2026-06-03 15:39:41
ESP_NODE_03,19,8,2026-06-03 15:40:02
ESP_NODE_01,13,21,2026-06-03 15:40:02
ESP_NODE_02,7,8,2026-06-03 15:40:02
ESP_NODE_04,4,8,2026-06-03 15:40:47
ESP_NODE_03,23,7,2026-06-03 15:41:08
ESP_NODE_01,15,20,2026-06-03 15:41:08
ESP_NODE_02,9,12,2026-06-03 15:41:08
ESP_NODE_04,6,11,2026-06-03 15:41:53
ESP_NODE_03,12,6,2026-06-03 15:42:14
ESP_NODE_01,8,18,2026-06-03 15:42:14
ESP_NODE_02,5,9,2026-06-03 15:42:14
ESP_NODE_04,3,9,2026-06-03 15:42:59
ESP_NODE_03,22,6,2026-06-03 15:43:20
ESP_NODE_01,15,18,2026-06-03 15:43:20
ESP_NODE_02,9,11,2026-06-03 15:43:20
ESP_NODE_04,10,11,2026-06-03 15:44:04
ESP_NODE_03,13,8,2026-06-03 15:44:26
ESP_NODE_01,9,23,2026-06-03 15:44:26
ESP_NODE_02,5,8,2026-06-03 15:44:26
ESP_NODE_04,8,10,2026-06-03 15:45:10
ESP_NODE_03,12,9,2026-06-03 15:45:31
ESP_NODE_01,8,24,2026-06-03 15:45:31
ESP_NODE_02,5,9,2026-06-03 15:45:31
ESP_NODE_04,8,9,2026-06-03 15:46:16
ESP_NODE_03,11,9,2026-06-03 15:46:37
ESP_NODE_01,7,24,2026-06-03 15:46:37
ESP_NODE_02,5,9,2026-06-03 15:46:37
ESP_NODE_04,5,10,2026-06-03 15:47:34
ESP_NODE_03,12,10,2026-06-03 15:47:43
ESP_NODE_01,8,27,2026-06-03 15:47:43
ESP_NODE_02,8,10,2026-06-03 15:47:43
ESP_NODE_04,15,7,2026-06-03 15:48:40
ESP_NODE_03,13,10,2026-06-03 15:48:49
ESP_NODE_01,9,29,2026-06-03 15:48:49
ESP_NODE_02,5,10,2026-06-03 15:48:49
ESP_NODE_04,10,6,2026-06-03 15:49:46
ESP_NODE_03,17,8,2026-06-03 15:49:56
ESP_NODE_01,11,23,2026-06-03 15:49:56
ESP_NODE_02,6,8,2026-06-03 15:49:56
ESP_NODE_04,9,8,2026-06-03 15:50:52
ESP_NODE_03,24,8,2026-06-03 15:51:02
ESP_NODE_01,16,22,2026-06-03 15:51:02
ESP_NODE_02,9,8,2026-06-03 15:51:02
ESP_NODE_04,9,10,2026-06-03 15:51:58
ESP_NODE_03,20,9,2026-06-03 15:52:07
ESP_NODE_01,13,26,2026-06-03 15:52:07
ESP_NODE_02,8,9,2026-06-03 15:52:07
ESP_NODE_04,13,5,2026-06-03 15:53:03
ESP_NODE_03,23,8,2026-06-03 15:53:13
ESP_NODE_01,15,23,2026-06-03 15:53:13
ESP_NODE_02,9,8,2026-06-03 15:53:13
ESP_NODE_04,7,9,2026-06-03 15:54:09
ESP_NODE_03,15,4,2026-06-03 15:54:19
ESP_NODE_01,10,11,2026-06-03 15:54:19
ESP_NODE_02,6,8,2026-06-03 15:54:19
ESP_NODE_04,4,8,2026-06-03 15:55:16
ESP_NODE_03,10,10,2026-06-03 15:55:25
ESP_NODE_01,6,27,2026-06-03 15:55:25
ESP_NODE_02,8,10,2026-06-03 15:55:25
ESP_NODE_04,4,10,2026-06-03 15:56:22
ESP_NODE_03,16,8,2026-06-03 15:56:31
ESP_NODE_01,11,22,2026-06-03 15:56:31
ESP_NODE_02,6,8,2026-06-03 15:56:31
ESP_NODE_04,7,10,2026-06-03 15:57:27
ESP_NODE_03,11,7,2026-06-03 15:57:37
ESP_NODE_01,7,19,2026-06-03 15:57:37
ESP_NODE_02,5,11,2026-06-03 15:57:37
ESP_NODE_04,7,8,2026-06-03 15:58:33
ESP_NODE_03,20,10,2026-06-03 15:58:43
ESP_NODE_01,13,27,2026-06-03 15:58:43
ESP_NODE_02,8,10,2026-06-03 15:58:43
ESP_NODE_04,2,7,2026-06-03 15:59:39
ESP_NODE_03,35,9,2026-06-03 15:59:49
ESP_NODE_01,23,26,2026-06-03 15:59:49
ESP_NODE_02,14,9,2026-06-03 15:59:49
ESP_NODE_04,4,7,2026-06-03 16:00:44
ESP_NODE_04,6,9,2026-06-03 16:01:51
ESP_NODE_03,24,8,2026-06-03 16:02:01
ESP_NODE_01,16,22,2026-06-03 16:02:01
ESP_NODE_02,9,8,2026-06-03 16:02:01
ESP_NODE_03,24,6,2026-06-03 16:03:07
ESP_NODE_01,16,16,2026-06-03 16:03:07
ESP_NODE_02,9,9,2026-06-03 16:03:07
ESP_NODE_04,7,9,2026-06-03 16:04:02
ESP_NODE_03,20,5,2026-06-03 16:04:14
ESP_NODE_01,13,15,2026-06-03 16:04:14
ESP_NODE_02,8,8,2026-06-03 16:04:14
ESP_NODE_04,10,9,2026-06-03 16:05:08
ESP_NODE_03,22,5,2026-06-03 16:05:21
ESP_NODE_01,15,14,2026-06-03 16:05:21
ESP_NODE_02,9,12,2026-06-03 16:05:21
ESP_NODE_04,7,6,2026-06-03 16:06:14
ESP_NODE_03,35,7,2026-06-03 16:06:27
ESP_NODE_01,23,20,2026-06-03 16:06:27
ESP_NODE_02,14,8,2026-06-03 16:06:27
ESP_NODE_04,5,8,2026-06-03 16:07:20
ESP_NODE_03,18,9,2026-06-03 16:07:34
ESP_NODE_01,12,26,2026-06-03 16:07:34
ESP_NODE_02,7,9,2026-06-03 16:07:34
ESP_NODE_04,2,9,2026-06-03 16:08:26
ESP_NODE_03,31,6,2026-06-03 16:08:40
ESP_NODE_01,21,17,2026-06-03 16:08:40
ESP_NODE_02,12,11,2026-06-03 16:08:40
ESP_NODE_04,3,8,2026-06-03 16:09:32
ESP_NODE_03,64,5,2026-06-03 16:09:46
ESP_NODE_01,43,14,2026-06-03 16:09:46
ESP_NODE_02,25,10,2026-06-03 16:09:46
ESP_NODE_04,5,6,2026-06-03 16:10:38
ESP_NODE_03,56,8,2026-06-03 16:10:52
ESP_NODE_01,37,22,2026-06-03 16:10:52
ESP_NODE_02,22,8,2026-06-03 16:10:52
ESP_NODE_04,7,6,2026-06-03 16:11:44
ESP_NODE_03,40,8,2026-06-03 16:12:00
ESP_NODE_01,26,23,2026-06-03 16:12:00
ESP_NODE_02,16,8,2026-06-03 16:12:00
ESP_NODE_04,3,4,2026-06-03 16:12:50
ESP_NODE_03,14,7,2026-06-03 16:13:06
ESP_NODE_01,9,20,2026-06-03 16:13:06
ESP_NODE_02,5,9,2026-06-03 16:13:06
ESP_NODE_04,5,7,2026-06-03 16:13:57
ESP_NODE_03,23,12,2026-06-03 16:14:13
ESP_NODE_01,15,33,2026-06-03 16:14:13
ESP_NODE_02,9,12,2026-06-03 16:14:13
ESP_NODE_04,7,9,2026-06-03 16:15:03
ESP_NODE_03,17,11,2026-06-03 16:15:19
ESP_NODE_01,11,30,2026-06-03 16:15:19
ESP_NODE_02,7,11,2026-06-03 16:15:19
ESP_NODE_04,6,7,2026-06-03 16:16:09
ESP_NODE_03,46,9,2026-06-03 16:16:25
ESP_NODE_01,31,26,2026-06-03 16:16:25
ESP_NODE_02,18,9,2026-06-03 16:16:25
ESP_NODE_04,6,9,2026-06-03 16:17:14
ESP_NODE_03,28,5,2026-06-03 16:17:31
ESP_NODE_01,19,15,2026-06-03 16:17:31
ESP_NODE_02,11,9,2026-06-03 16:17:31
ESP_NODE_04,7,8,2026-06-03 16:18:20
ESP_NODE_03,30,13,2026-06-03 16:18:37
ESP_NODE_01,20,37,2026-06-03 16:18:37
ESP_NODE_02,12,13,2026-06-03 16:18:37
ESP_NODE_04,7,6,2026-06-03 16:19:26
ESP_NODE_03,18,9,2026-06-03 16:19:43
ESP_NODE_01,12,26,2026-06-03 16:19:43
ESP_NODE_02,7,9,2026-06-03 16:19:43
ESP_NODE_04,4,5,2026-06-03 16:20:32
ESP_NODE_03,38,11,2026-06-03 16:20:48
ESP_NODE_01,25,30,2026-06-03 16:20:48
ESP_NODE_02,15,11,2026-06-03 16:20:48
ESP_NODE_04,4,13,2026-06-03 16:21:38
ESP_NODE_03,26,11,2026-06-03 16:21:55
ESP_NODE_01,17,30,2026-06-03 16:21:55
ESP_NODE_02,10,11,2026-06-03 16:21:55
ESP_NODE_04,6,8,2026-06-03 16:22:44
ESP_NODE_03,12,9,2026-06-03 16:23:00
ESP_NODE_01,8,25,2026-06-03 16:23:00
ESP_NODE_02,8,9,2026-06-03 16:23:00
ESP_NODE_04,7,8,2026-06-03 16:23:50
ESP_NODE_03,14,12,2026-06-03 16:24:07
ESP_NODE_01,10,33,2026-06-03 16:24:07
ESP_NODE_02,5,12,2026-06-03 16:24:07
ESP_NODE_04,10,5,2026-06-03 16:24:56
ESP_NODE_03,14,13,2026-06-03 16:25:13
ESP_NODE_01,9,37,2026-06-03 16:25:13
ESP_NODE_02,5,13,2026-06-03 16:25:13
ESP_NODE_03,29,16,2026-06-03 16:26:19
ESP_NODE_01,19,44,2026-06-03 16:26:19
ESP_NODE_02,11,16,2026-06-03 16:26:19
ESP_NODE_03,42,8,2026-06-03 16:27:25
ESP_NODE_01,28,21,2026-06-03 16:27:25
ESP_NODE_02,17,8,2026-06-03 16:27:25
ESP_NODE_03,46,7,2026-06-03 16:28:31
ESP_NODE_01,30,21,2026-06-03 16:28:31
ESP_NODE_02,18,11,2026-06-03 16:28:31
ESP_NODE_04,8,11,2026-06-03 16:28:32
ESP_NODE_03,24,7,2026-06-03 16:29:37
ESP_NODE_01,16,19,2026-06-03 16:29:37
ESP_NODE_02,9,8,2026-06-03 16:29:37
ESP_NODE_04,3,8,2026-06-03 16:29:38
ESP_NODE_03,54,9,2026-06-03 16:30:43
ESP_NODE_01,36,26,2026-06-03 16:30:43
ESP_NODE_02,21,9,2026-06-03 16:30:43
ESP_NODE_04,7,10,2026-06-03 16:30:44
ESP_NODE_03,45,6,2026-06-03 16:31:50
ESP_NODE_01,30,18,2026-06-03 16:31:50
ESP_NODE_02,18,10,2026-06-03 16:31:50
ESP_NODE_04,9,14,2026-06-03 16:31:50
ESP_NODE_03,24,7,2026-06-03 16:32:56
ESP_NODE_01,16,20,2026-06-03 16:32:56
ESP_NODE_02,9,8,2026-06-03 16:32:56
ESP_NODE_04,5,10,2026-06-03 16:32:56
ESP_NODE_04,7,14,2026-06-03 16:34:02
ESP_NODE_04,8,16,2026-06-03 16:35:07
ESP_NODE_03,24,9,2026-06-03 16:35:08
ESP_NODE_01,16,25,2026-06-03 16:35:08
ESP_NODE_02,9,9,2026-06-03 16:35:08
ESP_NODE_03,11,6,2026-06-03 16:36:14
ESP_NODE_01,7,18,2026-06-03 16:36:14
ESP_NODE_02,5,10,2026-06-03 16:36:14
ESP_NODE_04,3,16,2026-06-03 16:36:14
ESP_NODE_04,9,15,2026-06-03 16:37:19
ESP_NODE_03,22,13,2026-06-03 16:37:20
ESP_NODE_01,15,35,2026-06-03 16:37:20
ESP_NODE_02,9,13,2026-06-03 16:37:20
ESP_NODE_04,8,12,2026-06-03 16:38:25
ESP_NODE_03,9,8,2026-06-03 16:38:26
ESP_NODE_01,6,23,2026-06-03 16:38:26
ESP_NODE_02,6,8,2026-06-03 16:38:26
ESP_NODE_03,37,10,2026-06-03 16:39:31
ESP_NODE_01,25,29,2026-06-03 16:39:31
ESP_NODE_02,15,10,2026-06-03 16:39:31
ESP_NODE_04,11,11,2026-06-03 16:39:31
ESP_NODE_03,31,9,2026-06-03 16:40:37
ESP_NODE_01,20,24,2026-06-03 16:40:37
ESP_NODE_02,12,9,2026-06-03 16:40:37
ESP_NODE_04,3,9,2026-06-03 16:40:37
ESP_NODE_03,33,11,2026-06-03 16:41:43
ESP_NODE_01,22,31,2026-06-03 16:41:43
ESP_NODE_02,13,11,2026-06-03 16:41:43
ESP_NODE_04,5,8,2026-06-03 16:41:43
ESP_NODE_04,5,11,2026-06-03 16:42:48
ESP_NODE_04,15,10,2026-06-03 16:43:54
ESP_NODE_03,20,13,2026-06-03 16:43:55
ESP_NODE_01,13,36,2026-06-03 16:43:55
ESP_NODE_02,8,13,2026-06-03 16:43:55
ESP_NODE_04,9,9,2026-06-03 16:45:00
ESP_NODE_03,23,12,2026-06-03 16:45:02
ESP_NODE_01,15,33,2026-06-03 16:45:02
ESP_NODE_02,9,12,2026-06-03 16:45:02
ESP_NODE_04,15,13,2026-06-03 16:46:06
ESP_NODE_03,47,14,2026-06-03 16:46:08
ESP_NODE_01,31,38,2026-06-03 16:46:08
ESP_NODE_02,18,14,2026-06-03 16:46:08
ESP_NODE_04,2,12,2026-06-03 16:47:12
ESP_NODE_03,24,11,2026-06-03 16:47:14
ESP_NODE_01,16,31,2026-06-03 16:47:14
ESP_NODE_02,9,11,2026-06-03 16:47:14
ESP_NODE_03,17,13,2026-06-03 16:48:20
ESP_NODE_01,11,36,2026-06-03 16:48:20
ESP_NODE_02,6,13,2026-06-03 16:48:20
ESP_NODE_03,32,17,2026-06-03 16:49:26
ESP_NODE_01,21,46,2026-06-03 16:49:26
ESP_NODE_02,12,17,2026-06-03 16:49:26
ESP_NODE_04,10,10,2026-06-03 16:49:33
ESP_NODE_03,25,16,2026-06-03 16:50:32
ESP_NODE_01,17,43,2026-06-03 16:50:32
ESP_NODE_02,10,16,2026-06-03 16:50:32
ESP_NODE_04,11,11,2026-06-03 16:50:39
ESP_NODE_03,20,14,2026-06-03 16:51:38
ESP_NODE_01,13,39,2026-06-03 16:51:38
ESP_NODE_02,8,14,2026-06-03 16:51:38
ESP_NODE_04,17,19,2026-06-03 16:51:45
ESP_NODE_03,21,14,2026-06-03 16:52:44
ESP_NODE_01,14,37,2026-06-03 16:52:44
ESP_NODE_02,8,14,2026-06-03 16:52:44
ESP_NODE_04,16,15,2026-06-03 16:52:50
ESP_NODE_03,20,12,2026-06-03 16:53:50
ESP_NODE_01,13,32,2026-06-03 16:53:50
ESP_NODE_02,8,12,2026-06-03 16:53:50
ESP_NODE_04,9,14,2026-06-03 16:53:56
ESP_NODE_03,24,14,2026-06-03 16:54:56
ESP_NODE_01,16,40,2026-06-03 16:54:56
ESP_NODE_02,9,14,2026-06-03 16:54:56
ESP_NODE_04,7,15,2026-06-03 16:55:02
ESP_NODE_03,12,14,2026-06-03 16:56:02
ESP_NODE_01,8,39,2026-06-03 16:56:02
ESP_NODE_02,5,14,2026-06-03 16:56:02
ESP_NODE_04,9,15,2026-06-03 16:56:08
ESP_NODE_03,30,17,2026-06-03 16:57:07
ESP_NODE_01,20,46,2026-06-03 16:57:07
ESP_NODE_02,12,17,2026-06-03 16:57:07
ESP_NODE_03,30,14,2026-06-03 16:58:14
ESP_NODE_01,20,37,2026-06-03 16:58:14
ESP_NODE_02,12,14,2026-06-03 16:58:14
ESP_NODE_04,4,15,2026-06-03 16:58:29
ESP_NODE_04,6,12,2026-06-03 16:59:36
ESP_NODE_03,12,13,2026-06-03 17:00:26
ESP_NODE_01,8,36,2026-06-03 17:00:26
ESP_NODE_02,5,13,2026-06-03 17:00:26
ESP_NODE_04,12,14,2026-06-03 17:00:42
ESP_NODE_03,24,16,2026-06-03 17:01:32
ESP_NODE_01,16,43,2026-06-03 17:01:32
ESP_NODE_02,9,16,2026-06-03 17:01:32
ESP_NODE_04,7,16,2026-06-03 17:01:48
ESP_NODE_03,11,10,2026-06-03 17:02:38
ESP_NODE_01,7,28,2026-06-03 17:02:38
ESP_NODE_02,6,10,2026-06-03 17:02:38
ESP_NODE_04,8,13,2026-06-03 17:02:53
ESP_NODE_03,26,12,2026-06-03 17:03:45
ESP_NODE_01,17,32,2026-06-03 17:03:45
ESP_NODE_02,10,12,2026-06-03 17:03:45
ESP_NODE_04,13,16,2026-06-03 17:03:59
ESP_NODE_03,12,16,2026-06-03 17:04:51
ESP_NODE_01,8,43,2026-06-03 17:04:51
ESP_NODE_02,6,16,2026-06-03 17:04:51
ESP_NODE_04,14,14,2026-06-03 17:05:05
ESP_NODE_03,16,13,2026-06-03 17:05:57
ESP_NODE_01,11,37,2026-06-03 17:05:57
ESP_NODE_02,6,13,2026-06-03 17:05:57
ESP_NODE_04,10,12,2026-06-03 17:06:11
ESP_NODE_03,11,18,2026-06-03 17:07:03
ESP_NODE_01,7,50,2026-06-03 17:07:03
ESP_NODE_02,8,18,2026-06-03 17:07:03
ESP_NODE_03,9,13,2026-06-03 17:08:09
ESP_NODE_01,6,35,2026-06-03 17:08:09
ESP_NODE_02,8,13,2026-06-03 17:08:09
ESP_NODE_04,14,14,2026-06-03 17:08:32
ESP_NODE_03,7,14,2026-06-03 17:09:15
ESP_NODE_01,4,38,2026-06-03 17:09:15
ESP_NODE_02,8,14,2026-06-03 17:09:15
ESP_NODE_04,21,11,2026-06-03 17:09:38
ESP_NODE_03,20,15,2026-06-03 17:10:22
ESP_NODE_01,14,42,2026-06-03 17:10:22
ESP_NODE_02,8,15,2026-06-03 17:10:22
ESP_NODE_04,7,11,2026-06-03 17:10:44
ESP_NODE_03,13,13,2026-06-03 17:11:28
ESP_NODE_01,9,37,2026-06-03 17:11:28
ESP_NODE_02,5,13,2026-06-03 17:11:28
ESP_NODE_04,21,12,2026-06-03 17:11:50
ESP_NODE_03,18,15,2026-06-03 17:12:34
ESP_NODE_01,12,40,2026-06-03 17:12:34
ESP_NODE_02,7,15,2026-06-03 17:12:34
ESP_NODE_03,14,10,2026-06-03 17:13:40
ESP_NODE_01,9,27,2026-06-03 17:13:40
ESP_NODE_02,5,10,2026-06-03 17:13:40
ESP_NODE_04,5,9,2026-06-03 17:14:01
ESP_NODE_03,17,16,2026-06-03 17:14:46
ESP_NODE_01,11,43,2026-06-03 17:14:46
ESP_NODE_02,6,16,2026-06-03 17:14:46
ESP_NODE_04,10,13,2026-06-03 17:15:07
ESP_NODE_03,7,14,2026-06-03 17:15:52
ESP_NODE_01,5,39,2026-06-03 17:15:52
ESP_NODE_02,5,14,2026-06-03 17:15:52
ESP_NODE_04,20,15,2026-06-03 17:16:13
ESP_NODE_03,16,18,2026-06-03 17:16:58
ESP_NODE_01,10,50,2026-06-03 17:16:58
ESP_NODE_02,6,18,2026-06-03 17:16:58
ESP_NODE_04,11,11,2026-06-03 17:17:18
ESP_NODE_03,9,18,2026-06-03 17:18:04
ESP_NODE_01,6,49,2026-06-03 17:18:04
ESP_NODE_02,8,18,2026-06-03 17:18:04
ESP_NODE_04,7,11,2026-06-03 17:18:24
ESP_NODE_03,7,14,2026-06-03 17:19:10
ESP_NODE_01,5,39,2026-06-03 17:19:10
ESP_NODE_02,8,14,2026-06-03 17:19:10
ESP_NODE_03,7,12,2026-06-03 17:20:16
ESP_NODE_01,5,34,2026-06-03 17:20:16
ESP_NODE_02,7,12,2026-06-03 17:20:16
ESP_NODE_04,5,11,2026-06-03 17:20:45
ESP_NODE_03,15,19,2026-06-03 17:21:22
ESP_NODE_01,10,52,2026-06-03 17:21:22
ESP_NODE_02,6,19,2026-06-03 17:21:22
ESP_NODE_04,8,11,2026-06-03 17:21:51
ESP_NODE_03,8,16,2026-06-03 17:22:28
ESP_NODE_01,5,43,2026-06-03 17:22:28
ESP_NODE_02,8,16,2026-06-03 17:22:28
ESP_NODE_04,14,11,2026-06-03 17:22:57
ESP_NODE_03,6,15,2026-06-03 17:23:34
ESP_NODE_01,4,41,2026-06-03 17:23:34
ESP_NODE_02,7,15,2026-06-03 17:23:34
ESP_NODE_04,7,13,2026-06-03 17:24:03
ESP_NODE_03,10,11,2026-06-03 17:24:40
ESP_NODE_01,7,31,2026-06-03 17:24:40
ESP_NODE_02,5,11,2026-06-03 17:24:40
ESP_NODE_04,10,11,2026-06-03 17:25:09
ESP_NODE_03,9,13,2026-06-03 17:25:47
ESP_NODE_01,6,35,2026-06-03 17:25:47
ESP_NODE_02,5,13,2026-06-03 17:25:47
ESP_NODE_04,4,13,2026-06-03 17:26:15
ESP_NODE_03,12,9,2026-06-03 17:26:53
ESP_NODE_01,8,25,2026-06-03 17:26:53
ESP_NODE_02,8,9,2026-06-03 17:26:53
ESP_NODE_04,11,15,2026-06-03 17:27:21
ESP_NODE_03,13,12,2026-06-03 17:27:59
ESP_NODE_01,9,32,2026-06-03 17:27:59
ESP_NODE_02,5,12,2026-06-03 17:27:59
ESP_NODE_04,6,12,2026-06-03 17:28:27
ESP_NODE_03,10,10,2026-06-03 17:29:05
ESP_NODE_01,6,29,2026-06-03 17:29:05
ESP_NODE_02,8,10,2026-06-03 17:29:05
ESP_NODE_04,3,12,2026-06-03 17:29:33
ESP_NODE_03,14,12,2026-06-03 17:30:11
ESP_NODE_01,9,34,2026-06-03 17:30:11
ESP_NODE_02,5,12,2026-06-03 17:30:11
ESP_NODE_03,22,12,2026-06-03 17:31:17
ESP_NODE_01,14,34,2026-06-03 17:31:17
ESP_NODE_02,8,12,2026-06-03 17:31:17
ESP_NODE_04,6,11,2026-06-03 17:31:45
ESP_NODE_03,8,7,2026-06-03 17:32:23
ESP_NODE_01,5,19,2026-06-03 17:32:23
ESP_NODE_02,6,9,2026-06-03 17:32:23
ESP_NODE_03,8,8,2026-06-03 17:33:29
ESP_NODE_01,5,21,2026-06-03 17:33:29
ESP_NODE_02,6,8,2026-06-03 17:33:29
ESP_NODE_04,5,14,2026-06-03 17:34:06
ESP_NODE_03,17,10,2026-06-03 17:34:35
ESP_NODE_01,11,28,2026-06-03 17:34:35
ESP_NODE_02,7,10,2026-06-03 17:34:35
ESP_NODE_04,4,13,2026-06-03 17:35:12
ESP_NODE_03,11,10,2026-06-03 17:35:40
ESP_NODE_01,7,27,2026-06-03 17:35:40
ESP_NODE_02,6,10,2026-06-03 17:35:40
ESP_NODE_03,9,11,2026-06-03 17:36:47
ESP_NODE_01,6,30,2026-06-03 17:36:47
ESP_NODE_02,8,11,2026-06-03 17:36:47
ESP_NODE_04,3,12,2026-06-03 17:37:33
ESP_NODE_04,4,13,2026-06-03 17:38:40
ESP_NODE_03,20,13,2026-06-03 17:38:58
ESP_NODE_01,14,35,2026-06-03 17:38:58
ESP_NODE_02,8,13,2026-06-03 17:38:58
ESP_NODE_04,1,14,2026-06-03 17:39:45
ESP_NODE_03,11,12,2026-06-03 17:40:04
ESP_NODE_01,7,33,2026-06-03 17:40:04
ESP_NODE_02,8,12,2026-06-03 17:40:04
ESP_NODE_04,2,14,2026-06-03 17:40:51
ESP_NODE_03,24,13,2026-06-03 17:41:10
ESP_NODE_01,16,36,2026-06-03 17:41:10
ESP_NODE_02,9,13,2026-06-03 17:41:10
ESP_NODE_04,8,14,2026-06-03 17:41:58
ESP_NODE_03,20,13,2026-06-03 17:42:17
ESP_NODE_01,14,35,2026-06-03 17:42:17
ESP_NODE_02,8,13,2026-06-03 17:42:17
ESP_NODE_04,8,11,2026-06-03 17:43:04
ESP_NODE_03,21,9,2026-06-03 17:43:22
ESP_NODE_01,14,26,2026-06-03 17:43:22
ESP_NODE_02,8,9,2026-06-03 17:43:22
ESP_NODE_04,2,13,2026-06-03 17:44:10
ESP_NODE_03,21,16,2026-06-03 17:44:32
ESP_NODE_01,14,43,2026-06-03 17:44:32
ESP_NODE_02,8,16,2026-06-03 17:44:32
ESP_NODE_04,4,12,2026-06-03 17:45:16
ESP_NODE_03,15,11,2026-06-03 17:45:38
ESP_NODE_01,10,31,2026-06-03 17:45:38
ESP_NODE_02,6,11,2026-06-03 17:45:38
ESP_NODE_03,14,8,2026-06-03 17:46:43
ESP_NODE_01,9,23,2026-06-03 17:46:43
ESP_NODE_02,5,8,2026-06-03 17:46:43
ESP_NODE_04,8,11,2026-06-03 17:47:37
ESP_NODE_03,19,8,2026-06-03 17:47:49
ESP_NODE_01,13,23,2026-06-03 17:47:49
ESP_NODE_02,7,8,2026-06-03 17:47:49
ESP_NODE_04,3,15,2026-06-03 17:48:43
ESP_NODE_03,6,10,2026-06-03 17:48:55
ESP_NODE_01,4,28,2026-06-03 17:48:55
ESP_NODE_02,5,10,2026-06-03 17:48:55
ESP_NODE_04,5,14,2026-06-03 17:49:49
ESP_NODE_03,20,12,2026-06-03 17:50:01
ESP_NODE_01,13,34,2026-06-03 17:50:01
ESP_NODE_02,8,12,2026-06-03 17:50:01
ESP_NODE_04,5,14,2026-06-03 17:50:54
ESP_NODE_03,17,9,2026-06-03 17:51:07
ESP_NODE_01,11,24,2026-06-03 17:51:07
ESP_NODE_02,7,9,2026-06-03 17:51:07
ESP_NODE_03,19,14,2026-06-03 17:52:13
ESP_NODE_01,12,38,2026-06-03 17:52:13
ESP_NODE_02,7,14,2026-06-03 17:52:13
ESP_NODE_04,5,9,2026-06-03 17:53:07
ESP_NODE_03,20,13,2026-06-03 17:53:19
ESP_NODE_01,13,35,2026-06-03 17:53:19
ESP_NODE_02,8,13,2026-06-03 17:53:19
ESP_NODE_04,6,13,2026-06-03 17:54:13
ESP_NODE_03,12,11,2026-06-03 17:54:25
ESP_NODE_01,8,30,2026-06-03 17:54:25
ESP_NODE_02,5,11,2026-06-03 17:54:25
ESP_NODE_04,10,13,2026-06-03 17:55:19
ESP_NODE_03,22,11,2026-06-03 17:55:30
ESP_NODE_01,14,31,2026-06-03 17:55:30
ESP_NODE_02,8,11,2026-06-03 17:55:30
ESP_NODE_04,9,12,2026-06-03 17:56:25
ESP_NODE_03,14,10,2026-06-03 17:56:36
ESP_NODE_01,9,27,2026-06-03 17:56:36
ESP_NODE_02,5,10,2026-06-03 17:56:36
ESP_NODE_04,6,11,2026-06-03 17:57:31
ESP_NODE_03,16,11,2026-06-03 17:58:49
ESP_NODE_01,10,29,2026-06-03 17:58:49
ESP_NODE_02,6,11,2026-06-03 17:58:49
ESP_NODE_04,2,8,2026-06-03 17:59:43
ESP_NODE_03,13,7,2026-06-03 17:59:55
ESP_NODE_01,8,19,2026-06-03 17:59:55
ESP_NODE_02,5,9,2026-06-03 17:59:55
ESP_NODE_04,10,9,2026-06-03 18:00:48
ESP_NODE_03,17,8,2026-06-03 18:01:02
ESP_NODE_01,11,22,2026-06-03 18:01:02
ESP_NODE_02,6,8,2026-06-03 18:01:02
ESP_NODE_04,6,9,2026-06-03 18:01:54
ESP_NODE_03,14,8,2026-06-03 18:02:08
ESP_NODE_01,9,23,2026-06-03 18:02:08
ESP_NODE_02,5,8,2026-06-03 18:02:08
ESP_NODE_03,15,4,2026-06-03 18:03:14
ESP_NODE_01,10,11,2026-06-03 18:03:14
ESP_NODE_02,6,12,2026-06-03 18:03:14
ESP_NODE_04,0,7,2026-06-03 18:04:06
ESP_NODE_03,10,8,2026-06-03 18:04:20
ESP_NODE_01,7,22,2026-06-03 18:04:20
ESP_NODE_02,8,8,2026-06-03 18:04:20
ESP_NODE_04,3,5,2026-06-03 18:05:12
ESP_NODE_03,14,7,2026-06-03 18:05:26
ESP_NODE_01,9,20,2026-06-03 18:05:26
ESP_NODE_02,5,12,2026-06-03 18:05:26
ESP_NODE_04,2,9,2026-06-03 18:06:18
ESP_NODE_03,29,8,2026-06-03 18:06:32
ESP_NODE_01,19,23,2026-06-03 18:06:32
ESP_NODE_02,11,8,2026-06-03 18:06:32
ESP_NODE_04,3,6,2026-06-03 18:07:24
ESP_NODE_03,13,8,2026-06-03 18:07:38
ESP_NODE_01,9,21,2026-06-03 18:07:38
ESP_NODE_02,5,8,2026-06-03 18:07:38
ESP_NODE_04,9,9,2026-06-03 18:08:30
ESP_NODE_03,25,7,2026-06-03 18:08:44
ESP_NODE_01,16,19,2026-06-03 18:08:44
ESP_NODE_02,10,11,2026-06-03 18:08:44
ESP_NODE_04,4,10,2026-06-03 18:09:36
ESP_NODE_03,16,10,2026-06-03 18:09:50
ESP_NODE_01,10,27,2026-06-03 18:09:50
ESP_NODE_02,6,10,2026-06-03 18:09:50
ESP_NODE_04,3,6,2026-06-03 18:10:42
ESP_NODE_03,13,8,2026-06-03 18:10:56
ESP_NODE_01,9,22,2026-06-03 18:10:56
ESP_NODE_02,5,8,2026-06-03 18:10:56
ESP_NODE_03,9,8,2026-06-03 18:12:02
ESP_NODE_01,6,23,2026-06-03 18:12:02
ESP_NODE_02,5,8,2026-06-03 18:12:02
ESP_NODE_04,7,8,2026-06-03 18:13:03
ESP_NODE_03,30,9,2026-06-03 18:13:08
ESP_NODE_01,20,24,2026-06-03 18:13:08
ESP_NODE_02,12,9,2026-06-03 18:13:08
ESP_NODE_03,15,9,2026-06-03 18:14:14
ESP_NODE_01,10,24,2026-06-03 18:14:14
ESP_NODE_02,6,9,2026-06-03 18:14:14
ESP_NODE_04,5,11,2026-06-03 18:15:15
ESP_NODE_03,34,8,2026-06-03 18:15:20
ESP_NODE_01,23,23,2026-06-03 18:15:20
ESP_NODE_02,13,8,2026-06-03 18:15:20
ESP_NODE_03,23,10,2026-06-03 18:16:26
ESP_NODE_01,15,27,2026-06-03 18:16:26
ESP_NODE_02,9,10,2026-06-03 18:16:26
ESP_NODE_03,12,7,2026-06-03 18:17:32
ESP_NODE_01,8,19,2026-06-03 18:17:32
ESP_NODE_02,6,11,2026-06-03 18:17:32
ESP_NODE_04,11,13,2026-06-03 18:17:36
ESP_NODE_03,20,7,2026-06-03 18:18:40
ESP_NODE_01,13,19,2026-06-03 18:18:40
ESP_NODE_02,8,9,2026-06-03 18:18:40
ESP_NODE_04,9,10,2026-06-03 18:18:42
ESP_NODE_03,13,5,2026-06-03 18:19:46
ESP_NODE_01,9,13,2026-06-03 18:19:46
ESP_NODE_02,5,12,2026-06-03 18:19:46
ESP_NODE_04,6,6,2026-06-03 18:19:48
ESP_NODE_03,12,3,2026-06-03 18:20:52
ESP_NODE_01,8,9,2026-06-03 18:20:52
ESP_NODE_02,6,8,2026-06-03 18:20:52
ESP_NODE_04,5,10,2026-06-03 18:20:54
ESP_NODE_03,8,6,2026-06-03 18:23:04
ESP_NODE_01,5,16,2026-06-03 18:23:04
ESP_NODE_02,8,11,2026-06-03 18:23:04
ESP_NODE_04,7,9,2026-06-03 18:23:15
ESP_NODE_03,22,4,2026-06-03 18:24:10
ESP_NODE_01,14,13,2026-06-03 18:24:10
ESP_NODE_02,8,12,2026-06-03 18:24:10
ESP_NODE_04,7,7,2026-06-03 18:24:21
ESP_NODE_03,22,3,2026-06-03 18:25:16
ESP_NODE_01,15,9,2026-06-03 18:25:16
ESP_NODE_02,8,8,2026-06-03 18:25:16
ESP_NODE_04,3,9,2026-06-03 18:25:26
ESP_NODE_03,19,3,2026-06-03 18:26:22
ESP_NODE_01,12,9,2026-06-03 18:26:22
ESP_NODE_02,7,10,2026-06-03 18:26:22
ESP_NODE_04,5,8,2026-06-03 18:26:32
ESP_NODE_03,20,5,2026-06-03 18:27:28
ESP_NODE_01,13,14,2026-06-03 18:27:28
ESP_NODE_02,8,11,2026-06-03 18:27:28
ESP_NODE_04,9,8,2026-06-03 18:27:38
ESP_NODE_03,23,3,2026-06-03 18:28:34
ESP_NODE_01,15,9,2026-06-03 18:28:34
ESP_NODE_02,9,11,2026-06-03 18:28:34
ESP_NODE_03,16,5,2026-06-03 18:29:40
ESP_NODE_01,11,15,2026-06-03 18:29:40
ESP_NODE_02,6,9,2026-06-03 18:29:40
ESP_NODE_04,4,10,2026-06-03 18:29:59
ESP_NODE_03,22,4,2026-06-03 18:30:46
ESP_NODE_01,14,11,2026-06-03 18:30:46
ESP_NODE_02,8,12,2026-06-03 18:30:46
ESP_NODE_04,3,10,2026-06-03 18:31:05
ESP_NODE_03,21,4,2026-06-03 18:31:52
ESP_NODE_01,14,11,2026-06-03 18:31:52
ESP_NODE_02,8,10,2026-06-03 18:31:52
ESP_NODE_03,13,4,2026-06-03 18:32:58
ESP_NODE_01,8,11,2026-06-03 18:32:58
ESP_NODE_02,5,12,2026-06-03 18:32:58
ESP_NODE_04,1,9,2026-06-03 18:33:17
ESP_NODE_03,15,5,2026-06-03 18:34:03
ESP_NODE_01,10,13,2026-06-03 18:34:03
ESP_NODE_02,6,9,2026-06-03 18:34:03
ESP_NODE_04,3,7,2026-06-03 18:34:23
ESP_NODE_03,25,4,2026-06-03 18:35:09
ESP_NODE_01,17,11,2026-06-03 18:35:09
ESP_NODE_02,10,11,2026-06-03 18:35:09
ESP_NODE_04,2,8,2026-06-03 18:35:29
ESP_NODE_03,11,3,2026-06-03 18:36:15
ESP_NODE_01,7,8,2026-06-03 18:36:15
ESP_NODE_02,5,10,2026-06-03 18:36:15
ESP_NODE_04,5,9,2026-06-03 18:36:35
ESP_NODE_03,18,5,2026-06-03 18:37:21
ESP_NODE_01,12,14,2026-06-03 18:37:21
ESP_NODE_02,7,10,2026-06-03 18:37:21
ESP_NODE_04,6,6,2026-06-03 18:37:40
ESP_NODE_03,15,1,2026-06-03 18:38:27
ESP_NODE_01,10,4,2026-06-03 18:38:27
ESP_NODE_02,6,10,2026-06-03 18:38:27
ESP_NODE_04,3,7,2026-06-03 18:38:46
ESP_NODE_03,9,1,2026-06-03 18:39:33
ESP_NODE_01,6,4,2026-06-03 18:39:33
ESP_NODE_02,6,10,2026-06-03 18:39:33
ESP_NODE_04,5,9,2026-06-03 18:39:52
ESP_NODE_03,13,4,2026-06-03 18:40:39
ESP_NODE_01,9,11,2026-06-03 18:40:39
ESP_NODE_02,5,12,2026-06-03 18:40:39
ESP_NODE_04,7,6,2026-06-03 18:40:58
ESP_NODE_03,8,4,2026-06-03 18:41:45
ESP_NODE_01,5,11,2026-06-03 18:41:45
ESP_NODE_02,5,10,2026-06-03 18:41:45
ESP_NODE_04,3,7,2026-06-03 18:42:04
ESP_NODE_03,10,4,2026-06-03 18:42:51
ESP_NODE_01,7,13,2026-06-03 18:42:51
ESP_NODE_02,8,9,2026-06-03 18:42:51
ESP_NODE_04,5,7,2026-06-03 18:43:10
ESP_NODE_03,15,4,2026-06-03 18:43:57
ESP_NODE_01,10,13,2026-06-03 18:43:57
ESP_NODE_02,6,10,2026-06-03 18:43:57
ESP_NODE_04,4,8,2026-06-03 18:44:16
ESP_NODE_03,19,6,2026-06-03 18:45:03
ESP_NODE_01,12,16,2026-06-03 18:45:03
ESP_NODE_02,7,9,2026-06-03 18:45:03
ESP_NODE_04,4,7,2026-06-03 18:45:22
ESP_NODE_03,22,5,2026-06-03 18:46:10
ESP_NODE_01,14,14,2026-06-03 18:46:10
ESP_NODE_02,8,10,2026-06-03 18:46:10
ESP_NODE_04,13,8,2026-06-03 18:46:27
ESP_NODE_03,23,6,2026-06-03 18:47:15
ESP_NODE_01,15,18,2026-06-03 18:47:15
ESP_NODE_02,9,12,2026-06-03 18:47:15
ESP_NODE_04,11,9,2026-06-03 18:47:33
ESP_NODE_03,9,4,2026-06-03 18:48:21
ESP_NODE_01,6,11,2026-06-03 18:48:21
ESP_NODE_02,7,8,2026-06-03 18:48:21
ESP_NODE_04,4,5,2026-06-03 18:48:39
ESP_NODE_03,9,5,2026-06-03 18:49:27
ESP_NODE_01,6,15,2026-06-03 18:49:27
ESP_NODE_02,8,9,2026-06-03 18:49:27
ESP_NODE_04,2,6,2026-06-03 18:49:45
ESP_NODE_03,17,6,2026-06-03 18:50:33
ESP_NODE_01,11,18,2026-06-03 18:50:33
ESP_NODE_02,7,12,2026-06-03 18:50:33
ESP_NODE_04,4,5,2026-06-03 18:50:50
ESP_NODE_03,10,3,2026-06-03 18:51:39
ESP_NODE_01,6,9,2026-06-03 18:51:39
ESP_NODE_02,6,9,2026-06-03 18:51:39
ESP_NODE_04,4,7,2026-06-03 18:51:56
ESP_NODE_03,16,1,2026-06-03 18:52:45
ESP_NODE_01,10,4,2026-06-03 18:52:45
ESP_NODE_02,6,10,2026-06-03 18:52:45
ESP_NODE_04,11,9,2026-06-03 18:53:02
ESP_NODE_03,18,3,2026-06-03 18:53:51
ESP_NODE_01,12,9,2026-06-03 18:53:51
ESP_NODE_02,7,8,2026-06-03 18:53:51
ESP_NODE_03,21,2,2026-06-03 18:54:57
ESP_NODE_01,14,7,2026-06-03 18:54:57
ESP_NODE_02,8,12,2026-06-03 18:54:57
ESP_NODE_03,17,2,2026-06-03 18:56:04
ESP_NODE_01,11,6,2026-06-03 18:56:04
ESP_NODE_02,7,12,2026-06-03 18:56:04
ESP_NODE_04,7,7,2026-06-03 18:56:29
ESP_NODE_03,25,2,2026-06-03 18:57:09
ESP_NODE_01,17,6,2026-06-03 18:57:09
ESP_NODE_02,10,12,2026-06-03 18:57:09
ESP_NODE_04,2,7,2026-06-03 18:57:36
ESP_NODE_03,13,1,2026-06-03 18:58:15
ESP_NODE_01,9,4,2026-06-03 18:58:15
ESP_NODE_02,5,12,2026-06-03 18:58:15
ESP_NODE_04,4,4,2026-06-03 18:58:42
ESP_NODE_03,13,0,2026-06-03 18:59:21
ESP_NODE_01,9,2,2026-06-03 18:59:21
ESP_NODE_02,5,12,2026-06-03 18:59:21
ESP_NODE_04,6,5,2026-06-03 18:59:47
ESP_NODE_03,13,2,2026-06-03 19:00:28
ESP_NODE_01,8,7,2026-06-03 19:00:28
ESP_NODE_02,5,2,2026-06-03 19:00:28
ESP_NODE_03,11,1,2026-06-03 19:01:33
ESP_NODE_01,7,4,2026-06-03 19:01:33
ESP_NODE_02,4,1,2026-06-03 19:01:33
ESP_NODE_04,7,7,2026-06-03 19:02:08
ESP_NODE_03,15,1,2026-06-03 19:02:39
ESP_NODE_01,10,4,2026-06-03 19:02:39
ESP_NODE_02,6,1,2026-06-03 19:02:39
ESP_NODE_04,11,8,2026-06-03 19:03:14
ESP_NODE_03,11,1,2026-06-03 19:03:45
ESP_NODE_01,7,4,2026-06-03 19:03:45
ESP_NODE_02,4,1,2026-06-03 19:03:45
ESP_NODE_04,6,6,2026-06-03 19:04:20
ESP_NODE_03,9,0,2026-06-03 19:04:51
ESP_NODE_01,6,2,2026-06-03 19:04:51
ESP_NODE_02,3,0,2026-06-03 19:04:51
ESP_NODE_04,6,8,2026-06-03 19:05:26
ESP_NODE_03,30,1,2026-06-03 19:05:57
ESP_NODE_01,20,4,2026-06-03 19:05:57
ESP_NODE_02,12,1,2026-06-03 19:05:57
ESP_NODE_04,4,11,2026-06-03 19:06:32
ESP_NODE_03,8,0,2026-06-03 19:07:03
ESP_NODE_01,5,2,2026-06-03 19:07:03
ESP_NODE_02,3,0,2026-06-03 19:07:03
ESP_NODE_04,0,6,2026-06-03 19:07:37
ESP_NODE_03,11,2,2026-06-03 19:08:08
ESP_NODE_01,7,6,2026-06-03 19:08:08
ESP_NODE_02,4,2,2026-06-03 19:08:08
ESP_NODE_04,6,7,2026-06-03 19:08:43
ESP_NODE_03,10,2,2026-06-03 19:09:14
ESP_NODE_01,7,7,2026-06-03 19:09:14
ESP_NODE_02,4,2,2026-06-03 19:09:14
ESP_NODE_04,7,6,2026-06-03 19:09:49
ESP_NODE_03,4,2,2026-06-03 19:10:20
ESP_NODE_01,3,6,2026-06-03 19:10:20
ESP_NODE_02,1,2,2026-06-03 19:10:20
ESP_NODE_04,2,5,2026-06-03 19:10:55
ESP_NODE_03,11,1,2026-06-03 19:11:26
ESP_NODE_01,8,4,2026-06-03 19:11:26
ESP_NODE_02,4,1,2026-06-03 19:11:26
ESP_NODE_03,15,3,2026-06-03 19:12:32
ESP_NODE_01,10,9,2026-06-03 19:12:32
ESP_NODE_02,6,3,2026-06-03 19:12:32
ESP_NODE_03,11,2,2026-06-03 19:13:37
ESP_NODE_01,7,6,2026-06-03 19:13:37
ESP_NODE_02,4,2,2026-06-03 19:13:37
ESP_NODE_04,12,9,2026-06-03 19:14:22
ESP_NODE_03,9,0,2026-06-03 19:14:43
ESP_NODE_01,6,2,2026-06-03 19:14:43
ESP_NODE_02,3,0,2026-06-03 19:14:43
ESP_NODE_03,7,1,2026-06-03 19:15:49
ESP_NODE_01,5,4,2026-06-03 19:15:49
ESP_NODE_02,3,1,2026-06-03 19:15:49
ESP_NODE_03,8,0,2026-06-03 19:16:55
ESP_NODE_01,5,2,2026-06-03 19:16:55
ESP_NODE_02,3,0,2026-06-03 19:16:55
ESP_NODE_04,13,6,2026-06-03 19:17:58
ESP_NODE_04,11,7,2026-06-03 19:19:04
ESP_NODE_03,9,0,2026-06-03 19:19:07
ESP_NODE_01,6,2,2026-06-03 19:19:07
ESP_NODE_02,3,0,2026-06-03 19:19:07
ESP_NODE_03,6,0,2026-06-03 19:20:13
ESP_NODE_01,4,2,2026-06-03 19:20:13
ESP_NODE_02,2,0,2026-06-03 19:20:13
ESP_NODE_03,9,1,2026-06-03 19:21:19
ESP_NODE_01,6,4,2026-06-03 19:21:19
ESP_NODE_02,3,1,2026-06-03 19:21:19
ESP_NODE_04,4,9,2026-06-03 19:21:25
ESP_NODE_03,15,0,2026-06-03 19:22:25
ESP_NODE_01,10,2,2026-06-03 19:22:25
ESP_NODE_02,6,0,2026-06-03 19:22:25
ESP_NODE_04,3,7,2026-06-03 19:22:31
ESP_NODE_03,3,0,2026-06-03 19:23:30
ESP_NODE_01,2,0,2026-06-03 19:23:30
ESP_NODE_02,1,0,2026-06-03 19:23:30
ESP_NODE_04,1,6,2026-06-03 19:23:36
ESP_NODE_03,5,0,2026-06-03 19:24:36
ESP_NODE_01,4,0,2026-06-03 19:24:36
ESP_NODE_02,2,0,2026-06-03 19:24:36
ESP_NODE_03,8,1,2026-06-03 19:25:43
ESP_NODE_01,6,4,2026-06-03 19:25:43
ESP_NODE_02,3,1,2026-06-03 19:25:43
ESP_NODE_04,6,11,2026-06-03 19:25:48
ESP_NODE_03,4,0,2026-06-03 19:26:48
ESP_NODE_01,2,0,2026-06-03 19:26:48
ESP_NODE_02,1,0,2026-06-03 19:26:48
ESP_NODE_04,1,11,2026-06-03 19:26:54
ESP_NODE_03,1,0,2026-06-03 19:27:54
ESP_NODE_01,1,0,2026-06-03 19:27:54
ESP_NODE_02,0,0,2026-06-03 19:27:54
ESP_NODE_04,5,10,2026-06-03 19:28:00
ESP_NODE_03,1,0,2026-06-03 19:29:00
ESP_NODE_01,1,0,2026-06-03 19:29:00
ESP_NODE_02,0,0,2026-06-03 19:29:00
ESP_NODE_04,5,8,2026-06-03 19:29:06
ESP_NODE_03,2,0,2026-06-03 19:30:06
ESP_NODE_01,1,2,2026-06-03 19:30:06
ESP_NODE_02,1,0,2026-06-03 19:30:06
ESP_NODE_04,3,10,2026-06-03 19:30:12
ESP_NODE_03,4,0,2026-06-03 19:31:12
ESP_NODE_01,2,0,2026-06-03 19:31:12
ESP_NODE_02,1,0,2026-06-03 19:31:12
ESP_NODE_04,2,8,2026-06-03 19:31:18
ESP_NODE_04,11,11,2026-06-03 19:32:24
ESP_NODE_04,9,10,2026-06-03 19:33:30
ESP_NODE_04,8,10,2026-06-03 19:34:36
ESP_NODE_04,15,12,2026-06-03 19:35:42
ESP_NODE_04,6,11,2026-06-03 19:36:48
ESP_NODE_04,2,12,2026-06-03 19:37:54
ESP_NODE_04,11,10,2026-06-03 19:39:00
ESP_NODE_04,9,11,2026-06-03 19:40:06
ESP_NODE_04,13,11,2026-06-03 19:41:12
ESP_NODE_04,1,10,2026-06-03 19:42:18
ESP_NODE_04,3,12,2026-06-03 19:43:24
ESP_NODE_04,5,11,2026-06-03 19:44:30
ESP_NODE_04,7,11,2026-06-03 19:46:42
ESP_NODE_04,3,10,2026-06-03 19:47:48
ESP_NODE_04,1,7,2026-06-03 19:50:09
ESP_NODE_04,3,9,2026-06-03 19:51:15
ESP_NODE_04,10,12,2026-06-03 19:52:20
ESP_NODE_04,4,13,2026-06-03 19:53:26
ESP_NODE_04,5,14,2026-06-03 19:54:32
ESP_NODE_04,4,11,2026-06-03 19:55:38
ESP_NODE_04,4,12,2026-06-03 19:56:44
ESP_NODE_04,1,13,2026-06-03 19:57:50
ESP_NODE_04,2,10,2026-06-03 19:58:56
ESP_NODE_04,2,12,2026-06-03 20:00:02
ESP_NODE_04,4,10,2026-06-03 20:02:15
ESP_NODE_04,2,14,2026-06-03 20:03:21
ESP_NODE_04,7,13,2026-06-03 20:04:27
ESP_NODE_04,4,11,2026-06-03 20:05:46
ESP_NODE_04,4,17,2026-06-03 20:06:55
ESP_NODE_04,0,12,2026-06-03 20:08:01
ESP_NODE_04,7,9,2026-06-03 20:09:07
ESP_NODE_04,9,13,2026-06-03 20:10:12
ESP_NODE_04,1,14,2026-06-03 20:11:18
ESP_NODE_04,8,13,2026-06-03 20:12:25
ESP_NODE_04,3,13,2026-06-03 20:13:31
ESP_NODE_04,8,12,2026-06-03 20:14:37
ESP_NODE_04,6,10,2026-06-03 20:15:43
ESP_NODE_04,5,10,2026-06-03 20:16:49
ESP_NODE_04,3,10,2026-06-03 20:17:55
ESP_NODE_04,5,9,2026-06-03 20:19:01
ESP_NODE_04,10,12,2026-06-03 20:20:07
ESP_NODE_04,0,12,2026-06-03 20:21:13
ESP_NODE_04,4,6,2026-06-03 20:23:25
ESP_NODE_04,6,10,2026-06-03 20:25:46
ESP_NODE_04,2,6,2026-06-03 20:26:52
ESP_NODE_04,4,10,2026-06-03 20:27:58
ESP_NODE_04,9,9,2026-06-03 20:29:04
ESP_NODE_04,9,10,2026-06-03 20:30:10
ESP_NODE_04,6,9,2026-06-03 20:31:16
ESP_NODE_04,4,8,2026-06-03 20:32:22
ESP_NODE_04,6,11,2026-06-03 20:33:28
ESP_NODE_04,2,9,2026-06-03 20:34:34
ESP_NODE_04,5,14,2026-06-03 20:35:40
ESP_NODE_04,4,14,2026-06-03 20:36:46
ESP_NODE_04,0,9,2026-06-03 20:37:52
ESP_NODE_04,0,8,2026-06-03 20:38:58
ESP_NODE_04,0,13,2026-06-03 20:40:04
ESP_NODE_04,2,11,2026-06-03 20:41:10
ESP_NODE_04,3,9,2026-06-03 20:42:16
ESP_NODE_04,1,10,2026-06-03 20:43:22
ESP_NODE_04,3,11,2026-06-03 20:44:28
ESP_NODE_04,1,11,2026-06-03 20:45:43
ESP_NODE_04,2,12,2026-06-03 20:46:49
ESP_NODE_04,1,9,2026-06-03 20:47:55
ESP_NODE_04,2,10,2026-06-03 20:50:16
ESP_NODE_04,4,12,2026-06-03 20:51:22
ESP_NODE_04,0,11,2026-06-03 20:52:28
ESP_NODE_04,8,11,2026-06-03 20:53:34
ESP_NODE_04,4,12,2026-06-03 20:54:39
ESP_NODE_04,6,11,2026-06-03 20:55:45
ESP_NODE_04,3,9,2026-06-03 20:56:52
ESP_NODE_04,3,10,2026-06-03 20:57:58
ESP_NODE_04,2,8,2026-06-03 20:59:04
ESP_NODE_04,2,10,2026-06-03 21:02:40
ESP_NODE_04,9,8,2026-06-03 21:03:46
ESP_NODE_04,5,8,2026-06-03 21:04:52
ESP_NODE_04,3,8,2026-06-03 21:05:58
ESP_NODE_04,4,12,2026-06-03 21:07:04
ESP_NODE_04,0,9,2026-06-03 21:08:10
ESP_NODE_04,4,12,2026-06-03 21:09:16
ESP_NODE_04,6,9,2026-06-03 21:10:22
ESP_NODE_04,12,12,2026-06-03 21:11:28
ESP_NODE_04,8,9,2026-06-03 21:12:34
ESP_NODE_04,1,9,2026-06-03 21:13:40
ESP_NODE_04,2,8,2026-06-03 21:14:46
ESP_NODE_04,5,10,2026-06-03 21:15:52
ESP_NODE_04,0,9,2026-06-03 21:16:58
ESP_NODE_04,4,8,2026-06-03 21:18:04
ESP_NODE_04,3,8,2026-06-03 21:19:10
ESP_NODE_04,8,10,2026-06-03 21:20:16
ESP_NODE_04,4,9,2026-06-03 21:21:21
ESP_NODE_04,0,7,2026-06-03 21:22:27
ESP_NODE_04,4,6,2026-06-03 21:23:47
ESP_NODE_04,3,8,2026-06-03 21:24:53
ESP_NODE_04,2,7,2026-06-03 21:27:14
ESP_NODE_04,4,7,2026-06-03 21:28:20
ESP_NODE_04,2,7,2026-06-03 21:29:26
ESP_NODE_04,2,6,2026-06-03 21:30:32
ESP_NODE_04,6,11,2026-06-03 21:31:39
ESP_NODE_04,6,9,2026-06-03 21:32:45
ESP_NODE_04,0,10,2026-06-03 21:33:50
ESP_NODE_04,4,9,2026-06-03 21:34:56
ESP_NODE_04,2,9,2026-06-03 21:36:02
ESP_NODE_04,1,9,2026-06-03 21:39:29
ESP_NODE_04,0,8,2026-06-03 21:40:35
ESP_NODE_04,3,9,2026-06-03 21:41:41
ESP_NODE_04,7,7,2026-06-03 21:42:47
ESP_NODE_04,8,7,2026-06-03 21:46:23
ESP_NODE_04,5,11,2026-06-03 21:49:59
ESP_NODE_04,6,11,2026-06-03 21:51:05
ESP_NODE_04,4,10,2026-06-03 21:52:11
ESP_NODE_04,1,11,2026-06-03 21:53:17
ESP_NODE_04,1,13,2026-06-03 21:54:23
ESP_NODE_04,5,11,2026-06-03 21:55:29
ESP_NODE_04,3,11,2026-06-03 21:56:34
ESP_NODE_04,6,10,2026-06-03 21:57:40
ESP_NODE_04,12,13,2026-06-03 21:58:46
ESP_NODE_04,4,18,2026-06-03 21:59:52
ESP_NODE_04,10,13,2026-06-03 22:00:58
ESP_NODE_04,3,13,2026-06-03 22:02:04
ESP_NODE_04,8,13,2026-06-03 22:03:10
ESP_NODE_04,5,10,2026-06-03 22:04:16
ESP_NODE_04,5,14,2026-06-03 22:05:22
ESP_NODE_04,1,18,2026-06-03 22:06:28
ESP_NODE_04,5,10,2026-06-03 22:07:34
ESP_NODE_04,3,10,2026-06-03 22:08:40
ESP_NODE_04,6,11,2026-06-03 22:11:02
ESP_NODE_04,12,12,2026-06-03 22:13:23
ESP_NODE_04,3,12,2026-06-03 22:14:29
ESP_NODE_04,1,10,2026-06-03 22:16:41
ESP_NODE_04,5,13,2026-06-03 22:17:47
ESP_NODE_04,0,12,2026-06-03 22:18:53
ESP_NODE_04,5,11,2026-06-03 22:19:59
ESP_NODE_04,5,12,2026-06-03 22:21:05
ESP_NODE_04,6,11,2026-06-03 22:22:11
ESP_NODE_04,5,10,2026-06-03 22:23:17
ESP_NODE_04,6,11,2026-06-03 22:24:23
ESP_NODE_04,5,11,2026-06-03 22:25:29
ESP_NODE_04,2,11,2026-06-03 22:26:35
ESP_NODE_04,4,9,2026-06-03 22:27:41
ESP_NODE_04,4,14,2026-06-03 22:28:47
ESP_NODE_04,4,11,2026-06-03 22:29:53
ESP_NODE_04,6,11,2026-06-03 22:30:59
ESP_NODE_04,4,11,2026-06-03 22:32:05
ESP_NODE_04,3,10,2026-06-03 22:33:11
ESP_NODE_04,0,8,2026-06-03 22:34:17
ESP_NODE_04,3,7,2026-06-03 22:35:23
ESP_NODE_04,4,6,2026-06-03 22:37:44
ESP_NODE_04,4,8,2026-06-03 22:39:56
ESP_NODE_04,3,8,2026-06-03 22:41:02
ESP_NODE_04,3,7,2026-06-03 22:42:08
ESP_NODE_04,6,10,2026-06-03 22:43:14
ESP_NODE_04,4,7,2026-06-03 22:44:29
ESP_NODE_04,1,9,2026-06-03 22:45:36
ESP_NODE_04,6,9,2026-06-03 22:46:42
ESP_NODE_04,6,7,2026-06-03 22:47:48
ESP_NODE_04,4,6,2026-06-03 22:50:09
ESP_NODE_04,1,7,2026-06-03 22:51:15
ESP_NODE_04,0,6,2026-06-03 22:53:36
ESP_NODE_04,1,6,2026-06-03 22:55:57
ESP_NODE_04,3,6,2026-06-03 22:57:03
ESP_NODE_04,2,5,2026-06-03 23:00:30
ESP_NODE_04,0,7,2026-06-03 23:02:42
ESP_NODE_04,4,5,2026-06-03 23:03:48
ESP_NODE_04,1,5,2026-06-03 23:04:54
ESP_NODE_04,3,6,2026-06-03 23:06:00
ESP_NODE_04,6,5,2026-06-03 23:07:06
ESP_NODE_04,0,7,2026-06-03 23:08:12
ESP_NODE_04,0,4,2026-06-03 23:09:18
ESP_NODE_04,5,6,2026-06-03 23:10:24
ESP_NODE_04,0,5,2026-06-03 23:11:30
ESP_NODE_04,2,4,2026-06-03 23:13:42
ESP_NODE_04,2,5,2026-06-03 23:16:03
ESP_NODE_04,1,5,2026-06-03 23:17:09
ESP_NODE_04,0,5,2026-06-03 23:18:15
ESP_NODE_04,1,5,2026-06-03 23:19:21
ESP_NODE_04,0,4,2026-06-03 23:20:27
ESP_NODE_04,3,8,2026-06-03 23:21:33
ESP_NODE_04,2,4,2026-06-03 23:22:39
ESP_NODE_04,1,7,2026-06-03 23:23:45
ESP_NODE_04,1,4,2026-06-03 23:24:51
ESP_NODE_04,1,6,2026-06-03 23:25:57
ESP_NODE_04,1,6,2026-06-03 23:27:03
ESP_NODE_04,2,3,2026-06-03 23:29:15
ESP_NODE_04,0,3,2026-06-03 23:30:21
ESP_NODE_04,1,6,2026-06-03 23:31:27
ESP_NODE_04,1,4,2026-06-03 23:32:33
ESP_NODE_04,1,5,2026-06-03 23:33:39
ESP_NODE_04,1,5,2026-06-03 23:34:45
ESP_NODE_04,1,3,2026-06-03 23:35:51
ESP_NODE_04,0,3,2026-06-03 23:36:57
ESP_NODE_04,0,5,2026-06-03 23:38:03
ESP_NODE_04,3,7,2026-06-03 23:39:09
ESP_NODE_04,0,7,2026-06-03 23:40:15
ESP_NODE_04,0,7,2026-06-03 23:41:21
ESP_NODE_04,2,9,2026-06-03 23:42:27
ESP_NODE_04,3,8,2026-06-03 23:43:33
ESP_NODE_04,2,5,2026-06-03 23:44:39
ESP_NODE_04,0,5,2026-06-03 23:45:45
ESP_NODE_04,0,4,2026-06-03 23:48:07
ESP_NODE_04,5,4,2026-06-03 23:49:13
ESP_NODE_04,5,6,2026-06-03 23:50:19
ESP_NODE_04,3,3,2026-06-03 23:51:25
ESP_NODE_04,0,4,2026-06-03 23:52:31
ESP_NODE_04,0,4,2026-06-03 23:53:37
ESP_NODE_04,4,4,2026-06-03 23:54:43
ESP_NODE_04,2,5,2026-06-03 23:57:04
ESP_NODE_04,3,5,2026-06-03 23:59:16
ESP_NODE_04,0,3,2026-06-04 00:00:22
ESP_NODE_04,0,4,2026-06-04 00:01:28
ESP_NODE_04,0,4,2026-06-04 00:02:34
ESP_NODE_04,0,4,2026-06-04 00:08:22
ESP_NODE_04,0,2,2026-06-04 00:09:28
ESP_NODE_04,0,4,2026-06-04 00:10:34
ESP_NODE_04,0,3,2026-06-04 00:11:40
ESP_NODE_04,0,2,2026-06-04 00:12:46
ESP_NODE_04,0,4,2026-06-04 00:14:02
ESP_NODE_04,0,3,2026-06-04 00:15:08
ESP_NODE_04,0,3,2026-06-04 00:16:14
ESP_NODE_04,0,2,2026-06-04 00:17:19
ESP_NODE_04,0,2,2026-06-04 00:18:26
ESP_NODE_04,0,2,2026-06-04 00:19:32
ESP_NODE_04,0,3,2026-06-04 00:20:37
