id,device_id,wifi_count,bt_count,count,congestion_level,timestamp
101,ESP_NODE_04,15,12,21.0,35,2026-06-04 11:49:13.848656
102,ESP_NODE_03,80,72,116.0,77,2026-06-04 11:49:42.604290
103,ESP_NODE_04,16,14,23.0,38,2026-06-04 11:50:20.035686
104,ESP_NODE_04,8,11,13.5,22,2026-06-04 11:51:26.652554
105,ESP_NODE_03,72,71,107.5,72,2026-06-04 11:53:21.005302
106,ESP_NODE_04,3,11,8.5,14,2026-06-04 11:53:47.780998
107,ESP_NODE_03,72,72,108.0,72,2026-06-04 11:55:41.106460
108,ESP_NODE_03,89,79,128.5,86,2026-06-04 11:56:49.437819
109,ESP_NODE_04,36,13,42.5,71,2026-06-04 11:57:24.870400
110,ESP_NODE_03,72,68,106.0,71,2026-06-04 11:57:57.633175
111,ESP_NODE_04,11,12,17.0,28,2026-06-04 11:58:38.668662
112,ESP_NODE_03,80,83,121.5,81,2026-06-04 11:59:09.820967
113,ESP_NODE_04,12,8,16.0,27,2026-06-04 11:59:48.156504
114,ESP_NODE_03,92,95,139.5,93,2026-06-04 12:00:18.142535
115,ESP_NODE_04,3,8,7.0,12,2026-06-04 12:00:57.257222
116,ESP_NODE_04,7,11,12.5,21,2026-06-04 12:02:08.877485
117,ESP_NODE_04,9,11,14.5,24,2026-06-04 12:03:21.559092
118,ESP_NODE_03,63,85,105.5,70,2026-06-04 12:05:09.592785
119,ESP_NODE_04,11,8,15.0,25,2026-06-04 12:06:59.595075
120,ESP_NODE_03,78,90,123.0,82,2026-06-04 12:07:38.626571
121,ESP_NODE_04,9,9,13.5,22,2026-06-04 12:08:15.038046
122,ESP_NODE_03,80,79,119.5,80,2026-06-04 12:08:55.217913
123,ESP_NODE_04,4,7,7.5,12,2026-06-04 12:09:24.206287
124,ESP_NODE_03,72,86,115.0,77,2026-06-04 12:10:04.520861
125,ESP_NODE_04,6,8,10.0,17,2026-06-04 12:10:31.193703
126,ESP_NODE_03,75,96,123.0,82,2026-06-04 12:11:16.916642
127,ESP_NODE_04,10,9,14.5,24,2026-06-04 12:11:40.546155
128,ESP_NODE_04,7,9,11.5,19,2026-06-04 12:12:49.613325
129,ESP_NODE_04,9,8,13.0,22,2026-06-04 12:13:57.786863
130,ESP_NODE_03,72,71,107.5,72,2026-06-04 12:14:57.049715
131,ESP_NODE_04,5,11,10.5,18,2026-06-04 12:15:14.944393
132,ESP_NODE_04,9,11,14.5,24,2026-06-04 12:16:25.211554
133,ESP_NODE_03,54,62,85.0,57,2026-06-04 12:17:20.488811
134,ESP_NODE_04,13,10,18.0,30,2026-06-04 12:20:06.696445
135,ESP_NODE_04,5,9,9.5,16,2026-06-04 12:21:13.165381
136,ESP_NODE_03,47,47,70.5,47,2026-06-04 12:22:18.524286
137,ESP_NODE_04,7,6,10.0,17,2026-06-04 12:22:20.000466
138,ESP_NODE_04,4,15,11.5,19,2026-06-04 12:23:26.009452
139,ESP_NODE_04,5,8,9.0,15,2026-06-04 12:24:33.767807
140,ESP_NODE_04,8,11,13.5,22,2026-06-04 12:25:40.028123
141,ESP_NODE_03,41,58,70.0,47,2026-06-04 12:25:59.562916
142,ESP_NODE_04,11,7,14.5,24,2026-06-04 12:26:45.760828
143,ESP_NODE_03,46,54,73.0,49,2026-06-04 12:27:11.018254
144,ESP_NODE_04,4,7,7.5,12,2026-06-04 12:27:52.342522
145,ESP_NODE_04,2,11,7.5,12,2026-06-04 12:28:59.016737
146,ESP_NODE_04,6,11,11.5,19,2026-06-04 12:30:10.130774
147,ESP_NODE_03,43,78,82.0,55,2026-06-04 12:30:59.023768
148,ESP_NODE_04,11,16,19.0,32,2026-06-04 12:31:22.346016
149,ESP_NODE_04,6,13,12.5,21,2026-06-04 12:32:29.543244
150,ESP_NODE_03,32,50,57.0,38,2026-06-04 12:33:23.992672
151,ESP_NODE_04,7,14,14.0,23,2026-06-04 12:34:57.906688
152,ESP_NODE_03,40,50,65.0,43,2026-06-04 12:35:43.180585
153,ESP_NODE_04,10,9,14.5,24,2026-06-04 12:36:03.859604
154,ESP_NODE_03,26,53,52.5,35,2026-06-04 12:36:52.995673
155,ESP_NODE_04,23,14,30.0,50,2026-06-04 12:37:09.951722
156,ESP_NODE_04,18,14,25.0,42,2026-06-04 12:38:16.532420
157,ESP_NODE_03,28,49,52.5,35,2026-06-04 12:39:14.636305
158,ESP_NODE_04,7,9,11.5,19,2026-06-04 12:39:23.856209
159,ESP_NODE_04,21,9,25.5,42,2026-06-04 12:40:30.181027
160,ESP_NODE_03,31,50,56.0,37,2026-06-04 12:40:33.960204
161,ESP_NODE_04,4,7,7.5,12,2026-06-04 12:41:36.278566
162,ESP_NODE_03,39,55,66.5,44,2026-06-04 12:41:41.901284
163,ESP_NODE_04,16,7,19.5,32,2026-06-04 12:42:43.049450
164,ESP_NODE_03,70,49,94.5,63,2026-06-04 12:42:48.612472
165,ESP_NODE_04,4,6,7.0,12,2026-06-04 12:43:49.629119
166,ESP_NODE_04,8,8,12.0,20,2026-06-04 12:44:56.102458
167,ESP_NODE_03,60,58,89.0,59,2026-06-04 12:45:10.802917
168,ESP_NODE_04,10,9,14.5,24,2026-06-04 12:46:03.115769
169,ESP_NODE_04,6,9,10.5,18,2026-06-04 12:47:09.457468
170,ESP_NODE_04,9,9,13.5,22,2026-06-04 12:48:15.818064
171,ESP_NODE_03,58,52,84.0,56,2026-06-04 12:48:50.231026
172,ESP_NODE_04,3,9,7.5,12,2026-06-04 12:49:21.871398
173,ESP_NODE_03,46,48,70.0,47,2026-06-04 12:49:57.300994
174,ESP_NODE_04,18,13,24.5,41,2026-06-04 12:50:29.014684
175,ESP_NODE_03,45,55,72.5,48,2026-06-04 12:51:08.335245
176,ESP_NODE_04,15,13,21.5,36,2026-06-04 12:51:35.625489
177,ESP_NODE_03,46,53,72.5,48,2026-06-04 12:52:15.145831
178,ESP_NODE_04,11,20,21.0,35,2026-06-04 12:52:42.295550
179,ESP_NODE_03,72,45,94.5,63,2026-06-04 12:53:22.191587
180,ESP_NODE_04,18,14,25.0,42,2026-06-04 12:53:48.314593
181,ESP_NODE_04,10,18,19.0,32,2026-06-04 12:54:54.919845
182,ESP_NODE_03,39,55,66.5,44,2026-06-04 12:55:39.530969
183,ESP_NODE_03,46,59,75.5,50,2026-06-04 12:56:46.281469
184,ESP_NODE_04,10,15,17.5,29,2026-06-04 12:57:16.998971
185,ESP_NODE_03,61,59,90.5,60,2026-06-04 12:57:53.461870
186,ESP_NODE_04,9,16,17.0,28,2026-06-04 12:58:33.959573
187,ESP_NODE_03,52,58,81.0,54,2026-06-04 12:59:00.109704
188,ESP_NODE_04,16,16,24.0,40,2026-06-04 12:59:40.341694
189,ESP_NODE_03,68,54,95.0,63,2026-06-04 13:00:26.229808
190,ESP_NODE_03,62,56,90.0,60,2026-06-04 13:01:33.239909
191,ESP_NODE_04,18,22,29.0,48,2026-06-04 13:02:03.748725
192,ESP_NODE_04,34,24,46.0,77,2026-06-04 13:03:10.318310
193,ESP_NODE_03,35,61,65.5,44,2026-06-04 13:03:53.193499
194,ESP_NODE_04,22,30,37.0,62,2026-06-04 13:04:16.811461
195,ESP_NODE_03,34,58,63.0,42,2026-06-04 13:04:59.480823
196,ESP_NODE_04,22,20,32.0,53,2026-06-04 13:05:24.013803
197,ESP_NODE_04,12,20,16.0,27,2026-06-04 13:06:35.990791
198,ESP_NODE_03,73,55,68.0,45,2026-06-04 13:08:40.388479
199,ESP_NODE_04,11,18,14.0,23,2026-06-04 13:08:58.143900
200,ESP_NODE_03,65,55,62.0,41,2026-06-04 13:09:47.233987
201,ESP_NODE_04,30,15,26.0,43,2026-06-04 13:10:05.569694
202,ESP_NODE_03,64,48,59.0,39,2026-06-04 13:10:59.494394
203,ESP_NODE_04,15,23,18.0,30,2026-06-04 13:11:12.282878
204,ESP_NODE_03,91,48,78.0,52,2026-06-04 13:12:07.512640
205,ESP_NODE_03,150,51,120.0,80,2026-06-04 13:13:18.901196
206,ESP_NODE_03,102,42,84.0,56,2026-06-04 13:14:36.319727
207,ESP_NODE_04,21,23,22.0,37,2026-06-04 13:14:50.993213
208,ESP_NODE_04,16,23,18.0,30,2026-06-04 13:16:00.130820
209,ESP_NODE_03,98,55,85.0,57,2026-06-04 13:17:03.399255
210,ESP_NODE_04,13,18,14.0,23,2026-06-04 13:17:08.344454
211,ESP_NODE_03,74,53,68.0,45,2026-06-04 13:18:12.708202
212,ESP_NODE_04,27,15,23.0,38,2026-06-04 13:18:15.086748
213,ESP_NODE_04,14,21,17.0,28,2026-06-04 13:19:21.039876
214,ESP_NODE_03,112,53,94.0,63,2026-06-04 13:19:21.684474
215,ESP_NODE_04,14,14,14.0,23,2026-06-04 13:20:26.717270
216,ESP_NODE_04,21,20,21.0,35,2026-06-04 13:21:33.185509
217,ESP_NODE_03,130,72,113.0,75,2026-06-04 13:22:59.839470
218,ESP_NODE_04,13,14,13.0,22,2026-06-04 13:23:56.022728
219,ESP_NODE_03,131,77,115.0,77,2026-06-04 13:24:10.369165
220,ESP_NODE_04,26,16,23.0,38,2026-06-04 13:25:03.552750
221,ESP_NODE_03,101,52,86.0,57,2026-06-04 13:25:17.331434
222,ESP_NODE_04,9,18,14.0,23,2026-06-04 13:26:09.340560
223,ESP_NODE_03,87,48,75.0,50,2026-06-04 13:26:24.574598
224,ESP_NODE_04,6,17,14.0,23,2026-06-04 13:27:15.130629
225,ESP_NODE_03,131,62,110.0,73,2026-06-04 13:27:34.604258
226,ESP_NODE_04,7,19,15.0,25,2026-06-04 13:28:21.239803
227,ESP_NODE_03,105,55,90.0,60,2026-06-04 13:28:43.223200
228,ESP_NODE_04,8,16,13.0,22,2026-06-04 13:29:28.557126
229,ESP_NODE_03,111,56,94.0,63,2026-06-04 13:29:51.685236
230,ESP_NODE_04,9,18,14.0,23,2026-06-04 13:30:34.730007
231,ESP_NODE_03,137,74,118.0,79,2026-06-04 13:31:08.868312
232,ESP_NODE_03,78,60,73.0,49,2026-06-04 13:32:17.538870
233,ESP_NODE_03,52,60,54.0,36,2026-06-04 13:33:27.429234
234,ESP_NODE_04,7,13,10.0,17,2026-06-04 13:34:10.984146
235,ESP_NODE_03,61,68,63.0,42,2026-06-04 13:34:33.596595
236,ESP_NODE_04,3,15,12.0,20,2026-06-04 13:35:18.861609
237,ESP_NODE_04,9,12,10.0,17,2026-06-04 13:36:24.992349
238,ESP_NODE_03,58,67,61.0,41,2026-06-04 13:36:48.201312
239,ESP_NODE_04,6,17,14.0,23,2026-06-04 13:37:33.011085
240,ESP_NODE_03,47,64,52.0,35,2026-06-04 13:37:54.747586
241,ESP_NODE_04,9,18,14.0,23,2026-06-04 13:38:40.573654
242,ESP_NODE_03,45,61,50.0,33,2026-06-04 13:39:01.045294
243,ESP_NODE_04,12,16,13.0,22,2026-06-04 13:39:47.099549
244,ESP_NODE_04,14,15,14.0,23,2026-06-04 13:42:09.287019
245,ESP_NODE_03,50,61,53.0,35,2026-06-04 13:42:30.228608
246,ESP_NODE_04,5,13,10.0,17,2026-06-04 13:43:17.957637
247,ESP_NODE_03,50,57,52.0,35,2026-06-04 13:43:39.212583
248,ESP_NODE_04,22,15,20.0,33,2026-06-04 13:44:25.434503
249,ESP_NODE_03,61,62,61.0,41,2026-06-04 13:44:46.960465
250,ESP_NODE_04,15,19,16.0,27,2026-06-04 13:45:32.999490
251,ESP_NODE_03,72,79,74.0,49,2026-06-04 13:45:53.386048
252,ESP_NODE_04,7,15,12.0,20,2026-06-04 13:46:40.766414
253,ESP_NODE_03,46,61,50.0,33,2026-06-04 13:47:00.026291
254,ESP_NODE_03,54,69,58.0,39,2026-06-04 13:48:06.366458
255,ESP_NODE_04,2,10,8.0,13,2026-06-04 13:49:03.999815
256,ESP_NODE_03,49,66,54.0,36,2026-06-04 13:49:23.827163
257,ESP_NODE_04,9,12,10.0,17,2026-06-04 13:50:10.467564
258,ESP_NODE_03,44,61,49.0,33,2026-06-04 13:50:32.200395
259,ESP_NODE_04,6,12,10.0,17,2026-06-04 13:51:16.710816
260,ESP_NODE_03,71,62,68.0,45,2026-06-04 13:51:38.893474
261,ESP_NODE_03,42,62,50.0,33,2026-06-04 13:52:45.555573
262,ESP_NODE_04,14,16,15.0,25,2026-06-04 13:53:40.281205
263,ESP_NODE_03,47,54,49.0,33,2026-06-04 13:53:56.977593
264,ESP_NODE_03,52,53,52.0,35,2026-06-04 13:55:03.556682
265,ESP_NODE_04,14,16,15.0,25,2026-06-04 13:56:01.450768
266,ESP_NODE_03,56,49,54.0,36,2026-06-04 13:56:17.799262
267,ESP_NODE_04,13,13,13.0,22,2026-06-04 13:57:08.605321
268,ESP_NODE_03,53,48,51.0,34,2026-06-04 13:57:24.937596
269,ESP_NODE_04,9,14,11.0,18,2026-06-04 13:58:15.306402
270,ESP_NODE_04,17,14,16.0,27,2026-06-04 13:59:23.514252
271,ESP_NODE_03,65,50,60.0,40,2026-06-04 13:59:39.415909
272,ESP_NODE_04,15,15,15.0,25,2026-06-04 14:00:30.124749
273,ESP_NODE_03,45,57,49.0,33,2026-06-04 14:00:45.982757
274,ESP_NODE_03,53,53,53.0,35,2026-06-04 14:01:55.114416
275,ESP_NODE_04,10,17,14.0,23,2026-06-04 14:02:54.063526
276,ESP_NODE_03,48,49,48.0,32,2026-06-04 14:03:04.279896
277,ESP_NODE_04,9,14,11.0,18,2026-06-04 14:04:01.958765
278,ESP_NODE_03,35,56,45.0,30,2026-06-04 14:04:11.514434
279,ESP_NODE_04,6,14,11.0,18,2026-06-04 14:05:09.467696
280,ESP_NODE_03,46,46,46.0,31,2026-06-04 14:05:21.630420
281,ESP_NODE_04,13,12,13.0,22,2026-06-04 14:06:19.052858
282,ESP_NODE_03,39,42,40.0,27,2026-06-04 14:06:31.668490
283,ESP_NODE_03,52,41,49.0,33,2026-06-04 14:07:38.169401
284,ESP_NODE_04,12,14,13.0,22,2026-06-04 14:08:40.414190
285,ESP_NODE_04,11,13,12.0,20,2026-06-04 14:09:50.173541
286,ESP_NODE_04,6,15,12.0,20,2026-06-04 14:10:56.887021
287,ESP_NODE_03,21,38,30.0,20,2026-06-04 14:11:12.101517
288,ESP_NODE_04,7,14,11.0,18,2026-06-04 14:12:04.513668
289,ESP_NODE_03,22,39,31.0,21,2026-06-04 14:12:20.072801
290,ESP_NODE_04,15,17,16.0,27,2026-06-04 14:13:11.194204
291,ESP_NODE_03,46,38,44.0,29,2026-06-04 14:13:27.105290
292,ESP_NODE_04,17,12,15.0,25,2026-06-04 14:14:19.122169
293,ESP_NODE_03,40,37,39.0,26,2026-06-04 14:14:38.235976
294,ESP_NODE_04,11,16,13.0,22,2026-06-04 14:15:27.554287
295,ESP_NODE_03,35,54,43.0,29,2026-06-04 14:15:45.486600
296,ESP_NODE_04,7,12,10.0,17,2026-06-04 14:16:34.612334
297,ESP_NODE_03,67,44,60.0,40,2026-06-04 14:16:53.213729
298,ESP_NODE_04,12,11,12.0,20,2026-06-04 14:17:42.936691
299,ESP_NODE_03,49,35,45.0,30,2026-06-04 14:17:59.831371
300,ESP_NODE_04,6,13,10.0,17,2026-06-04 14:18:49.404839
301,ESP_NODE_03,63,36,55.0,37,2026-06-04 14:19:05.889352
302,ESP_NODE_04,3,14,11.0,18,2026-06-04 14:19:57.231538
303,ESP_NODE_03,57,37,51.0,34,2026-06-04 14:20:12.476987
304,ESP_NODE_04,13,17,14.0,23,2026-06-04 14:21:03.051070
305,ESP_NODE_03,39,35,38.0,25,2026-06-04 14:21:20.213964
306,ESP_NODE_04,10,13,11.0,18,2026-06-04 14:22:10.720461
307,ESP_NODE_03,46,35,43.0,29,2026-06-04 14:22:27.297001
308,ESP_NODE_04,19,12,17.0,28,2026-06-04 14:23:18.410321
309,ESP_NODE_03,67,37,58.0,39,2026-06-04 14:23:33.834222
310,ESP_NODE_04,14,13,14.0,23,2026-06-04 14:24:28.308232
311,ESP_NODE_03,52,37,48.0,32,2026-06-04 14:24:41.732890
312,ESP_NODE_04,5,15,12.0,20,2026-06-04 14:25:35.515096
313,ESP_NODE_03,46,33,42.0,28,2026-06-04 14:25:48.151450
314,ESP_NODE_04,9,14,11.0,18,2026-06-04 14:26:42.337426
315,ESP_NODE_04,6,12,10.0,17,2026-06-04 14:27:48.508043
316,ESP_NODE_03,43,33,40.0,27,2026-06-04 14:28:09.788405
317,ESP_NODE_04,20,13,18.0,30,2026-06-04 14:28:55.150235
318,ESP_NODE_03,21,28,23.0,15,2026-06-04 14:29:16.138390
319,ESP_NODE_04,10,13,11.0,18,2026-06-04 14:30:04.091904
320,ESP_NODE_04,7,10,8.0,13,2026-06-04 14:31:14.693414
321,ESP_NODE_03,38,30,36.0,24,2026-06-04 14:31:37.133355
322,ESP_NODE_03,25,38,30.0,20,2026-06-04 14:32:44.224600
323,ESP_NODE_04,10,19,15.0,25,2026-06-04 14:33:37.364019
324,ESP_NODE_03,25,34,28.0,19,2026-06-04 14:33:53.184769
325,ESP_NODE_04,20,15,18.0,30,2026-06-04 14:34:45.793552
326,ESP_NODE_04,5,12,10.0,17,2026-06-04 14:35:55.563339
327,ESP_NODE_03,45,39,43.0,29,2026-06-04 14:36:09.114857
328,ESP_NODE_04,8,17,14.0,23,2026-06-04 14:37:03.208228
329,ESP_NODE_03,37,33,36.0,24,2026-06-04 14:37:15.740333
330,ESP_NODE_04,13,15,14.0,23,2026-06-04 14:38:09.654501
331,ESP_NODE_04,11,17,14.0,23,2026-06-04 14:39:16.455057
332,ESP_NODE_03,19,30,24.0,16,2026-06-04 14:39:38.665444
333,ESP_NODE_04,12,17,14.0,23,2026-06-04 14:40:23.418843
334,ESP_NODE_03,40,28,36.0,24,2026-06-04 14:40:45.126115
335,ESP_NODE_04,19,15,18.0,30,2026-06-04 14:41:29.710177
336,ESP_NODE_04,24,22,23.0,38,2026-06-04 14:42:35.948857
337,ESP_NODE_03,46,28,41.0,27,2026-06-04 14:43:00.264771
338,ESP_NODE_04,9,18,14.0,23,2026-06-04 14:43:42.797308
339,ESP_NODE_03,45,38,43.0,29,2026-06-04 14:44:08.864630
340,ESP_NODE_04,29,23,27.0,45,2026-06-04 14:44:49.205012
341,ESP_NODE_03,38,45,40.0,27,2026-06-04 14:45:17.380940
342,ESP_NODE_04,7,25,20.0,33,2026-06-04 14:45:55.366494
343,ESP_NODE_03,72,50,65.0,43,2026-06-04 14:46:24.593457
344,ESP_NODE_03,48,36,44.0,29,2026-06-04 14:47:34.780861
345,ESP_NODE_04,16,21,18.0,30,2026-06-04 14:48:16.110913
346,ESP_NODE_03,55,45,52.0,35,2026-06-04 14:48:45.864672
347,ESP_NODE_04,19,17,18.0,30,2026-06-04 14:49:22.156985
348,ESP_NODE_03,51,47,50.0,33,2026-06-04 14:49:54.769374
349,ESP_NODE_04,7,11,9.0,15,2026-06-04 14:50:27.892110
350,ESP_NODE_04,18,13,16.0,27,2026-06-04 14:51:34.092913
351,ESP_NODE_03,29,50,40.0,27,2026-06-04 14:52:10.913416
352,ESP_NODE_04,10,13,11.0,18,2026-06-04 14:52:40.338146
353,ESP_NODE_03,48,57,51.0,34,2026-06-04 14:53:17.305735
354,ESP_NODE_03,54,47,52.0,35,2026-06-04 14:54:24.662037
355,ESP_NODE_04,26,15,23.0,38,2026-06-04 14:56:16.476566
356,ESP_NODE_03,37,46,40.0,27,2026-06-04 14:56:42.562149
357,ESP_NODE_04,14,11,13.0,22,2026-06-04 14:57:22.795585
358,ESP_NODE_03,29,43,34.0,23,2026-06-04 14:57:51.689246
359,ESP_NODE_04,7,15,12.0,20,2026-06-04 14:58:28.880288
360,ESP_NODE_03,49,56,51.0,34,2026-06-04 14:58:58.402674
361,ESP_NODE_04,14,17,15.0,25,2026-06-04 14:59:35.300695
362,ESP_NODE_04,20,21,20.0,33,2026-06-04 15:00:41.344583
363,ESP_NODE_03,52,53,52.0,35,2026-06-04 15:01:13.618041
364,ESP_NODE_04,17,18,17.0,28,2026-06-04 15:01:48.538282
365,ESP_NODE_03,35,48,39.0,26,2026-06-04 15:02:19.812820
366,ESP_NODE_04,8,17,14.0,23,2026-06-04 15:04:09.834445
367,ESP_NODE_03,32,43,35.0,23,2026-06-04 15:04:41.066645
368,ESP_NODE_04,9,24,19.0,32,2026-06-04 15:05:16.111561
369,ESP_NODE_03,32,42,35.0,23,2026-06-04 15:05:47.065502
370,ESP_NODE_04,8,24,19.0,32,2026-06-04 15:06:22.629606
371,ESP_NODE_03,46,43,45.0,30,2026-06-04 15:06:53.006341
372,ESP_NODE_04,15,31,25.0,42,2026-06-04 15:08:44.178168
373,ESP_NODE_04,12,29,23.0,38,2026-06-04 15:09:51.364903
374,ESP_NODE_03,47,40,45.0,30,2026-06-04 15:10:30.530887
375,ESP_NODE_04,7,23,18.0,30,2026-06-04 15:10:59.666707
376,ESP_NODE_03,39,42,40.0,27,2026-06-04 15:11:36.573088
377,ESP_NODE_04,12,23,18.0,30,2026-06-04 15:12:07.750823
378,ESP_NODE_04,9,23,18.0,30,2026-06-04 15:13:14.001705
379,ESP_NODE_03,33,38,34.0,23,2026-06-04 15:13:57.738349
380,ESP_NODE_04,11,23,18.0,30,2026-06-04 15:14:20.250993
381,ESP_NODE_03,25,49,39.0,26,2026-06-04 15:15:06.715333
382,ESP_NODE_04,7,40,32.0,53,2026-06-04 15:15:26.129053
383,ESP_NODE_04,19,26,21.0,35,2026-06-04 15:16:32.465083
384,ESP_NODE_03,48,42,46.0,31,2026-06-04 15:17:21.445765
385,ESP_NODE_04,8,23,18.0,30,2026-06-04 15:17:39.075328
386,ESP_NODE_03,27,34,29.0,19,2026-06-04 15:18:30.408143
387,ESP_NODE_04,15,21,17.0,28,2026-06-04 15:18:46.513021
388,ESP_NODE_03,32,42,35.0,23,2026-06-04 15:19:38.382250
389,ESP_NODE_04,8,21,17.0,28,2026-06-04 15:19:52.847142
390,ESP_NODE_03,25,39,31.0,21,2026-06-04 15:20:44.983119
391,ESP_NODE_04,8,19,15.0,25,2026-06-04 15:22:14.020402
392,ESP_NODE_03,31,40,34.0,23,2026-06-04 15:22:58.873405
393,ESP_NODE_04,7,16,13.0,22,2026-06-04 15:23:20.112426
394,ESP_NODE_03,39,39,39.0,26,2026-06-04 15:24:05.033092
395,ESP_NODE_04,22,17,20.0,33,2026-06-04 15:24:26.406165
396,ESP_NODE_03,29,37,31.0,21,2026-06-04 15:25:12.705431
397,ESP_NODE_04,19,17,18.0,30,2026-06-04 15:25:33.033113
398,ESP_NODE_04,46,24,39.0,65,2026-06-04 15:26:39.570148
399,ESP_NODE_03,35,34,35.0,23,2026-06-04 15:27:29.966665
400,ESP_NODE_04,11,21,17.0,28,2026-06-04 15:27:46.167831
401,ESP_NODE_04,12,25,20.0,33,2026-06-04 15:28:52.491328
402,ESP_NODE_03,39,33,37.0,25,2026-06-04 15:29:45.477162
403,ESP_NODE_04,19,20,19.0,32,2026-06-04 15:29:58.519885
404,ESP_NODE_03,32,36,33.0,22,2026-06-04 15:30:54.396160
405,ESP_NODE_04,18,24,20.0,33,2026-06-04 15:31:04.229426
406,ESP_NODE_03,36,22,32.0,21,2026-06-04 15:32:01.090754
407,ESP_NODE_04,21,19,20.0,33,2026-06-04 15:32:10.464366
408,ESP_NODE_03,21,28,23.0,15,2026-06-04 15:33:10.134737
409,ESP_NODE_04,9,27,22.0,37,2026-06-04 15:33:16.881817
410,ESP_NODE_03,25,27,26.0,17,2026-06-04 15:34:16.623793
411,ESP_NODE_04,26,29,27.0,45,2026-06-04 15:34:23.010189
412,ESP_NODE_03,31,26,30.0,20,2026-06-04 15:35:23.717451
413,ESP_NODE_04,8,32,26.0,43,2026-06-04 15:35:29.166500
414,ESP_NODE_03,41,30,38.0,25,2026-06-04 15:36:31.790004
415,ESP_NODE_04,16,30,24.0,40,2026-06-04 15:36:35.853203
416,ESP_NODE_04,13,32,26.0,43,2026-06-04 15:37:42.527182
417,ESP_NODE_03,30,21,27.0,18,2026-06-04 15:38:48.322962
418,ESP_NODE_04,15,32,26.0,43,2026-06-04 15:38:48.954045
419,ESP_NODE_03,23,24,23.0,15,2026-06-04 15:39:54.674374
420,ESP_NODE_04,19,34,27.0,45,2026-06-04 15:39:55.260950
421,ESP_NODE_03,32,20,28.0,19,2026-06-04 15:41:00.668602
422,ESP_NODE_04,5,29,23.0,38,2026-06-04 15:41:01.196585
423,ESP_NODE_03,14,20,16.0,11,2026-06-04 15:42:06.949783
424,ESP_NODE_04,16,30,24.0,40,2026-06-04 15:42:07.477793
425,ESP_NODE_04,14,36,29.0,48,2026-06-04 15:43:13.931700
426,ESP_NODE_03,33,18,28.0,19,2026-06-04 15:43:16.611747
427,ESP_NODE_04,17,39,31.0,52,2026-06-04 15:44:20.565194
428,ESP_NODE_03,21,23,22.0,15,2026-06-04 15:44:24.510391
429,ESP_NODE_03,30,29,30.0,20,2026-06-04 15:45:30.557442
430,ESP_NODE_03,41,18,34.0,23,2026-06-04 15:46:38.926890
431,ESP_NODE_04,26,38,30.0,50,2026-06-04 15:46:41.965632
432,ESP_NODE_04,13,35,28.0,47,2026-06-04 15:47:48.162955
433,ESP_NODE_04,18,33,26.0,43,2026-06-04 15:48:54.596634
434,ESP_NODE_03,17,21,18.0,12,2026-06-04 15:49:01.676853
435,ESP_NODE_04,17,30,24.0,40,2026-06-04 15:50:00.575329
436,ESP_NODE_03,18,20,19.0,13,2026-06-04 15:50:17.627340
437,ESP_NODE_04,14,35,28.0,47,2026-06-04 15:51:06.630522
438,ESP_NODE_03,13,19,15.0,10,2026-06-04 15:51:24.749132
439,ESP_NODE_04,19,30,24.0,40,2026-06-04 15:52:12.746801
440,ESP_NODE_03,21,23,22.0,15,2026-06-04 15:52:33.089181
441,ESP_NODE_04,26,28,27.0,45,2026-06-04 15:53:18.788955
442,ESP_NODE_03,12,19,15.0,10,2026-06-04 15:53:40.286803
443,ESP_NODE_04,12,28,22.0,37,2026-06-04 15:54:25.273733
444,ESP_NODE_03,15,21,17.0,11,2026-06-04 15:54:48.570581
445,ESP_NODE_04,14,31,25.0,42,2026-06-04 15:55:32.328238
446,ESP_NODE_03,16,12,15.0,10,2026-06-04 15:55:54.942954
447,ESP_NODE_04,16,25,20.0,33,2026-06-04 15:56:38.858210
448,ESP_NODE_03,11,12,11.0,7,2026-06-04 15:57:02.650320
449,ESP_NODE_04,13,25,20.0,33,2026-06-04 15:57:45.471102
450,ESP_NODE_03,9,13,10.0,7,2026-06-04 15:58:10.388782
451,ESP_NODE_04,18,22,19.0,32,2026-06-04 15:58:51.426084
452,ESP_NODE_03,15,10,14.0,9,2026-06-04 15:59:17.196865
453,ESP_NODE_04,21,27,23.0,38,2026-06-04 15:59:57.910461
454,ESP_NODE_04,24,28,25.0,42,2026-06-04 16:01:04.312712
455,ESP_NODE_03,24,12,20.0,13,2026-06-04 16:01:32.728587
456,ESP_NODE_04,10,27,22.0,37,2026-06-04 16:02:10.457229
457,ESP_NODE_03,11,13,12.0,8,2026-06-04 16:02:41.227441
458,ESP_NODE_04,13,23,18.0,30,2026-06-04 16:03:17.009869
459,ESP_NODE_03,21,21,21.0,14,2026-06-04 16:03:48.288323
460,ESP_NODE_04,13,25,20.0,33,2026-06-04 16:04:23.151443
461,ESP_NODE_03,15,16,15.0,10,2026-06-04 16:04:57.782948
462,ESP_NODE_04,14,26,21.0,35,2026-06-04 16:05:29.138975
463,ESP_NODE_04,16,23,18.0,30,2026-06-04 16:06:35.395032
464,ESP_NODE_03,43,21,36.0,24,2026-06-04 16:07:19.437903
465,ESP_NODE_04,16,20,17.0,28,2026-06-04 16:07:42.622166
466,ESP_NODE_04,28,20,26.0,43,2026-06-04 16:08:48.670652
467,ESP_NODE_03,19,19,19.0,13,2026-06-04 16:09:46.842172
468,ESP_NODE_04,11,20,16.0,27,2026-06-04 16:09:54.871900
469,ESP_NODE_03,31,25,29.0,19,2026-06-04 16:10:54.040519
470,ESP_NODE_04,15,25,20.0,33,2026-06-04 16:11:01.176547
471,ESP_NODE_03,13,17,14.0,9,2026-06-04 16:12:02.570795
472,ESP_NODE_04,14,24,19.0,32,2026-06-04 16:12:08.760181
473,ESP_NODE_03,25,15,22.0,15,2026-06-04 16:13:13.050808
474,ESP_NODE_04,19,23,20.0,33,2026-06-04 16:13:14.834332
475,ESP_NODE_04,22,21,22.0,37,2026-06-04 16:14:21.028890
476,ESP_NODE_03,29,18,26.0,17,2026-06-04 16:14:23.984276
477,ESP_NODE_04,27,36,30.0,50,2026-06-04 16:15:27.360790
478,ESP_NODE_03,41,27,37.0,25,2026-06-04 16:15:34.376037
479,ESP_NODE_04,9,27,22.0,37,2026-06-04 16:16:33.082609
480,ESP_NODE_03,48,21,40.0,27,2026-06-04 16:16:42.304210
481,ESP_NODE_04,34,20,30.0,50,2026-06-04 16:17:39.921019
482,ESP_NODE_03,26,24,25.0,17,2026-06-04 16:17:50.150834
483,ESP_NODE_04,23,22,23.0,38,2026-06-04 16:18:46.231138
484,ESP_NODE_03,45,24,39.0,26,2026-06-04 16:19:05.025590
485,ESP_NODE_04,25,25,25.0,42,2026-06-04 16:19:51.986706
486,ESP_NODE_03,33,24,30.0,20,2026-06-04 16:20:13.489478
487,ESP_NODE_04,25,27,26.0,43,2026-06-04 16:20:57.724256
488,ESP_NODE_03,24,28,25.0,17,2026-06-04 16:21:20.443679
489,ESP_NODE_04,22,27,24.0,40,2026-06-04 16:22:03.672743
490,ESP_NODE_04,22,33,26.0,43,2026-06-04 16:23:10.064016
491,ESP_NODE_03,19,25,21.0,14,2026-06-04 16:23:42.700804
492,ESP_NODE_04,26,27,26.0,43,2026-06-04 16:24:16.031049
493,ESP_NODE_03,62,21,50.0,33,2026-06-04 16:24:49.355656
494,ESP_NODE_04,17,14,16.0,27,2026-06-04 16:25:22.091503
495,ESP_NODE_03,32,20,28.0,19,2026-06-04 16:25:55.945170
496,ESP_NODE_04,10,15,12.0,20,2026-06-04 16:26:28.219611
497,ESP_NODE_03,48,26,41.0,27,2026-06-04 16:27:06.291490
498,ESP_NODE_04,23,13,20.0,33,2026-06-04 16:27:34.440058
499,ESP_NODE_03,25,27,26.0,17,2026-06-04 16:28:12.978555
500,ESP_NODE_04,22,15,20.0,33,2026-06-04 16:28:40.443918
501,ESP_NODE_04,18,9,15.0,25,2026-06-04 16:29:46.589319
502,ESP_NODE_03,41,40,41.0,27,2026-06-04 16:30:30.264460
503,ESP_NODE_04,12,7,10.0,17,2026-06-04 16:30:52.993972
504,ESP_NODE_03,28,27,28.0,19,2026-06-04 16:31:37.532183
505,ESP_NODE_04,0,4,3.0,5,2026-06-04 16:31:58.877710
506,ESP_NODE_03,35,26,32.0,21,2026-06-04 16:32:43.628119
507,ESP_NODE_04,18,9,15.0,25,2026-06-04 16:34:19.873017
508,ESP_NODE_03,27,21,25.0,17,2026-06-04 16:35:05.634989
509,ESP_NODE_04,5,8,6.0,10,2026-06-04 16:35:26.352527
510,ESP_NODE_03,19,21,20.0,13,2026-06-04 16:36:12.376846
511,ESP_NODE_04,13,9,12.0,20,2026-06-04 16:36:32.222942
512,ESP_NODE_03,16,19,17.0,11,2026-06-04 16:37:19.278468
513,ESP_NODE_04,3,7,6.0,10,2026-06-04 16:37:38.284681
514,ESP_NODE_03,26,23,25.0,17,2026-06-04 16:38:25.125044
515,ESP_NODE_04,4,6,5.0,8,2026-06-04 16:38:44.466201
516,ESP_NODE_03,23,23,23.0,15,2026-06-04 16:39:31.390168
517,ESP_NODE_04,5,7,6.0,10,2026-06-04 16:39:50.508075
518,ESP_NODE_03,6,19,15.0,10,2026-06-04 16:40:43.114513
519,ESP_NODE_04,5,7,6.0,10,2026-06-04 16:40:56.472250
520,ESP_NODE_03,32,20,28.0,19,2026-06-04 16:41:51.540437
521,ESP_NODE_03,29,20,26.0,17,2026-06-04 16:42:57.794805
522,ESP_NODE_04,21,9,17.0,28,2026-06-04 16:43:17.732844
523,ESP_NODE_03,22,17,20.0,13,2026-06-04 16:44:03.511537
524,ESP_NODE_04,10,10,10.0,17,2026-06-04 16:44:23.880690
525,ESP_NODE_04,10,13,11.0,18,2026-06-04 16:45:29.842107
526,ESP_NODE_03,13,15,14.0,9,2026-06-04 16:46:26.164910
527,ESP_NODE_03,22,15,20.0,13,2026-06-04 16:47:33.239314
528,ESP_NODE_04,26,15,23.0,38,2026-06-04 16:47:50.915403
529,ESP_NODE_03,23,20,22.0,15,2026-06-04 16:48:39.189385
530,ESP_NODE_04,11,11,11.0,18,2026-06-04 16:48:56.863476
531,ESP_NODE_04,5,10,8.0,13,2026-06-04 16:50:02.878974
532,ESP_NODE_03,15,18,16.0,11,2026-06-04 16:51:00.108641
533,ESP_NODE_04,13,10,12.0,20,2026-06-04 16:51:08.480182
534,ESP_NODE_03,21,15,19.0,13,2026-06-04 16:52:06.449853
535,ESP_NODE_04,6,10,8.0,13,2026-06-04 16:52:14.205231
536,ESP_NODE_03,31,13,26.0,17,2026-06-04 16:53:13.282092
537,ESP_NODE_04,10,11,10.0,17,2026-06-04 16:53:20.044089
538,ESP_NODE_03,16,16,16.0,11,2026-06-04 16:54:20.113764
539,ESP_NODE_04,15,11,14.0,23,2026-06-04 16:54:26.084971
540,ESP_NODE_03,27,18,24.0,16,2026-06-04 16:55:26.265455
541,ESP_NODE_04,18,12,16.0,27,2026-06-04 16:55:31.749406
542,ESP_NODE_03,37,16,31.0,21,2026-06-04 16:56:33.642270
543,ESP_NODE_04,4,13,10.0,17,2026-06-04 16:56:37.526915
544,ESP_NODE_04,9,10,9.0,15,2026-06-04 16:57:43.533012
545,ESP_NODE_03,22,19,21.0,14,2026-06-04 16:57:44.081195
546,ESP_NODE_03,30,16,26.0,17,2026-06-04 16:58:51.421730
547,ESP_NODE_03,27,22,26.0,17,2026-06-04 17:01:08.439515
548,ESP_NODE_03,33,18,28.0,19,2026-06-04 17:02:15.131901
549,ESP_NODE_04,2,8,6.0,10,2026-06-04 17:03:49.753473
550,ESP_NODE_03,23,14,20.0,13,2026-06-04 17:04:29.666899
551,ESP_NODE_04,6,10,8.0,13,2026-06-04 17:04:55.567797
552,ESP_NODE_03,15,9,13.0,9,2026-06-04 17:06:52.550162
553,ESP_NODE_04,1,8,6.0,10,2026-06-04 17:07:16.680499
554,ESP_NODE_03,21,13,19.0,13,2026-06-04 17:09:13.934837
555,ESP_NODE_04,4,9,7.0,12,2026-06-04 17:09:39.499970
556,ESP_NODE_04,16,12,15.0,25,2026-06-04 17:10:45.662939
557,ESP_NODE_03,19,8,16.0,11,2026-06-04 17:12:47.413005
558,ESP_NODE_04,4,14,11.0,18,2026-06-04 17:13:07.158871
559,ESP_NODE_03,23,9,19.0,13,2026-06-04 17:13:53.252224
560,ESP_NODE_03,24,8,19.0,13,2026-06-04 17:15:00.586765
561,ESP_NODE_04,6,31,25.0,42,2026-06-04 17:15:29.446845
562,ESP_NODE_03,8,12,10.0,7,2026-06-04 17:16:12.254776
563,ESP_NODE_04,22,18,21.0,35,2026-06-04 17:16:35.197198
564,ESP_NODE_03,10,11,10.0,7,2026-06-04 17:17:18.596281
565,ESP_NODE_04,10,20,16.0,27,2026-06-04 17:17:40.858054
566,ESP_NODE_03,18,10,16.0,11,2026-06-04 17:18:26.494141
567,ESP_NODE_04,4,20,16.0,27,2026-06-04 17:18:46.942308
568,ESP_NODE_03,12,13,12.0,8,2026-06-04 17:19:34.613695
569,ESP_NODE_04,10,26,21.0,35,2026-06-04 17:19:52.803132
570,ESP_NODE_03,16,13,15.0,10,2026-06-04 17:20:40.742209
571,ESP_NODE_04,15,21,17.0,28,2026-06-04 17:20:58.847621
572,ESP_NODE_03,12,9,11.0,7,2026-06-04 17:21:47.169965
573,ESP_NODE_04,11,22,18.0,30,2026-06-04 17:22:05.037303
574,ESP_NODE_03,14,10,13.0,9,2026-06-04 17:22:53.810069
575,ESP_NODE_04,9,20,16.0,27,2026-06-04 17:23:11.315575
576,ESP_NODE_03,9,14,11.0,7,2026-06-04 17:24:02.687060
577,ESP_NODE_04,15,18,16.0,27,2026-06-04 17:24:17.875877
578,ESP_NODE_04,10,21,17.0,28,2026-06-04 17:25:24.064572
579,ESP_NODE_03,22,15,20.0,13,2026-06-04 17:26:21.073947
580,ESP_NODE_04,13,22,18.0,30,2026-06-04 17:26:30.219734
581,ESP_NODE_03,8,15,12.0,8,2026-06-04 17:27:27.336525
582,ESP_NODE_04,20,20,20.0,33,2026-06-04 17:27:37.379616
583,ESP_NODE_03,16,14,15.0,10,2026-06-04 17:28:34.711097
584,ESP_NODE_04,7,19,15.0,25,2026-06-04 17:28:43.420853
585,ESP_NODE_03,21,18,20.0,13,2026-06-04 17:29:40.793523
586,ESP_NODE_04,4,18,14.0,23,2026-06-04 17:29:49.388846
587,ESP_NODE_03,8,21,17.0,11,2026-06-04 17:30:47.452491
588,ESP_NODE_04,4,18,14.0,23,2026-06-04 17:30:55.638671
589,ESP_NODE_03,15,19,16.0,11,2026-06-04 17:31:57.651604
590,ESP_NODE_04,6,15,12.0,20,2026-06-04 17:32:01.794775
591,ESP_NODE_04,3,14,11.0,18,2026-06-04 17:33:07.943877
592,ESP_NODE_04,8,15,12.0,20,2026-06-04 17:34:14.186742
593,ESP_NODE_03,8,16,13.0,9,2026-06-04 17:34:19.652975
594,ESP_NODE_04,5,12,10.0,17,2026-06-04 17:35:20.410777
595,ESP_NODE_04,19,13,17.0,28,2026-06-04 17:36:26.309575
596,ESP_NODE_03,32,17,28.0,19,2026-06-04 17:36:35.676692
597,ESP_NODE_03,19,18,19.0,13,2026-06-04 17:37:43.982046
598,ESP_NODE_04,7,16,13.0,22,2026-06-04 17:38:47.391206
599,ESP_NODE_03,15,14,15.0,10,2026-06-04 17:38:50.496327
600,ESP_NODE_04,32,15,27.0,45,2026-06-04 17:39:53.575659
601,ESP_NODE_03,30,19,27.0,18,2026-06-04 17:39:58.545357
602,ESP_NODE_04,8,16,13.0,22,2026-06-04 17:41:00.199295
603,ESP_NODE_03,31,16,26.0,17,2026-06-04 17:41:06.602918
604,ESP_NODE_04,20,16,19.0,32,2026-06-04 17:43:21.074429
605,ESP_NODE_03,24,19,22.0,15,2026-06-04 17:43:29.967755
606,ESP_NODE_04,3,14,11.0,18,2026-06-04 17:44:27.003094
607,ESP_NODE_03,25,17,23.0,15,2026-06-04 17:44:35.960250
608,ESP_NODE_04,15,21,17.0,28,2026-06-04 17:45:32.924241
609,ESP_NODE_04,11,15,12.0,20,2026-06-04 17:46:39.061792
610,ESP_NODE_03,19,22,20.0,13,2026-06-04 17:46:52.252995
611,ESP_NODE_04,1,13,10.0,17,2026-06-04 17:47:45.012227
612,ESP_NODE_03,24,24,24.0,16,2026-06-04 17:48:01.182426
613,ESP_NODE_04,16,14,15.0,25,2026-06-04 17:48:50.808357
614,ESP_NODE_03,25,30,26.0,17,2026-06-04 17:49:08.779149
615,ESP_NODE_04,22,15,20.0,33,2026-06-04 17:49:56.818536
616,ESP_NODE_03,12,30,24.0,16,2026-06-04 17:50:17.500301
617,ESP_NODE_04,4,14,11.0,18,2026-06-04 17:51:02.567183
618,ESP_NODE_03,22,28,24.0,16,2026-06-04 17:51:25.763396
619,ESP_NODE_04,5,14,11.0,18,2026-06-04 17:52:08.878789
620,ESP_NODE_03,34,28,32.0,21,2026-06-04 17:52:32.473195
621,ESP_NODE_04,3,12,10.0,17,2026-06-04 17:53:14.672315
622,ESP_NODE_03,18,23,20.0,13,2026-06-04 17:53:44.251773
623,ESP_NODE_04,8,12,10.0,17,2026-06-04 17:54:20.635218
624,ESP_NODE_03,20,18,19.0,13,2026-06-04 17:54:53.408634
625,ESP_NODE_04,12,13,12.0,20,2026-06-04 17:55:26.575103
626,ESP_NODE_03,14,18,15.0,10,2026-06-04 17:56:01.497476
627,ESP_NODE_04,7,12,10.0,17,2026-06-04 17:56:32.605282
628,ESP_NODE_03,15,20,16.0,11,2026-06-04 17:57:16.297086
629,ESP_NODE_04,9,8,9.0,15,2026-06-04 17:57:39.013323
630,ESP_NODE_03,18,21,19.0,13,2026-06-04 17:58:24.631478
631,ESP_NODE_04,13,13,13.0,22,2026-06-04 17:58:44.964051
632,ESP_NODE_03,27,26,27.0,18,2026-06-04 17:59:31.570568
633,ESP_NODE_04,11,11,11.0,18,2026-06-04 17:59:51.420825
634,ESP_NODE_04,18,23,20.0,33,2026-06-04 18:00:57.730976
635,ESP_NODE_03,29,27,28.0,19,2026-06-04 18:02:01.660374
636,ESP_NODE_04,10,11,10.0,17,2026-06-04 18:02:03.820846
637,ESP_NODE_04,10,5,8.0,13,2026-06-04 18:03:09.795223
638,ESP_NODE_03,30,23,28.0,19,2026-06-04 18:03:10.751394
639,ESP_NODE_04,7,14,11.0,18,2026-06-04 18:04:16.025751
640,ESP_NODE_03,19,20,19.0,13,2026-06-04 18:04:20.463001
641,ESP_NODE_04,7,11,9.0,15,2026-06-04 18:05:22.012343
642,ESP_NODE_04,7,12,10.0,17,2026-06-04 18:06:28.428369
643,ESP_NODE_04,17,13,16.0,27,2026-06-04 18:07:34.516508
644,ESP_NODE_04,7,12,10.0,17,2026-06-04 18:08:40.404818
645,ESP_NODE_03,21,19,20.0,13,2026-06-04 18:09:13.741979
646,ESP_NODE_03,17,21,18.0,12,2026-06-04 18:10:24.141707
647,ESP_NODE_04,23,11,19.0,32,2026-06-04 18:11:01.676538
648,ESP_NODE_03,14,24,19.0,13,2026-06-04 18:11:35.236841
649,ESP_NODE_04,16,11,14.0,23,2026-06-04 18:12:07.732730
650,ESP_NODE_04,14,12,13.0,22,2026-06-04 18:13:13.918237
651,ESP_NODE_03,39,19,33.0,22,2026-06-04 18:13:52.300859
652,ESP_NODE_04,17,16,17.0,28,2026-06-04 18:14:20.112815
653,ESP_NODE_03,18,25,20.0,13,2026-06-04 18:15:02.019443
654,ESP_NODE_04,11,18,14.0,23,2026-06-04 18:15:26.240833
655,ESP_NODE_03,11,20,16.0,11,2026-06-04 18:16:09.590839
656,ESP_NODE_04,6,17,14.0,23,2026-06-04 18:16:32.691873
657,ESP_NODE_04,14,16,15.0,25,2026-06-04 18:17:39.454042
658,ESP_NODE_03,19,25,21.0,14,2026-06-04 18:18:31.912161
659,ESP_NODE_04,4,14,11.0,18,2026-06-04 18:18:45.621193
660,ESP_NODE_03,20,23,21.0,14,2026-06-04 18:19:38.519389
661,ESP_NODE_04,24,16,22.0,37,2026-06-04 18:19:51.860050
662,ESP_NODE_03,28,17,25.0,17,2026-06-04 18:20:46.124138
663,ESP_NODE_04,16,24,19.0,32,2026-06-04 18:20:58.627693
664,ESP_NODE_04,5,12,10.0,17,2026-06-04 18:22:05.003022
665,ESP_NODE_03,58,11,44.0,29,2026-06-04 18:23:07.670835
666,ESP_NODE_04,3,13,10.0,17,2026-06-04 18:24:26.102529
667,ESP_NODE_04,9,11,10.0,17,2026-06-04 18:25:32.334428
668,ESP_NODE_03,15,18,16.0,11,2026-06-04 18:25:32.510251
669,ESP_NODE_03,21,15,19.0,13,2026-06-04 18:26:40.470473
670,ESP_NODE_03,29,14,24.0,16,2026-06-04 18:27:48.376576
671,ESP_NODE_04,10,14,11.0,18,2026-06-04 18:27:53.656287
672,ESP_NODE_04,8,14,11.0,18,2026-06-04 18:28:59.807099
673,ESP_NODE_04,9,7,8.0,13,2026-06-04 18:30:06.050447
674,ESP_NODE_03,16,16,16.0,11,2026-06-04 18:30:10.512209
675,ESP_NODE_04,9,8,9.0,15,2026-06-04 18:31:12.113602
676,ESP_NODE_03,17,12,15.0,10,2026-06-04 18:31:16.957108
677,ESP_NODE_04,7,7,7.0,12,2026-06-04 18:32:18.432239
678,ESP_NODE_03,38,10,30.0,20,2026-06-04 18:32:26.354447
679,ESP_NODE_04,2,8,6.0,10,2026-06-04 18:33:24.619743
680,ESP_NODE_04,8,8,8.0,13,2026-06-04 18:34:31.068388
681,ESP_NODE_03,33,7,25.0,17,2026-06-04 18:34:42.521452
682,ESP_NODE_04,4,8,6.0,10,2026-06-04 18:35:37.132946
683,ESP_NODE_03,16,9,14.0,9,2026-06-04 18:35:52.417391
684,ESP_NODE_04,8,8,8.0,13,2026-06-04 18:36:43.472381
685,ESP_NODE_03,9,11,10.0,7,2026-06-04 18:37:00.095622
686,ESP_NODE_04,10,7,9.0,15,2026-06-04 18:37:49.713743
687,ESP_NODE_03,12,10,11.0,7,2026-06-04 18:38:08.484655
688,ESP_NODE_04,1,4,3.0,5,2026-06-04 18:38:55.868840
689,ESP_NODE_04,7,5,6.0,10,2026-06-04 18:40:01.956314
690,ESP_NODE_03,16,6,13.0,9,2026-06-04 18:40:24.983776
691,ESP_NODE_03,12,8,11.0,7,2026-06-04 18:41:31.709250
692,ESP_NODE_04,4,4,4.0,7,2026-06-04 18:42:23.027075
693,ESP_NODE_04,10,4,8.0,13,2026-06-04 18:43:29.096329
694,ESP_NODE_03,13,8,12.0,8,2026-06-04 18:43:47.747143
695,ESP_NODE_04,5,4,5.0,8,2026-06-04 18:44:35.055895
696,ESP_NODE_04,7,7,7.0,12,2026-06-04 18:45:41.392894
697,ESP_NODE_03,10,12,11.0,7,2026-06-04 18:46:04.405730
698,ESP_NODE_04,3,5,4.0,7,2026-06-04 18:46:47.393691
699,ESP_NODE_03,12,9,11.0,7,2026-06-04 18:47:10.996156
700,ESP_NODE_04,3,4,3.0,5,2026-06-04 18:47:53.516595
701,ESP_NODE_04,5,4,5.0,8,2026-06-04 18:48:59.757285
702,ESP_NODE_03,11,9,10.0,7,2026-06-04 18:49:26.535158
703,ESP_NODE_04,0,4,3.0,5,2026-06-04 18:50:06.205273
704,ESP_NODE_03,11,12,11.0,7,2026-06-04 18:50:34.536679
705,ESP_NODE_04,3,4,3.0,5,2026-06-04 18:51:12.361844
706,ESP_NODE_03,7,11,9.0,6,2026-06-04 18:51:40.882305
707,ESP_NODE_04,5,4,5.0,8,2026-06-04 18:52:18.547565
708,ESP_NODE_03,11,8,10.0,7,2026-06-04 18:52:50.217504
709,ESP_NODE_04,7,6,7.0,12,2026-06-04 18:53:24.849722
710,ESP_NODE_03,11,13,12.0,8,2026-06-04 18:53:57.124516
711,ESP_NODE_04,13,4,10.0,17,2026-06-04 18:54:30.874254
712,ESP_NODE_03,19,10,16.0,11,2026-06-04 18:56:10.820151
713,ESP_NODE_04,5,3,4.0,7,2026-06-04 18:56:51.911388
714,ESP_NODE_03,26,8,21.0,14,2026-06-04 18:57:19.099649
715,ESP_NODE_03,34,9,26.0,17,2026-06-04 18:58:26.092069
716,ESP_NODE_03,13,9,12.0,8,2026-06-04 18:59:34.748655
717,ESP_NODE_04,2,6,5.0,8,2026-06-04 19:00:28.379257
718,ESP_NODE_03,35,9,27.0,18,2026-06-04 19:00:41.654982
719,ESP_NODE_03,17,7,14.0,9,2026-06-04 19:01:50.807824
720,ESP_NODE_04,6,4,5.0,8,2026-06-04 19:02:49.319784
721,ESP_NODE_03,19,6,15.0,10,2026-06-04 19:02:57.379985
722,ESP_NODE_04,16,5,13.0,22,2026-06-04 19:03:55.587678
723,ESP_NODE_04,5,4,5.0,8,2026-06-04 19:05:01.720981
724,ESP_NODE_03,28,8,22.0,15,2026-06-04 19:05:18.766657
725,ESP_NODE_04,9,4,8.0,13,2026-06-04 19:06:07.951030
726,ESP_NODE_03,48,15,38.0,25,2026-06-04 19:06:26.789215
727,ESP_NODE_04,7,6,7.0,12,2026-06-04 19:07:13.992914
728,ESP_NODE_03,64,17,50.0,33,2026-06-04 19:07:35.889594
729,ESP_NODE_04,9,5,8.0,13,2026-06-04 19:08:20.065199
730,ESP_NODE_03,105,18,79.0,53,2026-06-04 19:08:42.346894
731,ESP_NODE_04,10,5,8.0,13,2026-06-04 19:09:26.414910
732,ESP_NODE_04,8,8,8.0,13,2026-06-04 19:11:47.562723
733,ESP_NODE_03,44,15,35.0,23,2026-06-04 19:12:09.126734
734,ESP_NODE_04,5,10,8.0,13,2026-06-04 19:12:53.378276
735,ESP_NODE_04,10,6,9.0,15,2026-06-04 19:13:59.435256
736,ESP_NODE_03,57,16,45.0,30,2026-06-04 19:14:25.271587
737,ESP_NODE_04,8,5,7.0,12,2026-06-04 19:15:05.768132
738,ESP_NODE_03,61,22,49.0,33,2026-06-04 19:15:31.760310
739,ESP_NODE_04,10,5,8.0,13,2026-06-04 19:16:11.904557
740,ESP_NODE_03,53,18,42.0,28,2026-06-04 19:16:38.803995
741,ESP_NODE_04,4,4,4.0,7,2026-06-04 19:17:17.983429
742,ESP_NODE_03,89,11,66.0,44,2026-06-04 19:17:44.903276
743,ESP_NODE_04,2,6,5.0,8,2026-06-04 19:18:24.236036
744,ESP_NODE_03,50,13,39.0,26,2026-06-04 19:18:51.143033
745,ESP_NODE_04,8,6,7.0,12,2026-06-04 19:19:30.423988
746,ESP_NODE_03,30,11,24.0,16,2026-06-04 19:19:57.382695
747,ESP_NODE_04,5,5,5.0,8,2026-06-04 19:20:36.807966
748,ESP_NODE_03,53,14,41.0,27,2026-06-04 19:21:08.061831
749,ESP_NODE_04,7,8,7.0,12,2026-06-04 19:21:43.121763
750,ESP_NODE_03,44,11,34.0,23,2026-06-04 19:22:15.292897
751,ESP_NODE_03,54,14,42.0,28,2026-06-04 19:23:22.271742
752,ESP_NODE_04,4,4,4.0,7,2026-06-04 19:24:04.320496
753,ESP_NODE_04,3,4,3.0,5,2026-06-04 19:25:10.545285
754,ESP_NODE_03,27,16,24.0,16,2026-06-04 19:25:37.897856
755,ESP_NODE_04,1,5,4.0,7,2026-06-04 19:26:16.795370
756,ESP_NODE_04,4,3,4.0,7,2026-06-04 19:27:23.408013
757,ESP_NODE_03,39,14,31.0,21,2026-06-04 19:27:52.114803
758,ESP_NODE_04,2,4,3.0,5,2026-06-04 19:28:29.340115
759,ESP_NODE_03,44,13,35.0,23,2026-06-04 19:29:01.008862
760,ESP_NODE_03,60,15,46.0,31,2026-06-04 19:30:09.479032
761,ESP_NODE_03,44,19,36.0,24,2026-06-04 19:31:16.005770
762,ESP_NODE_04,1,5,4.0,7,2026-06-04 19:32:05.710372
763,ESP_NODE_03,45,16,36.0,24,2026-06-04 19:32:22.033084
764,ESP_NODE_04,0,4,3.0,5,2026-06-04 19:33:12.034626
765,ESP_NODE_03,38,15,31.0,21,2026-06-04 19:33:27.726672
766,ESP_NODE_04,2,5,4.0,7,2026-06-04 19:34:18.396952
767,ESP_NODE_04,9,3,7.0,12,2026-06-04 19:35:24.555690
768,ESP_NODE_03,55,12,42.0,28,2026-06-04 19:35:41.507733
769,ESP_NODE_04,3,4,3.0,5,2026-06-04 19:36:30.515079
770,ESP_NODE_03,49,22,41.0,27,2026-06-04 19:36:48.754682
771,ESP_NODE_03,42,10,32.0,21,2026-06-04 19:38:05.494429
772,ESP_NODE_04,3,4,3.0,5,2026-06-04 19:38:51.569104
773,ESP_NODE_04,2,4,3.0,5,2026-06-04 19:39:57.620849
774,ESP_NODE_03,26,12,22.0,15,2026-06-04 19:40:19.347160
775,ESP_NODE_04,2,3,2.0,3,2026-06-04 19:41:03.652653
776,ESP_NODE_03,21,7,17.0,11,2026-06-04 19:41:27.309592
777,ESP_NODE_03,22,9,18.0,12,2026-06-04 19:42:34.472843
778,ESP_NODE_04,11,10,11.0,18,2026-06-04 19:43:24.754534
779,ESP_NODE_03,15,6,12.0,8,2026-06-04 19:43:45.053419
780,ESP_NODE_04,15,4,12.0,20,2026-06-04 19:44:30.863825
781,ESP_NODE_04,14,5,11.0,18,2026-06-04 19:45:37.038980
782,ESP_NODE_03,13,9,12.0,8,2026-06-04 19:46:00.163104
783,ESP_NODE_04,3,4,3.0,5,2026-06-04 19:46:42.857515
784,ESP_NODE_03,27,8,21.0,14,2026-06-04 19:47:07.188761
785,ESP_NODE_04,8,4,7.0,12,2026-06-04 19:47:48.629235
786,ESP_NODE_03,20,7,16.0,11,2026-06-04 19:48:13.360153
787,ESP_NODE_04,3,3,3.0,5,2026-06-04 19:48:54.681351
788,ESP_NODE_03,26,4,19.0,13,2026-06-04 19:49:19.540420
789,ESP_NODE_03,21,6,16.0,11,2026-06-04 19:50:28.120357
790,ESP_NODE_04,5,4,5.0,8,2026-06-04 19:51:15.689064
791,ESP_NODE_04,3,4,3.0,5,2026-06-04 19:52:21.718820
792,ESP_NODE_03,16,7,13.0,9,2026-06-04 19:52:44.104690
793,ESP_NODE_04,7,4,6.0,10,2026-06-04 19:53:27.951770
794,ESP_NODE_03,22,5,17.0,11,2026-06-04 19:53:50.179904
795,ESP_NODE_04,5,5,5.0,8,2026-06-04 19:54:34.102355
796,ESP_NODE_03,15,5,12.0,8,2026-06-04 19:54:56.113770
797,ESP_NODE_04,4,3,4.0,7,2026-06-04 19:55:40.367862
798,ESP_NODE_03,15,3,11.0,7,2026-06-04 19:56:02.080654
799,ESP_NODE_04,2,5,4.0,7,2026-06-04 19:56:46.507373
800,ESP_NODE_04,1,4,3.0,5,2026-06-04 19:57:52.471938
801,ESP_NODE_03,16,4,12.0,8,2026-06-04 19:58:23.332992
802,ESP_NODE_04,6,5,6.0,10,2026-06-04 19:58:58.587138
803,ESP_NODE_04,3,5,4.0,7,2026-06-04 20:00:04.902969
804,ESP_NODE_03,10,4,8.0,5,2026-06-04 20:00:41.018989
805,ESP_NODE_04,9,6,8.0,13,2026-06-04 20:01:11.310003
806,ESP_NODE_03,12,4,10.0,7,2026-06-04 20:01:48.189095
807,ESP_NODE_04,7,5,6.0,10,2026-06-04 20:02:17.182335
808,ESP_NODE_03,12,7,10.0,7,2026-06-04 20:02:54.410741
809,ESP_NODE_04,2,5,4.0,7,2026-06-04 20:03:23.616097
810,ESP_NODE_03,11,3,9.0,6,2026-06-04 20:04:00.633984
811,ESP_NODE_04,3,4,3.0,5,2026-06-04 20:04:29.719245
812,ESP_NODE_03,14,5,11.0,7,2026-06-04 20:05:06.787324
813,ESP_NODE_04,3,4,3.0,5,2026-06-04 20:05:36.049869
814,ESP_NODE_03,9,4,8.0,5,2026-06-04 20:06:13.047579
815,ESP_NODE_04,15,7,13.0,22,2026-06-04 20:06:42.156476
816,ESP_NODE_03,13,6,11.0,7,2026-06-04 20:07:20.277427
817,ESP_NODE_04,2,5,4.0,7,2026-06-04 20:07:48.353666
818,ESP_NODE_03,9,1,7.0,5,2026-06-04 20:09:36.955832
819,ESP_NODE_04,4,9,7.0,12,2026-06-04 20:10:10.063347
820,ESP_NODE_04,3,11,9.0,15,2026-06-04 20:11:16.633625
821,ESP_NODE_04,1,7,6.0,10,2026-06-04 20:12:23.203211
822,ESP_NODE_04,2,8,6.0,10,2026-06-04 20:13:29.048654
823,ESP_NODE_04,0,9,7.0,12,2026-06-04 20:14:35.029030
824,ESP_NODE_04,13,10,12.0,20,2026-06-04 20:15:41.217271
825,ESP_NODE_04,0,7,6.0,10,2026-06-04 20:16:47.448280
826,ESP_NODE_04,7,7,7.0,12,2026-06-04 20:17:53.637954
827,ESP_NODE_04,5,5,5.0,8,2026-06-04 20:18:59.773297
828,ESP_NODE_04,2,8,6.0,10,2026-06-04 20:20:05.815512
829,ESP_NODE_04,0,7,6.0,10,2026-06-04 20:21:11.997160
830,ESP_NODE_04,5,9,7.0,12,2026-06-04 20:22:18.418871
831,ESP_NODE_04,3,6,5.0,8,2026-06-04 20:23:24.505490
832,ESP_NODE_04,7,8,7.0,12,2026-06-04 20:24:30.716542
833,ESP_NODE_04,1,7,6.0,10,2026-06-04 20:25:36.446373
834,ESP_NODE_04,3,6,5.0,8,2026-06-04 20:26:42.625502
835,ESP_NODE_04,6,7,6.0,10,2026-06-04 20:27:48.974332
836,ESP_NODE_04,2,6,5.0,8,2026-06-04 20:28:54.995270
837,ESP_NODE_04,5,7,6.0,10,2026-06-04 20:30:01.059233
838,ESP_NODE_04,2,10,8.0,13,2026-06-04 20:31:06.745297
839,ESP_NODE_04,6,9,7.0,12,2026-06-04 20:32:12.776718
840,ESP_NODE_04,11,9,10.0,17,2026-06-04 20:33:19.013509
841,ESP_NODE_04,2,9,7.0,12,2026-06-04 20:34:25.165229
842,ESP_NODE_04,4,6,5.0,8,2026-06-04 20:35:31.321438
843,ESP_NODE_04,7,6,7.0,12,2026-06-04 20:36:37.553522
844,ESP_NODE_04,8,5,7.0,12,2026-06-04 20:38:58.988232
845,ESP_NODE_04,10,9,10.0,17,2026-06-04 20:41:19.977777
846,ESP_NODE_04,7,8,7.0,12,2026-06-04 20:43:41.093396
847,ESP_NODE_04,4,9,7.0,12,2026-06-04 20:44:47.455995
848,ESP_NODE_04,5,15,12.0,20,2026-06-04 20:45:53.598777
849,ESP_NODE_04,7,10,8.0,13,2026-06-04 20:49:29.768657
850,ESP_NODE_04,4,11,9.0,15,2026-06-04 20:50:35.755069
851,ESP_NODE_04,4,9,7.0,12,2026-06-04 20:51:41.845914
852,ESP_NODE_04,20,8,16.0,27,2026-06-04 20:52:48.057365
853,ESP_NODE_04,3,5,4.0,7,2026-06-04 20:53:54.366529
854,ESP_NODE_04,5,4,5.0,8,2026-06-04 20:55:00.609406
855,ESP_NODE_04,2,9,7.0,12,2026-06-04 20:56:06.689031
856,ESP_NODE_04,6,6,6.0,10,2026-06-04 20:57:12.935358
857,ESP_NODE_04,3,9,7.0,12,2026-06-04 20:58:18.977853
858,ESP_NODE_04,6,7,6.0,10,2026-06-04 20:59:25.023146
859,ESP_NODE_04,4,12,10.0,17,2026-06-04 21:00:31.234250
860,ESP_NODE_04,1,8,6.0,10,2026-06-04 21:01:37.437662
861,ESP_NODE_04,6,9,7.0,12,2026-06-04 21:02:43.601961
862,ESP_NODE_04,2,8,6.0,10,2026-06-04 21:03:49.570702
863,ESP_NODE_04,4,8,6.0,10,2026-06-04 21:04:55.647709
864,ESP_NODE_04,6,8,7.0,12,2026-06-04 21:06:01.767027
865,ESP_NODE_04,10,7,9.0,15,2026-06-04 21:07:07.894943
866,ESP_NODE_04,4,13,10.0,17,2026-06-04 21:08:14.047787
867,ESP_NODE_04,2,7,6.0,10,2026-06-04 21:10:35.040165
868,ESP_NODE_04,1,7,6.0,10,2026-06-04 21:11:40.842793
869,ESP_NODE_04,2,7,6.0,10,2026-06-04 21:12:47.039470
870,ESP_NODE_04,1,9,7.0,12,2026-06-04 21:13:53.092659
871,ESP_NODE_04,4,8,6.0,10,2026-06-04 21:14:59.116546
872,ESP_NODE_04,1,11,9.0,15,2026-06-04 21:16:05.186333
873,ESP_NODE_04,12,9,11.0,18,2026-06-04 21:17:11.150009
874,ESP_NODE_04,1,11,9.0,15,2026-06-04 21:18:17.292174
875,ESP_NODE_04,6,9,7.0,12,2026-06-04 21:19:23.556407
876,ESP_NODE_04,5,10,8.0,13,2026-06-04 21:20:29.799027
877,ESP_NODE_04,13,12,13.0,22,2026-06-04 21:21:35.693442
878,ESP_NODE_04,8,8,8.0,13,2026-06-04 21:23:56.776952
879,ESP_NODE_04,5,8,6.0,10,2026-06-04 21:25:02.911413
880,ESP_NODE_04,7,8,7.0,12,2026-06-04 21:26:09.054605
881,ESP_NODE_04,9,8,9.0,15,2026-06-04 21:27:15.291484
882,ESP_NODE_04,2,7,6.0,10,2026-06-04 21:28:21.462171
883,ESP_NODE_04,2,7,6.0,10,2026-06-04 21:29:27.824748
884,ESP_NODE_04,4,10,8.0,13,2026-06-04 21:30:34.270037
885,ESP_NODE_04,3,8,6.0,10,2026-06-04 21:31:40.431141
886,ESP_NODE_04,0,6,5.0,8,2026-06-04 21:32:46.472603
887,ESP_NODE_04,3,6,5.0,8,2026-06-04 21:33:52.546176
888,ESP_NODE_03,0,0,0.0,0,2026-06-04 21:34:29.636989
889,ESP_NODE_04,2,6,5.0,8,2026-06-04 21:34:58.977306
890,ESP_NODE_03,2,1,2.0,1,2026-06-04 21:35:37.008607
891,ESP_NODE_04,5,6,5.0,8,2026-06-04 21:36:04.664891
892,ESP_NODE_04,4,6,5.0,8,2026-06-04 21:37:10.488363
893,ESP_NODE_03,0,1,1.0,1,2026-06-04 21:37:58.260529
894,ESP_NODE_04,4,6,5.0,8,2026-06-04 21:38:16.631908
895,ESP_NODE_03,3,3,3.0,2,2026-06-04 21:39:04.824180
896,ESP_NODE_04,0,7,6.0,10,2026-06-04 21:39:22.965240
897,ESP_NODE_04,14,12,13.0,22,2026-06-04 21:42:59.336369
898,ESP_NODE_04,20,9,17.0,28,2026-06-04 21:44:05.316737
899,ESP_NODE_04,9,12,10.0,17,2026-06-04 21:45:11.465000
900,ESP_NODE_04,3,13,10.0,17,2026-06-04 21:46:17.584592
901,ESP_NODE_04,0,8,6.0,10,2026-06-04 21:48:38.905839
902,ESP_NODE_04,3,8,6.0,10,2026-06-04 21:49:45.260878
903,ESP_NODE_04,8,9,8.0,13,2026-06-04 21:50:51.139938
904,ESP_NODE_04,2,7,6.0,10,2026-06-04 21:51:57.577722
905,ESP_NODE_04,3,8,6.0,10,2026-06-04 21:53:04.109560
906,ESP_NODE_04,3,8,6.0,10,2026-06-04 21:54:10.026179
907,ESP_NODE_04,2,8,6.0,10,2026-06-04 21:55:16.251315
908,ESP_NODE_04,4,7,6.0,10,2026-06-04 21:56:21.981433
909,ESP_NODE_04,2,11,9.0,15,2026-06-04 21:57:28.101555
910,ESP_NODE_04,13,11,12.0,20,2026-06-04 21:58:34.310861
911,ESP_NODE_04,5,10,8.0,13,2026-06-04 21:59:40.368477
912,ESP_NODE_04,11,18,14.0,23,2026-06-04 22:00:46.198538
913,ESP_NODE_04,2,9,7.0,12,2026-06-04 22:01:51.930164
914,ESP_NODE_04,4,14,11.0,18,2026-06-04 22:02:58.141060
915,ESP_NODE_04,2,8,6.0,10,2026-06-04 22:04:04.417579
916,ESP_NODE_04,4,10,8.0,13,2026-06-04 22:05:10.898602
917,ESP_NODE_04,4,9,7.0,12,2026-06-04 22:06:17.017140
918,ESP_NODE_04,5,12,10.0,17,2026-06-04 22:07:23.280896
919,ESP_NODE_04,6,12,10.0,17,2026-06-04 22:08:29.754672
920,ESP_NODE_04,3,12,10.0,17,2026-06-04 22:09:36.001332
921,ESP_NODE_04,9,10,9.0,15,2026-06-04 22:10:42.152870
922,ESP_NODE_04,1,6,5.0,8,2026-06-04 22:13:03.447107
923,ESP_NODE_04,4,6,5.0,8,2026-06-04 22:14:09.532880
924,ESP_NODE_04,3,9,7.0,12,2026-06-04 22:15:15.754348
925,ESP_NODE_04,1,8,6.0,10,2026-06-04 22:16:22.013473
926,ESP_NODE_04,3,9,7.0,12,2026-06-04 22:17:28.070831
927,ESP_NODE_04,7,7,7.0,12,2026-06-04 22:18:34.411487
928,ESP_NODE_04,4,10,8.0,13,2026-06-04 22:19:40.382124
929,ESP_NODE_04,15,7,13.0,22,2026-06-04 22:20:46.521337
930,ESP_NODE_04,2,3,2.0,3,2026-06-04 22:21:52.974790
931,ESP_NODE_04,10,2,8.0,13,2026-06-04 22:22:59.446850
932,ESP_NODE_04,0,3,2.0,3,2026-06-04 22:24:05.669625
933,ESP_NODE_04,2,3,2.0,3,2026-06-04 22:25:12.347963
934,ESP_NODE_04,3,4,3.0,5,2026-06-04 22:26:18.227069
935,ESP_NODE_04,2,3,2.0,3,2026-06-04 22:27:24.159748
936,ESP_NODE_04,2,5,4.0,7,2026-06-04 22:28:30.159598
937,ESP_NODE_04,3,6,5.0,8,2026-06-04 22:30:51.381107
938,ESP_NODE_04,3,4,3.0,5,2026-06-04 22:31:57.751090
939,ESP_NODE_04,2,4,3.0,5,2026-06-04 22:33:04.016805
940,ESP_NODE_04,2,4,3.0,5,2026-06-04 22:34:10.034468
941,ESP_NODE_04,3,5,4.0,7,2026-06-04 22:35:16.139455
942,ESP_NODE_04,2,5,4.0,7,2026-06-04 22:36:22.189491
943,ESP_NODE_04,3,6,5.0,8,2026-06-04 22:37:28.422430
944,ESP_NODE_04,2,4,3.0,5,2026-06-04 22:38:34.569389
945,ESP_NODE_04,4,4,4.0,7,2026-06-04 22:42:10.657164
946,ESP_NODE_04,1,4,3.0,5,2026-06-04 22:43:16.875915
947,ESP_NODE_04,2,3,2.0,3,2026-06-04 22:44:23.132902
948,ESP_NODE_04,2,5,4.0,7,2026-06-04 22:45:29.373322
949,ESP_NODE_04,6,4,5.0,8,2026-06-04 22:46:35.731695
950,ESP_NODE_04,0,4,3.0,5,2026-06-04 22:47:42.105489
951,ESP_NODE_04,2,3,2.0,3,2026-06-04 22:48:48.082119
952,ESP_NODE_04,3,4,3.0,5,2026-06-04 22:49:54.202711
953,ESP_NODE_04,0,4,3.0,5,2026-06-04 22:51:00.552004
954,ESP_NODE_04,2,3,2.0,3,2026-06-04 22:52:07.012391
955,ESP_NODE_04,2,4,3.0,5,2026-06-04 22:53:13.253576
956,ESP_NODE_04,7,3,6.0,10,2026-06-04 22:54:19.414544
957,ESP_NODE_04,9,4,8.0,13,2026-06-04 22:55:25.681423
958,ESP_NODE_04,4,5,4.0,7,2026-06-04 22:56:31.738695
959,ESP_NODE_04,4,4,4.0,7,2026-06-04 22:57:38.071679
960,ESP_NODE_04,4,4,4.0,7,2026-06-04 22:58:43.962389
961,ESP_NODE_04,3,5,4.0,7,2026-06-04 22:59:50.084735
962,ESP_NODE_04,3,3,3.0,5,2026-06-04 23:02:11.198438
963,ESP_NODE_04,1,3,2.0,3,2026-06-04 23:03:17.647898
964,ESP_NODE_04,6,4,5.0,8,2026-06-04 23:04:23.796975
965,ESP_NODE_04,3,6,5.0,8,2026-06-04 23:05:30.032524
966,ESP_NODE_04,4,3,4.0,7,2026-06-04 23:06:36.194625
967,ESP_NODE_04,0,5,4.0,7,2026-06-04 23:07:42.351485
968,ESP_NODE_04,0,5,4.0,7,2026-06-04 23:08:48.484892
969,ESP_NODE_04,2,5,4.0,7,2026-06-04 23:09:54.847118
970,ESP_NODE_04,1,5,4.0,7,2026-06-04 23:11:01.032416
971,ESP_NODE_04,5,5,5.0,8,2026-06-04 23:12:07.239465
972,ESP_NODE_04,0,4,3.0,5,2026-06-04 23:13:13.396211
973,ESP_NODE_04,0,4,3.0,5,2026-06-04 23:18:04.634498
974,ESP_NODE_04,0,5,4.0,7,2026-06-04 23:19:10.694579
975,ESP_NODE_04,2,5,4.0,7,2026-06-04 23:20:16.953548
976,ESP_NODE_04,4,7,6.0,10,2026-06-04 23:21:23.102176
977,ESP_NODE_04,5,4,5.0,8,2026-06-04 23:22:29.352049
978,ESP_NODE_04,1,5,4.0,7,2026-06-04 23:23:35.637077
979,ESP_NODE_04,3,5,4.0,7,2026-06-04 23:24:41.824578
980,ESP_NODE_04,2,6,5.0,8,2026-06-04 23:25:47.873195
981,ESP_NODE_04,5,6,5.0,8,2026-06-04 23:26:53.884337
982,ESP_NODE_04,2,5,4.0,7,2026-06-04 23:28:00.127409
983,ESP_NODE_04,1,6,5.0,8,2026-06-04 23:29:06.556587
984,ESP_NODE_04,7,5,6.0,10,2026-06-04 23:31:27.790790
985,ESP_NODE_04,0,4,3.0,5,2026-06-04 23:32:34.139823
986,ESP_NODE_04,1,5,4.0,7,2026-06-04 23:36:10.497477
987,ESP_NODE_04,1,6,5.0,8,2026-06-04 23:37:16.687253
988,ESP_NODE_04,7,5,6.0,10,2026-06-04 23:38:22.893279
989,ESP_NODE_04,4,6,5.0,8,2026-06-04 23:39:29.061145
990,ESP_NODE_04,9,6,8.0,13,2026-06-04 23:40:35.206903
991,ESP_NODE_04,3,5,4.0,7,2026-06-04 23:41:41.482137
992,ESP_NODE_04,2,6,5.0,8,2026-06-04 23:42:47.761520
993,ESP_NODE_04,2,4,3.0,5,2026-06-04 23:43:53.971947
994,ESP_NODE_04,3,5,4.0,7,2026-06-04 23:45:00.438593
995,ESP_NODE_04,5,5,5.0,8,2026-06-04 23:46:06.706912
996,ESP_NODE_04,1,2,2.0,3,2026-06-04 23:47:13.162667
997,ESP_NODE_04,4,4,4.0,7,2026-06-04 23:48:19.829970
998,ESP_NODE_04,2,4,3.0,5,2026-06-04 23:49:26.277978
999,ESP_NODE_04,2,5,4.0,7,2026-06-04 23:50:32.623657
1000,ESP_NODE_04,4,4,4.0,7,2026-06-04 23:52:53.950290
1001,ESP_NODE_04,1,5,4.0,7,2026-06-04 23:55:15.261293
1002,ESP_NODE_04,3,6,5.0,8,2026-06-04 23:56:21.426160
1003,ESP_NODE_04,2,6,5.0,8,2026-06-04 23:58:42.519781
1004,ESP_NODE_04,4,6,5.0,8,2026-06-04 23:59:48.769377
1005,ESP_NODE_04,3,6,5.0,8,2026-06-05 00:00:55.120689
1006,ESP_NODE_04,1,3,2.0,3,2026-06-05 00:02:01.272967
1007,ESP_NODE_04,2,4,3.0,5,2026-06-05 00:04:22.673751
1008,ESP_NODE_04,3,3,3.0,5,2026-06-05 00:05:29.242822
1009,ESP_NODE_04,6,5,6.0,10,2026-06-05 00:06:35.614463
1010,ESP_NODE_04,4,5,4.0,7,2026-06-05 00:07:41.581241
1011,ESP_NODE_04,3,3,3.0,5,2026-06-05 00:11:18.123467
1012,ESP_NODE_04,0,3,2.0,3,2026-06-05 00:12:24.178621
1013,ESP_NODE_04,0,3,2.0,3,2026-06-05 00:13:30.061450
1014,ESP_NODE_04,2,5,4.0,7,2026-06-05 00:15:51.555447
1015,ESP_NODE_04,2,3,2.0,3,2026-06-05 00:16:58.001973
1016,ESP_NODE_04,0,3,2.0,3,2026-06-05 00:18:04.296658
1017,ESP_NODE_04,2,3,2.0,3,2026-06-05 00:20:25.597294
1018,ESP_NODE_04,1,3,2.0,3,2026-06-05 00:21:31.821464
1019,ESP_NODE_04,0,3,2.0,3,2026-06-05 00:22:38.101128
1020,ESP_NODE_04,1,3,2.0,3,2026-06-05 00:23:44.351760
1021,ESP_NODE_04,0,3,2.0,3,2026-06-05 00:28:35.661103
1022,ESP_NODE_04,0,3,2.0,3,2026-06-05 00:29:41.945787
1023,ESP_NODE_04,2,3,2.0,3,2026-06-05 00:32:03.257536
1024,ESP_NODE_04,0,3,2.0,3,2026-06-05 00:33:09.523293
1025,ESP_NODE_04,0,3,2.0,3,2026-06-05 00:34:15.862669
1026,ESP_NODE_04,0,3,2.0,3,2026-06-05 00:35:22.102588
1027,ESP_NODE_04,0,4,3.0,5,2026-06-05 00:36:28.663614
1028,ESP_NODE_04,0,2,2.0,3,2026-06-05 00:37:35.121769
1029,ESP_NODE_04,2,2,2.0,3,2026-06-05 00:38:41.367124
1030,ESP_NODE_04,2,3,2.0,3,2026-06-05 00:39:47.817738
1031,ESP_NODE_04,3,4,3.0,5,2026-06-05 00:40:54.157794
1032,ESP_NODE_04,0,6,5.0,8,2026-06-05 00:44:30.231443
1033,ESP_NODE_04,0,7,6.0,10,2026-06-05 00:45:36.428286
1034,ESP_NODE_04,0,4,3.0,5,2026-06-05 00:46:42.384257
1035,ESP_NODE_04,8,6,7.0,12,2026-06-05 00:47:48.721712
1036,ESP_NODE_04,0,5,4.0,7,2026-06-05 00:48:54.880517
1037,ESP_NODE_04,0,6,5.0,8,2026-06-05 00:50:01.124659
1038,ESP_NODE_04,2,5,4.0,7,2026-06-05 00:51:07.248449
1039,ESP_NODE_04,0,3,2.0,3,2026-06-05 00:52:13.645739
1040,ESP_NODE_04,0,1,1.0,2,2026-06-05 00:54:34.938845
1041,ESP_NODE_04,1,0,1.0,2,2026-06-05 00:55:41.377575
1042,ESP_NODE_04,1,0,1.0,2,2026-06-05 00:56:47.639489
1043,ESP_NODE_04,1,0,1.0,2,2026-06-05 00:57:54.037865
1044,ESP_NODE_04,2,0,1.0,2,2026-06-05 00:59:00.351995
1045,ESP_NODE_04,0,0,0.0,0,2026-06-05 01:01:21.685599
1046,ESP_NODE_04,0,0,0.0,0,2026-06-05 01:02:28.017472
1047,ESP_NODE_04,0,2,2.0,3,2026-06-05 01:03:34.172350
1048,ESP_NODE_04,0,1,1.0,2,2026-06-05 01:04:40.358985
1049,ESP_NODE_04,6,1,4.0,7,2026-06-05 01:05:46.791003
1050,ESP_NODE_04,0,0,0.0,0,2026-06-05 01:06:53.079354
1051,ESP_NODE_04,3,1,2.0,3,2026-06-05 01:09:14.244400
1052,ESP_NODE_04,0,0,0.0,0,2026-06-05 01:10:20.692659
1053,ESP_NODE_04,2,1,2.0,3,2026-06-05 01:11:27.041309
1054,ESP_NODE_04,0,0,0.0,0,2026-06-05 01:12:33.193560
1055,ESP_NODE_04,2,0,1.0,2,2026-06-05 01:13:39.475233
1056,ESP_NODE_04,0,0,0.0,0,2026-06-05 01:14:45.827519
1057,ESP_NODE_04,2,1,2.0,3,2026-06-05 01:15:52.058231
1058,ESP_NODE_04,0,0,0.0,0,2026-06-05 01:18:13.280552
1059,ESP_NODE_04,0,0,0.0,0,2026-06-05 01:19:19.526324
1060,ESP_NODE_04,0,1,1.0,2,2026-06-05 01:20:26.126655
1061,ESP_NODE_04,1,0,1.0,2,2026-06-05 01:21:32.559361
1062,ESP_NODE_04,4,0,3.0,5,2026-06-05 01:23:53.773339
1063,ESP_NODE_04,0,0,0.0,0,2026-06-05 01:25:00.017531
1064,ESP_NODE_04,0,1,1.0,2,2026-06-05 01:27:21.316901
1065,ESP_NODE_04,1,0,1.0,2,2026-06-05 01:28:27.704102
1066,ESP_NODE_04,0,0,0.0,0,2026-06-05 01:29:34.065297
1067,ESP_NODE_04,2,0,1.0,2,2026-06-05 01:30:40.397890
1068,ESP_NODE_04,0,0,0.0,0,2026-06-05 01:31:46.423540
1069,ESP_NODE_04,1,0,1.0,2,2026-06-05 01:34:07.789107
1070,ESP_NODE_04,2,0,1.0,2,2026-06-05 01:35:14.011989
1071,ESP_NODE_04,4,0,3.0,5,2026-06-05 01:36:20.184643
1072,ESP_NODE_04,0,0,0.0,0,2026-06-05 01:37:26.838026
1073,ESP_NODE_04,1,2,2.0,3,2026-06-05 01:38:32.961362
1074,ESP_NODE_04,0,0,0.0,0,2026-06-05 01:39:39.050442
1075,ESP_NODE_04,4,0,3.0,5,2026-06-05 01:42:00.369254
1076,ESP_NODE_04,0,1,1.0,2,2026-06-05 01:44:21.867391
1077,ESP_NODE_04,1,0,1.0,2,2026-06-05 01:45:28.137537
1078,ESP_NODE_04,1,0,1.0,2,2026-06-05 01:46:34.512247
1079,ESP_NODE_04,0,1,1.0,2,2026-06-05 01:47:40.822644
1080,ESP_NODE_04,3,1,2.0,3,2026-06-05 01:48:46.862715
1081,ESP_NODE_04,0,1,1.0,2,2026-06-05 01:49:53.046337
1082,ESP_NODE_04,1,1,1.0,2,2026-06-05 01:52:14.329089
1083,ESP_NODE_04,1,1,1.0,2,2026-06-05 01:53:20.415993
1084,ESP_NODE_04,0,0,0.0,0,2026-06-05 01:54:26.754368
1085,ESP_NODE_04,0,0,0.0,0,2026-06-05 01:56:48.149377
1086,ESP_NODE_04,2,1,2.0,3,2026-06-05 01:57:54.429765
1087,ESP_NODE_04,3,0,2.0,3,2026-06-05 01:59:00.767465
1088,ESP_NODE_04,0,1,1.0,2,2026-06-05 02:00:07.052327
1089,ESP_NODE_04,1,0,1.0,2,2026-06-05 02:01:13.293206
1090,ESP_NODE_04,0,1,1.0,2,2026-06-05 02:02:19.287459
1091,ESP_NODE_04,0,2,2.0,3,2026-06-05 02:03:25.700185
1092,ESP_NODE_04,1,1,1.0,2,2026-06-05 02:04:32.667956
1093,ESP_NODE_04,2,0,1.0,2,2026-06-05 02:05:38.922197
1094,ESP_NODE_04,1,1,1.0,2,2026-06-05 02:06:45.205741
1095,ESP_NODE_04,0,0,0.0,0,2026-06-05 02:09:06.710328
1096,ESP_NODE_04,0,1,1.0,2,2026-06-05 02:10:13.164194
1097,ESP_NODE_04,2,0,1.0,2,2026-06-05 02:11:19.288366
1098,ESP_NODE_04,0,0,0.0,0,2026-06-05 02:12:25.764539
1099,ESP_NODE_04,1,0,1.0,2,2026-06-05 02:13:32.211906
1100,ESP_NODE_04,3,0,2.0,3,2026-06-05 02:14:38.569621
1101,ESP_NODE_04,2,1,2.0,3,2026-06-05 02:15:44.931307
1102,ESP_NODE_04,0,1,1.0,2,2026-06-05 02:16:51.401022
1103,ESP_NODE_04,2,0,1.0,2,2026-06-05 02:17:57.840618
1104,ESP_NODE_04,0,0,0.0,0,2026-06-05 02:20:19.396841
1105,ESP_NODE_04,2,0,1.0,2,2026-06-05 02:21:25.864482
1106,ESP_NODE_04,0,2,2.0,3,2026-06-05 02:22:32.082317
1107,ESP_NODE_04,0,1,1.0,2,2026-06-05 02:23:38.946469
1108,ESP_NODE_04,1,0,1.0,2,2026-06-05 02:24:45.329845
1109,ESP_NODE_04,2,0,1.0,2,2026-06-05 02:25:51.571714
1110,ESP_NODE_04,0,1,1.0,2,2026-06-05 02:26:57.736824
1111,ESP_NODE_04,1,2,2.0,3,2026-06-05 02:28:03.971264
1112,ESP_NODE_04,1,1,1.0,2,2026-06-05 02:29:10.320207
1113,ESP_NODE_04,1,1,1.0,2,2026-06-05 02:31:32.049472
1114,ESP_NODE_04,0,2,2.0,3,2026-06-05 02:32:38.512411
1115,ESP_NODE_04,0,1,1.0,2,2026-06-05 02:33:44.752420
1116,ESP_NODE_04,3,1,2.0,3,2026-06-05 02:34:51.067824
1117,ESP_NODE_04,1,2,2.0,3,2026-06-05 02:35:57.261695
1118,ESP_NODE_04,0,1,1.0,2,2026-06-05 02:37:03.606333
1119,ESP_NODE_04,0,2,2.0,3,2026-06-05 02:39:24.823292
1120,ESP_NODE_04,0,1,1.0,2,2026-06-05 02:41:45.924241
1121,ESP_NODE_04,0,0,0.0,0,2026-06-05 02:44:07.039518
1122,ESP_NODE_04,2,1,2.0,3,2026-06-05 02:46:28.254451
1123,ESP_NODE_04,0,0,0.0,0,2026-06-05 02:47:34.294105
1124,ESP_NODE_04,1,1,1.0,2,2026-06-05 02:48:40.475561
1125,ESP_NODE_04,0,1,1.0,2,2026-06-05 02:49:46.928323
1126,ESP_NODE_04,0,1,1.0,2,2026-06-05 02:50:53.159309
1127,ESP_NODE_04,0,0,0.0,0,2026-06-05 02:51:59.300557
1128,ESP_NODE_04,0,0,0.0,0,2026-06-05 02:54:20.552406
1129,ESP_NODE_04,0,2,2.0,3,2026-06-05 02:56:41.857635
1130,ESP_NODE_04,0,1,1.0,2,2026-06-05 02:57:48.004972
1131,ESP_NODE_04,0,0,0.0,0,2026-06-05 02:58:54.095121
1132,ESP_NODE_04,0,0,0.0,0,2026-06-05 03:00:00.527175
1133,ESP_NODE_04,3,1,2.0,3,2026-06-05 03:02:21.954255
1134,ESP_NODE_04,1,1,1.0,2,2026-06-05 03:03:28.189081
1135,ESP_NODE_04,2,1,2.0,3,2026-06-05 03:05:49.605790
1136,ESP_NODE_04,0,1,1.0,2,2026-06-05 03:08:11.002521
1137,ESP_NODE_04,3,1,2.0,3,2026-06-05 03:09:17.171789
1138,ESP_NODE_04,0,1,1.0,2,2026-06-05 03:10:23.828328
1139,ESP_NODE_04,0,1,1.0,2,2026-06-05 03:11:30.078338
1140,ESP_NODE_04,0,1,1.0,2,2026-06-05 03:12:36.426837
1141,ESP_NODE_04,2,1,2.0,3,2026-06-05 03:16:12.689325
1142,ESP_NODE_04,4,1,3.0,5,2026-06-05 03:17:18.648988
1143,ESP_NODE_04,0,1,1.0,2,2026-06-05 03:18:24.718883
1144,ESP_NODE_04,0,1,1.0,2,2026-06-05 03:19:31.140753
1145,ESP_NODE_04,0,0,0.0,0,2026-06-05 03:21:52.609115
1146,ESP_NODE_04,3,2,3.0,5,2026-06-05 03:22:58.733605
1147,ESP_NODE_04,0,1,1.0,2,2026-06-05 03:24:05.171407
1148,ESP_NODE_04,0,1,1.0,2,2026-06-05 03:26:26.484324
1149,ESP_NODE_04,0,1,1.0,2,2026-06-05 03:27:32.637022
1150,ESP_NODE_04,0,1,1.0,2,2026-06-05 03:28:38.784004
1151,ESP_NODE_04,0,1,1.0,2,2026-06-05 03:29:45.083080
1152,ESP_NODE_04,5,2,4.0,7,2026-06-05 03:30:51.607273
1153,ESP_NODE_04,1,0,1.0,2,2026-06-05 03:33:12.938671
1154,ESP_NODE_04,1,0,1.0,2,2026-06-05 03:35:34.157771
1155,ESP_NODE_04,1,0,1.0,2,2026-06-05 03:36:40.317934
1156,ESP_NODE_04,1,0,1.0,2,2026-06-05 03:37:46.638675
1157,ESP_NODE_04,1,0,1.0,2,2026-06-05 03:38:52.883854
1158,ESP_NODE_04,0,0,0.0,0,2026-06-05 03:39:58.951868
1159,ESP_NODE_04,0,0,0.0,0,2026-06-05 03:41:04.991255
1160,ESP_NODE_04,0,0,0.0,0,2026-06-05 03:43:26.029012
1161,ESP_NODE_04,1,0,1.0,2,2026-06-05 03:44:32.282450
1162,ESP_NODE_04,1,0,1.0,2,2026-06-05 03:45:38.448755
1163,ESP_NODE_04,1,0,1.0,2,2026-06-05 03:46:44.775593
1164,ESP_NODE_04,1,0,1.0,2,2026-06-05 03:47:51.068766
1165,ESP_NODE_04,0,0,0.0,0,2026-06-05 03:48:57.407576
1166,ESP_NODE_04,3,0,2.0,3,2026-06-05 03:50:03.743213
1167,ESP_NODE_04,1,0,1.0,2,2026-06-05 03:51:10.080282
1168,ESP_NODE_04,2,1,2.0,3,2026-06-05 03:52:15.999744
1169,ESP_NODE_04,2,0,1.0,2,2026-06-05 03:54:37.266549
1170,ESP_NODE_04,1,0,1.0,2,2026-06-05 03:55:43.617452
1171,ESP_NODE_04,2,0,1.0,2,2026-06-05 03:56:49.855384
1172,ESP_NODE_04,0,0,0.0,0,2026-06-05 03:57:56.022261
1173,ESP_NODE_04,3,0,2.0,3,2026-06-05 03:59:02.201186
1174,ESP_NODE_04,0,0,0.0,0,2026-06-05 04:00:13.521323
1175,ESP_NODE_04,2,0,1.0,2,2026-06-05 04:01:19.682953
1176,ESP_NODE_04,0,0,0.0,0,2026-06-05 04:02:25.710725
1177,ESP_NODE_04,0,0,0.0,0,2026-06-05 04:03:32.076168
1178,ESP_NODE_04,0,0,0.0,0,2026-06-05 04:04:38.640522
1179,ESP_NODE_04,6,0,4.0,7,2026-06-05 04:05:44.903559
1180,ESP_NODE_04,2,0,1.0,2,2026-06-05 04:08:06.186767
1181,ESP_NODE_04,0,0,0.0,0,2026-06-05 04:09:12.447638
1182,ESP_NODE_04,2,0,1.0,2,2026-06-05 04:10:18.616568
1183,ESP_NODE_04,2,0,1.0,2,2026-06-05 04:11:24.665756
1184,ESP_NODE_04,0,0,0.0,0,2026-06-05 04:12:30.702856
1185,ESP_NODE_04,0,0,0.0,0,2026-06-05 04:13:36.881483
1186,ESP_NODE_04,0,0,0.0,0,2026-06-05 04:15:58.082544
1187,ESP_NODE_04,0,0,0.0,0,2026-06-05 04:17:04.043812
1188,ESP_NODE_04,0,0,0.0,0,2026-06-05 04:18:10.288750
1189,ESP_NODE_04,0,0,0.0,0,2026-06-05 04:19:16.456328
1190,ESP_NODE_04,1,0,1.0,2,2026-06-05 04:20:22.404636
1191,ESP_NODE_04,2,0,1.0,2,2026-06-05 04:21:28.443082
1192,ESP_NODE_04,0,0,0.0,0,2026-06-05 04:22:34.674257
1193,ESP_NODE_04,0,0,0.0,0,2026-06-05 04:24:55.793135
1194,ESP_NODE_04,0,0,0.0,0,2026-06-05 04:26:02.023236
1195,ESP_NODE_04,1,0,1.0,2,2026-06-05 04:27:08.191432
1196,ESP_NODE_04,0,0,0.0,0,2026-06-05 04:28:14.209566
1197,ESP_NODE_04,2,0,1.0,2,2026-06-05 04:29:20.276375
1198,ESP_NODE_04,1,0,1.0,2,2026-06-05 04:30:26.316573
1199,ESP_NODE_04,0,0,0.0,0,2026-06-05 04:31:32.099360
1200,ESP_NODE_04,0,0,0.0,0,2026-06-05 04:32:38.232023
1201,ESP_NODE_04,1,0,1.0,2,2026-06-05 04:35:04.249293
1202,ESP_NODE_04,0,0,0.0,0,2026-06-05 04:36:10.120326
1203,ESP_NODE_04,1,0,1.0,2,2026-06-05 04:37:16.341340
1204,ESP_NODE_04,0,0,0.0,0,2026-06-05 04:38:22.419484
1205,ESP_NODE_04,0,0,0.0,0,2026-06-05 04:39:28.651863
1206,ESP_NODE_04,1,0,1.0,2,2026-06-05 04:40:35.128424
1207,ESP_NODE_04,2,0,1.0,2,2026-06-05 04:42:56.412124
1208,ESP_NODE_04,0,0,0.0,0,2026-06-05 04:44:02.688563
1209,ESP_NODE_04,1,0,1.0,2,2026-06-05 04:45:09.041316
1210,ESP_NODE_04,0,0,0.0,0,2026-06-05 04:47:30.258520
1211,ESP_NODE_04,0,0,0.0,0,2026-06-05 04:48:36.575984
1212,ESP_NODE_04,0,0,0.0,0,2026-06-05 04:49:42.637384
1213,ESP_NODE_04,0,0,0.0,0,2026-06-05 04:52:03.808023
1214,ESP_NODE_04,1,0,1.0,2,2026-06-05 04:54:25.172566
1215,ESP_NODE_04,1,0,1.0,2,2026-06-05 04:55:31.356728
1216,ESP_NODE_04,3,0,2.0,3,2026-06-05 04:56:37.391044
1217,ESP_NODE_04,2,0,1.0,2,2026-06-05 04:57:43.628776
1218,ESP_NODE_04,1,0,1.0,2,2026-06-05 04:58:49.883289
1219,ESP_NODE_04,0,0,0.0,0,2026-06-05 04:59:55.919987
1220,ESP_NODE_04,0,0,0.0,0,2026-06-05 05:01:02.111405
1221,ESP_NODE_04,1,0,1.0,2,2026-06-05 05:04:38.259380
1222,ESP_NODE_04,1,0,1.0,2,2026-06-05 05:05:44.401234
1223,ESP_NODE_04,0,0,0.0,0,2026-06-05 05:08:05.632462
1224,ESP_NODE_04,0,0,0.0,0,2026-06-05 05:09:12.085815
1225,ESP_NODE_04,0,0,0.0,0,2026-06-05 05:10:18.227875
1226,ESP_NODE_04,1,0,1.0,2,2026-06-05 05:11:24.378747
1227,ESP_NODE_04,1,0,1.0,2,2026-06-05 05:12:30.372673
1228,ESP_NODE_04,4,1,3.0,5,2026-06-05 05:13:36.574165
1229,ESP_NODE_04,2,1,2.0,3,2026-06-05 05:14:42.948301
1230,ESP_NODE_04,5,1,4.0,7,2026-06-05 05:15:49.094239
1231,ESP_NODE_04,0,1,1.0,2,2026-06-05 05:16:55.062188
1232,ESP_NODE_04,3,1,2.0,3,2026-06-05 05:18:01.306232
1233,ESP_NODE_04,3,2,3.0,5,2026-06-05 05:19:07.664385
1234,ESP_NODE_04,2,1,2.0,3,2026-06-05 05:20:13.790054
1235,ESP_NODE_04,4,2,3.0,5,2026-06-05 05:21:19.867140
1236,ESP_NODE_04,4,2,3.0,5,2026-06-05 05:22:25.770033
1237,ESP_NODE_04,0,2,2.0,3,2026-06-05 05:23:32.101741
1238,ESP_NODE_04,2,1,2.0,3,2026-06-05 05:24:38.293895
1239,ESP_NODE_04,3,2,3.0,5,2026-06-05 05:25:44.526045
1240,ESP_NODE_04,1,2,2.0,3,2026-06-05 05:26:50.531815
1241,ESP_NODE_04,2,3,2.0,3,2026-06-05 05:27:56.750408
1242,ESP_NODE_04,1,3,2.0,3,2026-06-05 05:29:02.841750
1243,ESP_NODE_04,2,2,2.0,3,2026-06-05 05:30:08.923434
1244,ESP_NODE_04,1,3,2.0,3,2026-06-05 05:31:15.082478
1245,ESP_NODE_04,1,2,2.0,3,2026-06-05 05:33:36.264041
1246,ESP_NODE_04,0,2,2.0,3,2026-06-05 05:34:42.039123
1247,ESP_NODE_04,0,3,2.0,3,2026-06-05 05:37:03.121132
1248,ESP_NODE_04,0,2,2.0,3,2026-06-05 05:38:08.897504
1249,ESP_NODE_04,1,2,2.0,3,2026-06-05 05:39:14.974898
1250,ESP_NODE_04,0,2,2.0,3,2026-06-05 05:40:21.158329
1251,ESP_NODE_04,1,2,2.0,3,2026-06-05 05:41:27.204185
1252,ESP_NODE_04,2,2,2.0,3,2026-06-05 05:42:33.283311
1253,ESP_NODE_04,1,2,2.0,3,2026-06-05 05:43:39.298941
1254,ESP_NODE_04,1,2,2.0,3,2026-06-05 05:46:00.318974
1255,ESP_NODE_04,8,6,7.0,12,2026-06-05 05:47:06.376725
1256,ESP_NODE_04,1,3,2.0,3,2026-06-05 05:48:12.512161
1257,ESP_NODE_04,1,2,2.0,3,2026-06-05 05:49:18.431821
1258,ESP_NODE_04,2,6,5.0,8,2026-06-05 05:50:24.502944
1259,ESP_NODE_04,2,4,3.0,5,2026-06-05 05:51:30.569589
1260,ESP_NODE_04,2,3,2.0,3,2026-06-05 05:52:37.122208
1261,ESP_NODE_04,1,4,3.0,5,2026-06-05 05:53:43.158782
1262,ESP_NODE_04,0,4,3.0,5,2026-06-05 05:54:49.140734
1263,ESP_NODE_04,5,5,5.0,8,2026-06-05 05:56:07.871051
1264,ESP_NODE_04,1,5,4.0,7,2026-06-05 05:57:13.896831
1265,ESP_NODE_04,3,5,4.0,7,2026-06-05 05:58:20.175870
1266,ESP_NODE_04,0,5,4.0,7,2026-06-05 05:59:26.222979
1267,ESP_NODE_04,17,6,14.0,23,2026-06-05 06:00:32.442870
1268,ESP_NODE_04,10,5,8.0,13,2026-06-05 06:01:38.584023
1269,ESP_NODE_04,5,5,5.0,8,2026-06-05 06:02:44.671884
1270,ESP_NODE_04,6,4,5.0,8,2026-06-05 06:03:50.724192
1271,ESP_NODE_04,0,6,5.0,8,2026-06-05 06:04:56.653435
1272,ESP_NODE_04,0,3,2.0,3,2026-06-05 06:06:02.526347
1273,ESP_NODE_04,0,2,2.0,3,2026-06-05 06:07:08.569107
1274,ESP_NODE_04,1,4,3.0,5,2026-06-05 06:08:14.697990
1275,ESP_NODE_04,0,3,2.0,3,2026-06-05 06:09:20.742987
1276,ESP_NODE_04,7,4,6.0,10,2026-06-05 06:10:26.804541
1277,ESP_NODE_04,2,2,2.0,3,2026-06-05 06:11:32.824040
1278,ESP_NODE_04,0,3,2.0,3,2026-06-05 06:12:38.722217
1279,ESP_NODE_04,3,1,2.0,3,2026-06-05 06:13:44.732501
1280,ESP_NODE_04,2,2,2.0,3,2026-06-05 06:14:50.709389
1281,ESP_NODE_04,2,2,2.0,3,2026-06-05 06:15:56.583999
1282,ESP_NODE_04,1,2,2.0,3,2026-06-05 06:17:02.559061
1283,ESP_NODE_04,0,2,2.0,3,2026-06-05 06:18:08.619213
1284,ESP_NODE_04,6,3,5.0,8,2026-06-05 06:19:14.916224
1285,ESP_NODE_04,0,3,2.0,3,2026-06-05 06:21:36.034864
1286,ESP_NODE_04,3,3,3.0,5,2026-06-05 06:22:42.266353
1287,ESP_NODE_04,0,4,3.0,5,2026-06-05 06:23:48.309389
1288,ESP_NODE_04,0,2,2.0,3,2026-06-05 06:24:54.395497
1289,ESP_NODE_04,2,3,2.0,3,2026-06-05 06:26:00.225249
1290,ESP_NODE_04,26,3,19.0,32,2026-06-05 06:27:06.151871
1291,ESP_NODE_04,4,4,4.0,7,2026-06-05 06:28:12.178726
1292,ESP_NODE_04,2,4,3.0,5,2026-06-05 06:29:17.852557
1293,ESP_NODE_04,12,8,11.0,18,2026-06-05 06:30:23.697105
1294,ESP_NODE_04,0,5,4.0,7,2026-06-05 06:31:29.823404
1295,ESP_NODE_04,0,5,4.0,7,2026-06-05 06:32:35.860550
1296,ESP_NODE_04,3,5,4.0,7,2026-06-05 06:33:42.023556
1297,ESP_NODE_04,2,3,2.0,3,2026-06-05 06:36:03.150555
1298,ESP_NODE_04,1,4,3.0,5,2026-06-05 06:37:09.187853
1299,ESP_NODE_04,1,4,3.0,5,2026-06-05 06:38:15.431164
1300,ESP_NODE_04,0,4,3.0,5,2026-06-05 06:39:21.476905
1301,ESP_NODE_04,3,3,3.0,5,2026-06-05 06:41:42.608181
1302,ESP_NODE_04,0,4,3.0,5,2026-06-05 06:42:48.731688
1303,ESP_NODE_04,2,5,4.0,7,2026-06-05 06:43:54.747572
1304,ESP_NODE_04,10,5,8.0,13,2026-06-05 06:45:00.844504
1305,ESP_NODE_04,0,5,4.0,7,2026-06-05 06:46:06.613904
1306,ESP_NODE_04,2,4,3.0,5,2026-06-05 06:47:12.752391
1307,ESP_NODE_04,3,4,3.0,5,2026-06-05 06:48:18.870907
1308,ESP_NODE_04,9,3,7.0,12,2026-06-05 06:49:24.851651
1309,ESP_NODE_04,7,5,6.0,10,2026-06-05 06:50:30.973237
1310,ESP_NODE_04,4,4,4.0,7,2026-06-05 06:51:36.919239
1311,ESP_NODE_04,17,4,13.0,22,2026-06-05 06:52:42.994380
1312,ESP_NODE_04,3,1,2.0,3,2026-06-05 06:53:49.119513
1313,ESP_NODE_04,2,2,2.0,3,2026-06-05 06:54:55.178528
1314,ESP_NODE_04,2,2,2.0,3,2026-06-05 06:57:16.202966
1315,ESP_NODE_04,3,2,3.0,5,2026-06-05 06:58:22.066486
1316,ESP_NODE_04,0,2,2.0,3,2026-06-05 06:59:28.612136
1317,ESP_NODE_04,6,5,6.0,10,2026-06-05 07:00:34.491656
1318,ESP_NODE_04,5,5,5.0,8,2026-06-05 07:01:40.802507
1319,ESP_NODE_04,0,4,3.0,5,2026-06-05 07:03:00.925190
1320,ESP_NODE_04,1,5,4.0,7,2026-06-05 07:04:07.631250
1321,ESP_NODE_04,8,4,7.0,12,2026-06-05 07:06:28.759492
1322,ESP_NODE_04,1,5,4.0,7,2026-06-05 07:07:34.913886
1323,ESP_NODE_04,1,5,4.0,7,2026-06-05 07:08:41.049800
1324,ESP_NODE_04,0,5,4.0,7,2026-06-05 07:09:47.152530
1325,ESP_NODE_04,1,2,2.0,3,2026-06-05 07:10:53.078039
1326,ESP_NODE_04,0,4,3.0,5,2026-06-05 07:11:59.091046
1327,ESP_NODE_04,1,4,3.0,5,2026-06-05 07:13:05.238223
1328,ESP_NODE_04,2,2,2.0,3,2026-06-05 07:14:11.307758
1329,ESP_NODE_04,14,4,11.0,18,2026-06-05 07:15:17.554103
1330,ESP_NODE_04,4,6,5.0,8,2026-06-05 07:16:23.909795
1331,ESP_NODE_04,5,8,6.0,10,2026-06-05 07:17:29.988142
1332,ESP_NODE_04,1,4,3.0,5,2026-06-05 07:18:36.207777
1333,ESP_NODE_04,2,4,3.0,5,2026-06-05 07:19:42.279502
1334,ESP_NODE_04,2,5,4.0,7,2026-06-05 07:20:48.514761
1335,ESP_NODE_04,4,4,4.0,7,2026-06-05 07:21:54.295059
1336,ESP_NODE_04,0,5,4.0,7,2026-06-05 07:23:00.148022
1337,ESP_NODE_04,2,3,2.0,3,2026-06-05 07:24:06.360759
1338,ESP_NODE_04,18,5,14.0,23,2026-06-05 07:25:12.428264
1339,ESP_NODE_04,6,7,6.0,10,2026-06-05 07:26:18.657121
1340,ESP_NODE_04,8,7,8.0,13,2026-06-05 07:27:24.818884
1341,ESP_NODE_04,1,8,6.0,10,2026-06-05 07:28:31.163443
1342,ESP_NODE_04,1,7,6.0,10,2026-06-05 07:29:37.133581
1343,ESP_NODE_04,1,11,9.0,15,2026-06-05 07:30:43.144807
1344,ESP_NODE_04,0,10,8.0,13,2026-06-05 07:31:49.303959
1345,ESP_NODE_04,0,9,7.0,12,2026-06-05 07:32:55.554984
1346,ESP_NODE_04,0,8,6.0,10,2026-06-05 07:35:16.588385
1347,ESP_NODE_04,1,8,6.0,10,2026-06-05 07:36:22.827708
1348,ESP_NODE_04,1,7,6.0,10,2026-06-05 07:37:28.801146
1349,ESP_NODE_04,0,8,6.0,10,2026-06-05 07:38:34.640042
1350,ESP_NODE_04,5,7,6.0,10,2026-06-05 07:39:40.781552
1351,ESP_NODE_04,8,7,8.0,13,2026-06-05 07:40:46.749629
1352,ESP_NODE_04,2,8,6.0,10,2026-06-05 07:41:52.877947
1353,ESP_NODE_04,7,8,7.0,12,2026-06-05 07:42:59.005047
1354,ESP_NODE_04,0,7,6.0,10,2026-06-05 07:44:05.080619
1355,ESP_NODE_04,4,12,10.0,17,2026-06-05 07:45:10.844130
1356,ESP_NODE_04,1,9,7.0,12,2026-06-05 07:46:17.077628
1357,ESP_NODE_04,4,8,6.0,10,2026-06-05 07:47:23.221555
1358,ESP_NODE_04,3,8,6.0,10,2026-06-05 07:48:29.503277
1359,ESP_NODE_04,7,9,8.0,13,2026-06-05 07:49:35.701552
1360,ESP_NODE_04,5,9,7.0,12,2026-06-05 07:50:41.584022
1361,ESP_NODE_04,2,6,5.0,8,2026-06-05 07:51:47.803048
1362,ESP_NODE_04,2,7,6.0,10,2026-06-05 07:52:53.867211
1363,ESP_NODE_04,1,7,6.0,10,2026-06-05 07:55:14.970842
1364,ESP_NODE_04,6,8,7.0,12,2026-06-05 07:56:21.004050
1365,ESP_NODE_04,1,8,6.0,10,2026-06-05 07:57:27.370524
1366,ESP_NODE_04,0,8,6.0,10,2026-06-05 07:58:33.151394
1367,ESP_NODE_04,6,9,7.0,12,2026-06-05 07:59:39.359450
1368,ESP_NODE_04,23,11,19.0,32,2026-06-05 08:00:45.321791
1369,ESP_NODE_04,1,5,4.0,7,2026-06-05 08:01:51.549137
1370,ESP_NODE_04,3,5,4.0,7,2026-06-05 08:02:57.841635
1371,ESP_NODE_04,9,6,8.0,13,2026-06-05 08:04:04.083911
1372,ESP_NODE_04,5,7,6.0,10,2026-06-05 08:05:10.215964
1373,ESP_NODE_04,17,7,14.0,23,2026-06-05 08:06:16.241091
1374,ESP_NODE_04,5,4,5.0,8,2026-06-05 08:07:22.305548
1375,ESP_NODE_04,0,6,5.0,8,2026-06-05 08:08:28.573409
1376,ESP_NODE_04,19,8,16.0,27,2026-06-05 08:09:34.731355
1377,ESP_NODE_04,5,4,5.0,8,2026-06-05 08:10:40.794392
1378,ESP_NODE_04,3,4,3.0,5,2026-06-05 08:11:47.042371
1379,ESP_NODE_04,0,4,3.0,5,2026-06-05 08:12:52.805161
1380,ESP_NODE_04,1,4,3.0,5,2026-06-05 08:13:58.917976
1381,ESP_NODE_04,1,5,4.0,7,2026-06-05 08:15:04.860407
1382,ESP_NODE_04,1,4,3.0,5,2026-06-05 08:16:10.925433
1383,ESP_NODE_04,0,3,2.0,3,2026-06-05 08:18:32.149938
1384,ESP_NODE_04,0,3,2.0,3,2026-06-05 08:19:38.402839
1385,ESP_NODE_04,3,6,5.0,8,2026-06-05 08:20:44.750814
1386,ESP_NODE_04,5,7,6.0,10,2026-06-05 08:21:50.913259
1387,ESP_NODE_04,1,7,6.0,10,2026-06-05 08:22:56.685653
1388,ESP_NODE_04,9,5,8.0,13,2026-06-05 08:24:02.548567
1389,ESP_NODE_04,4,3,4.0,7,2026-06-05 08:25:08.524642
1390,ESP_NODE_04,2,4,3.0,5,2026-06-05 08:26:14.884952
1391,ESP_NODE_04,5,8,6.0,10,2026-06-05 08:27:21.047649
1392,ESP_NODE_04,3,3,3.0,5,2026-06-05 08:28:27.293539
1393,ESP_NODE_04,2,6,5.0,8,2026-06-05 08:29:33.324712
1394,ESP_NODE_04,4,10,8.0,13,2026-06-05 08:30:39.497774
1395,ESP_NODE_04,7,6,7.0,12,2026-06-05 08:31:45.726898
1396,ESP_NODE_04,2,7,6.0,10,2026-06-05 08:32:51.919190
1397,ESP_NODE_04,6,7,6.0,10,2026-06-05 08:33:58.045379
1398,ESP_NODE_04,6,13,10.0,17,2026-06-05 08:35:04.023264
1399,ESP_NODE_04,12,8,11.0,18,2026-06-05 08:36:10.065859
1400,ESP_NODE_04,10,10,10.0,17,2026-06-05 08:37:16.407105
1401,ESP_NODE_04,2,7,6.0,10,2026-06-05 08:38:22.428017
1402,ESP_NODE_04,6,7,6.0,10,2026-06-05 08:39:28.481760
1403,ESP_NODE_04,6,8,7.0,12,2026-06-05 08:40:34.550267
1404,ESP_NODE_04,6,8,7.0,12,2026-06-05 08:41:40.899262
1405,ESP_NODE_04,5,7,6.0,10,2026-06-05 08:44:02.129405
1406,ESP_NODE_04,4,6,5.0,8,2026-06-05 08:45:07.964152
1407,ESP_NODE_04,1,6,5.0,8,2026-06-05 08:46:14.059177
1408,ESP_NODE_04,6,4,5.0,8,2026-06-05 08:47:20.168002
1409,ESP_NODE_04,4,3,4.0,7,2026-06-05 08:48:26.317210
1410,ESP_NODE_04,8,4,7.0,12,2026-06-05 08:50:47.415174
1411,ESP_NODE_04,4,7,6.0,10,2026-06-05 08:51:53.435324
1412,ESP_NODE_04,5,5,5.0,8,2026-06-05 08:52:59.095897
1413,ESP_NODE_04,5,1,4.0,7,2026-06-05 08:54:05.059511
1414,ESP_NODE_04,6,2,5.0,8,2026-06-05 08:56:26.267152
1415,ESP_NODE_04,7,0,5.0,8,2026-06-05 08:57:32.304001
1416,ESP_NODE_04,1,13,10.0,17,2026-06-05 08:58:38.239522
1417,ESP_NODE_04,2,0,1.0,2,2026-06-05 08:59:44.092986
1418,ESP_NODE_04,1,2,2.0,3,2026-06-05 09:00:49.953470
1419,ESP_NODE_04,3,0,2.0,3,2026-06-05 09:01:55.983740
1420,ESP_NODE_04,3,0,2.0,3,2026-06-05 09:03:02.114536
1421,ESP_NODE_04,1,0,1.0,2,2026-06-05 09:04:08.222170
1422,ESP_NODE_04,2,2,2.0,3,2026-06-05 09:05:14.421289
1423,ESP_NODE_04,3,0,2.0,3,2026-06-05 09:06:20.745498
1424,ESP_NODE_04,2,0,1.0,2,2026-06-05 09:07:27.128372
1425,ESP_NODE_04,2,0,1.0,2,2026-06-05 09:08:33.099746
1426,ESP_NODE_04,3,0,2.0,3,2026-06-05 09:09:39.174377
1427,ESP_NODE_04,2,2,2.0,3,2026-06-05 09:10:45.444764
1428,ESP_NODE_04,2,1,2.0,3,2026-06-05 09:11:51.463156
1429,ESP_NODE_04,1,0,1.0,2,2026-06-05 09:12:57.417978
1430,ESP_NODE_04,1,0,1.0,2,2026-06-05 09:14:03.477963
1431,ESP_NODE_03,0,0,0.0,0,2026-06-05 09:15:48.940276
1432,ESP_NODE_03,2,2,2.0,1,2026-06-05 09:16:55.106913
1433,ESP_NODE_04,2,0,1.0,2,2026-06-05 09:17:39.379671
1434,ESP_NODE_03,4,1,3.0,2,2026-06-05 09:18:01.166212
1435,ESP_NODE_04,0,0,0.0,0,2026-06-05 09:18:45.391403
1436,ESP_NODE_03,0,1,1.0,1,2026-06-05 09:19:07.291724
1437,ESP_NODE_04,0,0,0.0,0,2026-06-05 09:19:51.510999
1438,ESP_NODE_03,1,1,1.0,1,2026-06-05 09:20:13.468290
1439,ESP_NODE_04,3,2,3.0,5,2026-06-05 09:20:57.747269
1440,ESP_NODE_03,2,1,2.0,1,2026-06-05 09:21:19.713654
1441,ESP_NODE_04,4,4,4.0,7,2026-06-05 09:22:03.698558
1442,ESP_NODE_03,2,1,2.0,1,2026-06-05 09:22:25.685798
1443,ESP_NODE_04,0,0,0.0,0,2026-06-05 09:23:09.980296
1444,ESP_NODE_03,5,1,4.0,3,2026-06-05 09:23:31.689882
1445,ESP_NODE_04,0,2,2.0,3,2026-06-05 09:24:17.252892
1446,ESP_NODE_03,2,1,2.0,1,2026-06-05 09:24:37.843219
1447,ESP_NODE_04,0,0,0.0,0,2026-06-05 09:25:23.919070
1448,ESP_NODE_03,5,1,4.0,3,2026-06-05 09:25:43.896310
1449,ESP_NODE_04,1,0,1.0,2,2026-06-05 09:26:29.779360
1450,ESP_NODE_03,2,2,2.0,1,2026-06-05 09:26:49.939252
1451,ESP_NODE_04,2,0,1.0,2,2026-06-05 09:27:35.957848
1452,ESP_NODE_03,2,1,2.0,1,2026-06-05 09:27:55.999475
1453,ESP_NODE_04,3,2,3.0,5,2026-06-05 09:28:42.189316
1454,ESP_NODE_03,2,2,2.0,1,2026-06-05 09:29:02.037488
1455,ESP_NODE_04,5,1,4.0,7,2026-06-05 09:29:47.905165
1456,ESP_NODE_03,2,2,2.0,1,2026-06-05 09:30:08.067103
1457,ESP_NODE_04,1,2,2.0,3,2026-06-05 09:30:54.019123
1458,ESP_NODE_03,5,1,4.0,3,2026-06-05 09:31:14.261186
1459,ESP_NODE_04,1,1,1.0,2,2026-06-05 09:32:00.220465
1460,ESP_NODE_03,3,1,2.0,1,2026-06-05 09:32:20.122068
1461,ESP_NODE_04,1,2,2.0,3,2026-06-05 09:33:06.338465
1462,ESP_NODE_03,2,1,2.0,1,2026-06-05 09:33:26.241858
1463,ESP_NODE_03,3,1,2.0,1,2026-06-05 09:34:32.393337
1464,ESP_NODE_04,1,1,1.0,2,2026-06-05 09:35:27.614970
1465,ESP_NODE_03,3,2,3.0,2,2026-06-05 09:35:38.545718
1466,ESP_NODE_04,2,2,2.0,3,2026-06-05 09:36:34.037905
1467,ESP_NODE_03,5,3,4.0,3,2026-06-05 09:36:44.324873
1468,ESP_NODE_04,1,1,1.0,2,2026-06-05 09:37:40.275621
1469,ESP_NODE_03,2,1,2.0,1,2026-06-05 09:37:50.159307
1470,ESP_NODE_04,2,1,2.0,3,2026-06-05 09:38:46.659335
1471,ESP_NODE_03,5,1,4.0,3,2026-06-05 09:38:56.190496
1472,ESP_NODE_04,4,3,4.0,7,2026-06-05 09:39:53.320035
1473,ESP_NODE_04,1,0,1.0,2,2026-06-05 09:40:59.764192
1474,ESP_NODE_03,2,1,2.0,1,2026-06-05 09:41:17.209789
1475,ESP_NODE_04,1,0,1.0,2,2026-06-05 09:42:05.709104
1476,ESP_NODE_03,2,1,2.0,1,2026-06-05 09:42:23.246787
1477,ESP_NODE_04,3,1,2.0,3,2026-06-05 09:43:11.849475
1478,ESP_NODE_03,2,2,2.0,1,2026-06-05 09:43:29.188986
1479,ESP_NODE_03,3,1,2.0,1,2026-06-05 09:44:34.962491
1480,ESP_NODE_04,7,1,5.0,8,2026-06-05 09:45:32.789318
1481,ESP_NODE_03,5,1,4.0,3,2026-06-05 09:45:41.071055
1482,ESP_NODE_04,4,2,3.0,5,2026-06-05 09:46:38.898359
1483,ESP_NODE_03,10,2,8.0,5,2026-06-05 09:46:47.235411
1484,ESP_NODE_04,3,3,3.0,5,2026-06-05 09:47:45.249703
1485,ESP_NODE_03,4,1,3.0,2,2026-06-05 09:47:53.278061
1486,ESP_NODE_04,7,3,6.0,10,2026-06-05 09:48:51.055875
1487,ESP_NODE_03,5,2,4.0,3,2026-06-05 09:48:59.331221
1488,ESP_NODE_04,2,1,2.0,3,2026-06-05 09:49:57.215077
1489,ESP_NODE_03,2,2,2.0,1,2026-06-05 09:50:05.374598
1490,ESP_NODE_04,3,2,3.0,5,2026-06-05 09:51:03.807187
1491,ESP_NODE_03,4,1,3.0,2,2026-06-05 09:51:11.241591
1492,ESP_NODE_04,2,0,1.0,2,2026-06-05 09:52:09.732174
1493,ESP_NODE_03,0,1,1.0,1,2026-06-05 09:52:17.259457
1494,ESP_NODE_04,2,0,1.0,2,2026-06-05 09:53:15.914219
1495,ESP_NODE_03,4,1,3.0,2,2026-06-05 09:53:23.430882
1496,ESP_NODE_04,2,0,1.0,2,2026-06-05 09:54:21.776801
1497,ESP_NODE_03,0,2,2.0,1,2026-06-05 09:54:29.458266
1498,ESP_NODE_04,7,0,5.0,8,2026-06-05 09:55:27.948067
1499,ESP_NODE_03,3,1,2.0,1,2026-06-05 09:55:35.137524
1500,ESP_NODE_03,0,1,1.0,1,2026-06-05 09:56:41.254702
1501,ESP_NODE_03,3,4,3.0,2,2026-06-05 09:57:47.317158
1502,ESP_NODE_04,4,1,3.0,5,2026-06-05 09:57:50.300500
1503,ESP_NODE_03,4,2,3.0,2,2026-06-05 09:58:53.387223
1504,ESP_NODE_04,5,0,4.0,7,2026-06-05 09:58:56.473399
1505,ESP_NODE_03,3,2,3.0,2,2026-06-05 09:59:59.508664
1506,ESP_NODE_04,2,0,1.0,2,2026-06-05 10:00:03.082681
1507,ESP_NODE_03,6,4,5.0,3,2026-06-05 10:01:05.676254
1508,ESP_NODE_03,10,4,8.0,5,2026-06-05 10:02:11.796729
1509,ESP_NODE_04,7,6,7.0,12,2026-06-05 10:02:27.901559
1510,ESP_NODE_03,10,3,8.0,5,2026-06-05 10:03:18.162416
1511,ESP_NODE_04,9,6,8.0,13,2026-06-05 10:03:38.257063
1512,ESP_NODE_03,13,4,10.0,7,2026-06-05 10:04:24.233608
1513,ESP_NODE_04,4,6,5.0,8,2026-06-05 10:04:46.364789
1514,ESP_NODE_03,24,16,22.0,15,2026-06-05 10:05:30.178373
1515,ESP_NODE_04,5,8,6.0,10,2026-06-05 10:06:00.631975
1516,ESP_NODE_03,36,16,30.0,20,2026-06-05 10:06:36.189289
1517,ESP_NODE_04,4,5,4.0,7,2026-06-05 10:07:06.957759
1518,ESP_NODE_03,57,26,48.0,32,2026-06-05 10:07:42.949829
1519,ESP_NODE_04,5,6,5.0,8,2026-06-05 10:08:15.746072
1520,ESP_NODE_03,59,24,48.0,32,2026-06-05 10:08:49.165974
1521,ESP_NODE_04,10,5,8.0,13,2026-06-05 10:09:28.182189
1522,ESP_NODE_03,61,23,50.0,33,2026-06-05 10:09:55.247752
1523,ESP_NODE_04,9,7,8.0,13,2026-06-05 10:10:40.260130
1524,ESP_NODE_03,21,23,22.0,15,2026-06-05 10:11:01.401208
1525,ESP_NODE_04,7,7,7.0,12,2026-06-05 10:11:50.039751
1526,ESP_NODE_03,46,31,41.0,27,2026-06-05 10:12:07.268797
1527,ESP_NODE_04,5,7,6.0,10,2026-06-05 10:12:56.993779
1528,ESP_NODE_03,38,34,37.0,25,2026-06-05 10:13:13.480414
1529,ESP_NODE_04,5,7,6.0,10,2026-06-05 10:14:05.106610
1530,ESP_NODE_03,61,32,52.0,35,2026-06-05 10:14:20.053602
1531,ESP_NODE_04,4,10,8.0,13,2026-06-05 10:15:11.191038
1532,ESP_NODE_03,82,45,71.0,47,2026-06-05 10:15:26.314692
1533,ESP_NODE_04,5,9,7.0,12,2026-06-05 10:16:17.371232
1534,ESP_NODE_03,41,35,39.0,26,2026-06-05 10:16:32.891764
1535,ESP_NODE_04,6,10,8.0,13,2026-06-05 10:17:23.433296
1536,ESP_NODE_03,39,38,39.0,26,2026-06-05 10:17:39.023906
1537,ESP_NODE_04,8,10,9.0,15,2026-06-05 10:18:30.683645
1538,ESP_NODE_03,53,42,50.0,33,2026-06-05 10:18:45.082568
1539,ESP_NODE_04,9,9,9.0,15,2026-06-05 10:19:37.184065
1540,ESP_NODE_03,81,32,66.0,44,2026-06-05 10:19:51.936517
1541,ESP_NODE_04,24,12,20.0,33,2026-06-05 10:20:43.438624
1542,ESP_NODE_03,134,30,103.0,69,2026-06-05 10:20:59.318618
1543,ESP_NODE_04,12,12,12.0,20,2026-06-05 10:21:49.364418
1544,ESP_NODE_03,74,30,61.0,41,2026-06-05 10:22:05.906029
1545,ESP_NODE_04,10,9,10.0,17,2026-06-05 10:22:55.283000
1546,ESP_NODE_03,58,33,50.0,33,2026-06-05 10:23:12.332028
1547,ESP_NODE_04,4,11,9.0,15,2026-06-05 10:24:01.730546
1548,ESP_NODE_03,54,30,47.0,31,2026-06-05 10:24:18.305545
1549,ESP_NODE_04,11,10,11.0,18,2026-06-05 10:25:07.901705
1550,ESP_NODE_03,31,32,31.0,21,2026-06-05 10:25:25.142998
1551,ESP_NODE_04,8,8,8.0,13,2026-06-05 10:26:14.151399
1552,ESP_NODE_03,68,39,59.0,39,2026-06-05 10:26:31.655877
1553,ESP_NODE_04,11,10,11.0,18,2026-06-05 10:27:24.053198
1554,ESP_NODE_03,53,43,50.0,33,2026-06-05 10:27:38.619935
1555,ESP_NODE_04,10,11,10.0,17,2026-06-05 10:28:30.722685
1556,ESP_NODE_03,91,35,74.0,49,2026-06-05 10:28:45.039142
1557,ESP_NODE_04,13,16,14.0,23,2026-06-05 10:29:41.534475
1558,ESP_NODE_03,64,41,57.0,38,2026-06-05 10:29:51.292638
1559,ESP_NODE_04,38,23,34.0,57,2026-06-05 10:30:50.480147
1560,ESP_NODE_03,32,44,36.0,24,2026-06-05 10:30:57.590785
1561,ESP_NODE_04,33,12,27.0,45,2026-06-05 10:32:01.063042
1562,ESP_NODE_03,29,30,29.0,19,2026-06-05 10:32:03.621528
1563,ESP_NODE_03,44,38,42.0,28,2026-06-05 10:33:10.218159
1564,ESP_NODE_04,10,14,11.0,18,2026-06-05 10:33:19.085060
1565,ESP_NODE_03,25,32,27.0,18,2026-06-05 10:34:16.473813
1566,ESP_NODE_04,10,14,11.0,18,2026-06-05 10:34:30.512234
1567,ESP_NODE_03,74,34,62.0,41,2026-06-05 10:35:22.848759
1568,ESP_NODE_04,24,14,21.0,35,2026-06-05 10:35:37.459463
1569,ESP_NODE_03,34,31,33.0,22,2026-06-05 10:36:29.152755
1570,ESP_NODE_04,12,10,11.0,18,2026-06-05 10:36:43.897660
1571,ESP_NODE_03,41,29,37.0,25,2026-06-05 10:37:35.906276
1572,ESP_NODE_04,3,9,7.0,12,2026-06-05 10:37:51.314642
1573,ESP_NODE_03,34,30,33.0,22,2026-06-05 10:38:42.083454
1574,ESP_NODE_04,2,9,7.0,12,2026-06-05 10:38:57.959402
1575,ESP_NODE_03,29,23,27.0,18,2026-06-05 10:39:48.228688
1576,ESP_NODE_04,15,11,14.0,23,2026-06-05 10:40:03.896206
1577,ESP_NODE_03,34,31,33.0,22,2026-06-05 10:40:54.315387
1578,ESP_NODE_04,12,12,12.0,20,2026-06-05 10:41:12.516797
1579,ESP_NODE_03,36,35,36.0,24,2026-06-05 10:42:00.449855
1580,ESP_NODE_04,12,18,14.0,23,2026-06-05 10:42:19.199433
1581,ESP_NODE_03,25,32,27.0,18,2026-06-05 10:43:06.516550
1582,ESP_NODE_04,11,11,11.0,18,2026-06-05 10:43:27.030982
1583,ESP_NODE_03,37,28,34.0,23,2026-06-05 10:44:12.562424
1584,ESP_NODE_04,5,15,12.0,20,2026-06-05 10:44:33.827250
1585,ESP_NODE_03,35,36,35.0,23,2026-06-05 10:45:18.615616
1586,ESP_NODE_04,7,11,9.0,15,2026-06-05 10:45:40.065602
1587,ESP_NODE_03,27,27,27.0,18,2026-06-05 10:46:24.672514
1588,ESP_NODE_04,4,16,13.0,22,2026-06-05 10:46:47.542974
1589,ESP_NODE_03,24,31,26.0,17,2026-06-05 10:47:30.997491
1590,ESP_NODE_04,8,12,10.0,17,2026-06-05 10:47:55.561799
1591,ESP_NODE_03,38,34,37.0,25,2026-06-05 10:48:37.342332
1592,ESP_NODE_04,17,9,15.0,25,2026-06-05 10:49:03.198639
1593,ESP_NODE_03,25,31,27.0,18,2026-06-05 10:49:43.822586
1594,ESP_NODE_04,9,9,9.0,15,2026-06-05 10:50:09.961488
1595,ESP_NODE_03,27,37,30.0,20,2026-06-05 10:50:50.045817
1596,ESP_NODE_03,18,34,27.0,18,2026-06-05 10:51:56.435085
1597,ESP_NODE_04,12,13,12.0,20,2026-06-05 10:52:31.209672
1598,ESP_NODE_03,36,31,34.0,23,2026-06-05 10:53:02.689684
1599,ESP_NODE_04,18,12,16.0,27,2026-06-05 10:53:37.282326
1600,ESP_NODE_03,24,26,25.0,17,2026-06-05 10:54:08.927139
1601,ESP_NODE_04,8,11,9.0,15,2026-06-05 10:54:43.591552
1602,ESP_NODE_03,23,23,23.0,15,2026-06-05 10:55:15.409753
1603,ESP_NODE_04,12,17,14.0,23,2026-06-05 10:55:52.411180
1604,ESP_NODE_03,22,25,23.0,15,2026-06-05 10:56:21.831428
1605,ESP_NODE_04,11,15,12.0,20,2026-06-05 10:57:00.028426
1606,ESP_NODE_03,42,19,35.0,23,2026-06-05 10:57:28.222465
1607,ESP_NODE_04,12,14,13.0,22,2026-06-05 10:58:06.895197
1608,ESP_NODE_03,25,13,21.0,14,2026-06-05 10:58:35.479854
1609,ESP_NODE_04,11,16,13.0,22,2026-06-05 10:59:15.444842
1610,ESP_NODE_03,32,10,25.0,17,2026-06-05 10:59:41.798872
1611,ESP_NODE_04,12,20,16.0,27,2026-06-05 11:00:25.326913
1612,ESP_NODE_03,18,21,19.0,13,2026-06-05 11:00:47.990493
1613,ESP_NODE_04,10,12,11.0,18,2026-06-05 11:01:34.187827
1614,ESP_NODE_03,14,17,15.0,10,2026-06-05 11:01:54.213658
1615,ESP_NODE_04,14,13,14.0,23,2026-06-05 11:02:40.604135
1616,ESP_NODE_03,17,12,15.0,10,2026-06-05 11:03:00.387795
1617,ESP_NODE_04,11,13,12.0,20,2026-06-05 11:03:50.477884
1618,ESP_NODE_03,25,17,23.0,15,2026-06-05 11:04:06.455128
1619,ESP_NODE_04,12,12,12.0,20,2026-06-05 11:04:56.907642
1620,ESP_NODE_03,17,22,18.0,12,2026-06-05 11:05:12.900445
1621,ESP_NODE_04,8,18,14.0,23,2026-06-05 11:06:06.794889
1622,ESP_NODE_03,34,16,29.0,19,2026-06-05 11:06:19.345637
1623,ESP_NODE_04,13,18,14.0,23,2026-06-05 11:07:15.474566
1624,ESP_NODE_03,16,16,16.0,11,2026-06-05 11:07:26.461902
1625,ESP_NODE_04,18,24,20.0,33,2026-06-05 11:08:21.591032
1626,ESP_NODE_03,25,23,24.0,16,2026-06-05 11:08:32.214788
1627,ESP_NODE_04,24,17,22.0,37,2026-06-05 11:09:29.999141
1628,ESP_NODE_03,21,14,19.0,13,2026-06-05 11:09:38.088324
1629,ESP_NODE_04,19,20,19.0,32,2026-06-05 11:10:42.026125
1630,ESP_NODE_03,26,12,22.0,15,2026-06-05 11:10:44.309369
1631,ESP_NODE_03,28,13,23.0,15,2026-06-05 11:11:50.460159
1632,ESP_NODE_04,17,18,17.0,28,2026-06-05 11:11:51.406341
1633,ESP_NODE_03,18,19,18.0,12,2026-06-05 11:12:56.609449
1634,ESP_NODE_04,11,15,12.0,20,2026-06-05 11:12:57.724083
1635,ESP_NODE_03,35,20,30.0,20,2026-06-05 11:14:02.272381
1636,ESP_NODE_04,11,18,14.0,23,2026-06-05 11:14:03.952242
1637,ESP_NODE_04,6,15,12.0,20,2026-06-05 11:15:10.192870
1638,ESP_NODE_03,19,19,19.0,13,2026-06-05 11:15:10.657010
1639,ESP_NODE_03,25,16,22.0,15,2026-06-05 11:16:16.697680
1640,ESP_NODE_04,7,15,12.0,20,2026-06-05 11:16:22.322068
1641,ESP_NODE_03,18,12,16.0,11,2026-06-05 11:17:22.740725
1642,ESP_NODE_04,8,13,10.0,17,2026-06-05 11:17:33.410427
1643,ESP_NODE_03,26,12,22.0,15,2026-06-05 11:18:28.734814
1644,ESP_NODE_03,24,17,22.0,15,2026-06-05 11:19:34.833246
1645,ESP_NODE_04,12,20,16.0,27,2026-06-05 11:19:59.286304
1646,ESP_NODE_03,28,16,24.0,16,2026-06-05 11:20:40.917382
1647,ESP_NODE_04,6,19,15.0,25,2026-06-05 11:21:06.279175
1648,ESP_NODE_03,30,11,24.0,16,2026-06-05 11:21:47.056204
1649,ESP_NODE_04,5,16,13.0,22,2026-06-05 11:22:14.127035
1650,ESP_NODE_03,21,13,19.0,13,2026-06-05 11:22:53.172279
1651,ESP_NODE_04,11,22,18.0,30,2026-06-05 11:23:21.293267
1652,ESP_NODE_03,27,18,24.0,16,2026-06-05 11:23:59.236165
1653,ESP_NODE_04,13,24,19.0,32,2026-06-05 11:24:28.450318
1654,ESP_NODE_03,27,15,23.0,15,2026-06-05 11:25:05.292547
1655,ESP_NODE_04,9,21,17.0,28,2026-06-05 11:25:36.060022
1656,ESP_NODE_03,23,24,23.0,15,2026-06-05 11:26:11.261265
1657,ESP_NODE_04,12,24,19.0,32,2026-06-05 11:26:42.367426
1658,ESP_NODE_03,23,21,22.0,15,2026-06-05 11:27:17.511486
1659,ESP_NODE_04,20,23,21.0,35,2026-06-05 11:27:48.879886
1660,ESP_NODE_03,21,15,19.0,13,2026-06-05 11:28:23.645556
1661,ESP_NODE_04,20,30,24.0,40,2026-06-05 11:28:55.210154
1662,ESP_NODE_03,27,19,25.0,17,2026-06-05 11:29:29.632526
1663,ESP_NODE_04,22,25,23.0,38,2026-06-05 11:30:02.777176
1664,ESP_NODE_03,21,18,20.0,13,2026-06-05 11:30:35.726098
1665,ESP_NODE_04,15,25,20.0,33,2026-06-05 11:31:09.329005
1666,ESP_NODE_03,25,24,25.0,17,2026-06-05 11:31:41.843131
1667,ESP_NODE_04,25,24,25.0,42,2026-06-05 11:32:15.805568
1668,ESP_NODE_03,28,26,27.0,18,2026-06-05 11:32:48.162096
1669,ESP_NODE_04,19,29,23.0,38,2026-06-05 11:33:22.540972
1670,ESP_NODE_03,27,26,27.0,18,2026-06-05 11:33:54.265977
1671,ESP_NODE_04,13,26,21.0,35,2026-06-05 11:34:30.744040
1672,ESP_NODE_03,47,24,40.0,27,2026-06-05 11:35:00.363682
1673,ESP_NODE_04,18,24,20.0,33,2026-06-05 11:35:37.665214
1674,ESP_NODE_03,42,27,38.0,25,2026-06-05 11:36:06.504773
1675,ESP_NODE_04,18,27,22.0,37,2026-06-05 11:36:44.544157
1676,ESP_NODE_03,35,26,32.0,21,2026-06-05 11:38:26.589313
1677,ESP_NODE_04,10,24,19.0,32,2026-06-05 11:39:06.023897
1678,ESP_NODE_03,36,29,34.0,23,2026-06-05 11:39:32.690502
1679,ESP_NODE_03,32,28,31.0,21,2026-06-05 11:40:38.716485
1680,ESP_NODE_04,17,28,22.0,37,2026-06-05 11:41:27.967068
1681,ESP_NODE_03,34,28,32.0,21,2026-06-05 11:41:45.022213
1682,ESP_NODE_03,25,26,25.0,17,2026-06-05 11:42:51.081028
1683,ESP_NODE_03,31,31,31.0,21,2026-06-05 11:43:57.213527
1684,ESP_NODE_03,34,26,32.0,21,2026-06-05 11:45:03.187027
1685,ESP_NODE_03,27,30,28.0,19,2026-06-05 11:46:09.520382
1686,ESP_NODE_03,71,19,55.0,37,2026-06-05 11:47:15.833867
1687,ESP_NODE_03,38,20,33.0,22,2026-06-05 11:48:21.949912
1688,ESP_NODE_03,49,24,42.0,28,2026-06-05 11:49:28.153889
1689,ESP_NODE_04,12,22,18.0,30,2026-06-05 11:50:06.250543
1690,ESP_NODE_03,63,36,55.0,37,2026-06-05 11:50:34.238611
1691,ESP_NODE_04,17,19,18.0,30,2026-06-05 11:51:12.640276
1692,ESP_NODE_03,58,44,54.0,36,2026-06-05 11:51:40.402619
1693,ESP_NODE_04,12,18,14.0,23,2026-06-05 11:52:19.012765
1694,ESP_NODE_03,46,47,46.0,31,2026-06-05 11:52:46.869172
1695,ESP_NODE_04,22,22,22.0,37,2026-06-05 11:53:25.224353
1696,ESP_NODE_03,72,48,65.0,43,2026-06-05 11:53:53.200049
1697,ESP_NODE_04,21,12,18.0,30,2026-06-05 11:54:31.553870
1698,ESP_NODE_03,63,43,57.0,38,2026-06-05 11:54:59.255976
1699,ESP_NODE_04,24,15,21.0,35,2026-06-05 11:55:37.789333
1700,ESP_NODE_03,37,41,38.0,25,2026-06-05 11:56:05.068807
1701,ESP_NODE_04,11,14,12.0,20,2026-06-05 11:56:48.859098
1702,ESP_NODE_03,30,43,34.0,23,2026-06-05 11:57:14.158299
1703,ESP_NODE_04,11,14,12.0,20,2026-06-05 11:57:56.031895
1704,ESP_NODE_03,58,42,53.0,35,2026-06-05 11:58:20.570796
1705,ESP_NODE_04,8,19,15.0,25,2026-06-05 11:59:03.664648
1706,ESP_NODE_03,47,41,45.0,30,2026-06-05 11:59:27.259697
1707,ESP_NODE_04,9,18,14.0,23,2026-06-05 12:00:19.437218
1708,ESP_NODE_03,51,53,52.0,35,2026-06-05 12:00:33.645383
1709,ESP_NODE_04,12,12,12.0,20,2026-06-05 12:01:35.745222
1710,ESP_NODE_03,37,58,46.0,31,2026-06-05 12:01:40.059299
1711,ESP_NODE_04,24,14,21.0,35,2026-06-05 12:02:45.128665
1712,ESP_NODE_03,52,48,51.0,34,2026-06-05 12:02:46.218687
1713,ESP_NODE_03,33,59,47.0,31,2026-06-05 12:03:53.118278
1714,ESP_NODE_04,3,14,11.0,18,2026-06-05 12:03:54.563545
1715,ESP_NODE_03,50,55,52.0,35,2026-06-05 12:04:59.457350
1716,ESP_NODE_04,20,15,18.0,30,2026-06-05 12:05:04.381724
1717,ESP_NODE_03,48,50,49.0,33,2026-06-05 12:06:05.987388
1718,ESP_NODE_04,8,15,12.0,20,2026-06-05 12:06:11.859144
1719,ESP_NODE_03,42,56,46.0,31,2026-06-05 12:07:12.338352
1720,ESP_NODE_04,11,11,11.0,18,2026-06-05 12:07:21.087049
1721,ESP_NODE_03,56,43,52.0,35,2026-06-05 12:08:24.088633
1722,ESP_NODE_04,8,14,11.0,18,2026-06-05 12:08:28.716689
1723,ESP_NODE_03,34,47,38.0,25,2026-06-05 12:09:30.386489
1724,ESP_NODE_04,14,18,15.0,25,2026-06-05 12:09:37.348306
1725,ESP_NODE_03,43,43,43.0,29,2026-06-05 12:10:36.956553
1726,ESP_NODE_04,7,18,14.0,23,2026-06-05 12:10:45.259632
1727,ESP_NODE_03,38,48,41.0,27,2026-06-05 12:11:43.007388
1728,ESP_NODE_04,10,12,11.0,18,2026-06-05 12:11:53.700596
1729,ESP_NODE_03,17,53,42.0,28,2026-06-05 12:12:48.952392
1730,ESP_NODE_04,12,13,12.0,20,2026-06-05 12:13:04.900456
1731,ESP_NODE_03,54,57,55.0,37,2026-06-05 12:13:55.082875
1732,ESP_NODE_04,6,15,12.0,20,2026-06-05 12:14:14.844664
1733,ESP_NODE_03,57,47,54.0,36,2026-06-05 12:15:01.131192
1734,ESP_NODE_04,16,19,17.0,28,2026-06-05 12:15:22.333626
1735,ESP_NODE_03,36,49,40.0,27,2026-06-05 12:16:07.553205
1736,ESP_NODE_04,21,15,19.0,32,2026-06-05 12:16:33.356235
1737,ESP_NODE_03,74,43,65.0,43,2026-06-05 12:17:13.948906
1738,ESP_NODE_04,16,15,16.0,27,2026-06-05 12:17:42.628007
1739,ESP_NODE_03,45,48,46.0,31,2026-06-05 12:18:20.485978
1740,ESP_NODE_04,27,15,23.0,38,2026-06-05 12:18:54.552739
1741,ESP_NODE_03,82,55,74.0,49,2026-06-05 12:19:26.820135
1742,ESP_NODE_03,76,45,67.0,45,2026-06-05 12:20:39.205818
1743,ESP_NODE_04,7,17,14.0,23,2026-06-05 12:21:16.315679
1744,ESP_NODE_03,93,42,78.0,52,2026-06-05 12:21:45.631838
1745,ESP_NODE_04,8,20,16.0,27,2026-06-05 12:22:23.297978
1746,ESP_NODE_03,58,42,53.0,35,2026-06-05 12:22:52.215507
1747,ESP_NODE_04,17,15,16.0,27,2026-06-05 12:23:29.356706
1748,ESP_NODE_03,63,31,53.0,35,2026-06-05 12:24:09.314394
1749,ESP_NODE_04,8,14,11.0,18,2026-06-05 12:24:35.665719
1750,ESP_NODE_03,74,34,62.0,41,2026-06-05 12:25:21.168416
1751,ESP_NODE_03,61,36,53.0,35,2026-06-05 12:26:27.384569
1752,ESP_NODE_04,14,24,19.0,32,2026-06-05 12:26:56.692489
1753,ESP_NODE_03,63,40,56.0,37,2026-06-05 12:27:33.250771
1754,ESP_NODE_03,81,31,66.0,44,2026-06-05 12:28:40.347084
1755,ESP_NODE_04,16,20,17.0,28,2026-06-05 12:29:17.714894
1756,ESP_NODE_03,52,40,48.0,32,2026-06-05 12:29:47.419884
1757,ESP_NODE_04,23,24,23.0,38,2026-06-05 12:30:23.753607
1758,ESP_NODE_03,64,42,57.0,38,2026-06-05 12:30:53.734178
1759,ESP_NODE_04,22,25,23.0,38,2026-06-05 12:31:29.717489
1760,ESP_NODE_03,50,41,47.0,31,2026-06-05 12:32:00.037338
1761,ESP_NODE_04,4,20,16.0,27,2026-06-05 12:32:35.904160
1762,ESP_NODE_03,47,37,44.0,29,2026-06-05 12:33:06.292820
1763,ESP_NODE_04,8,21,17.0,28,2026-06-05 12:33:42.451255
1764,ESP_NODE_03,25,39,31.0,21,2026-06-05 12:34:13.988328
1765,ESP_NODE_04,3,16,13.0,22,2026-06-05 12:34:48.762629
1766,ESP_NODE_03,56,41,51.0,34,2026-06-05 12:35:20.470434
1767,ESP_NODE_04,10,23,18.0,30,2026-06-05 12:35:54.796420
1768,ESP_NODE_03,45,37,43.0,29,2026-06-05 12:36:26.836148
1769,ESP_NODE_04,13,18,14.0,23,2026-06-05 12:37:01.105495
1770,ESP_NODE_03,28,40,32.0,21,2026-06-05 12:37:33.075493
1771,ESP_NODE_04,10,16,13.0,22,2026-06-05 12:38:08.500495
1772,ESP_NODE_03,33,45,37.0,25,2026-06-05 12:38:39.750834
1773,ESP_NODE_04,9,19,15.0,25,2026-06-05 12:39:16.095901
1774,ESP_NODE_03,38,47,41.0,27,2026-06-05 12:39:46.582358
1775,ESP_NODE_04,9,22,18.0,30,2026-06-05 12:40:24.699971
1776,ESP_NODE_03,62,50,58.0,39,2026-06-05 12:40:53.171668
1777,ESP_NODE_04,18,23,20.0,33,2026-06-05 12:41:31.027295
1778,ESP_NODE_03,57,38,51.0,34,2026-06-05 12:41:59.248374
1779,ESP_NODE_04,10,27,22.0,37,2026-06-05 12:42:37.235607
1780,ESP_NODE_03,67,35,57.0,38,2026-06-05 12:43:13.146745
1781,ESP_NODE_04,20,31,25.0,42,2026-06-05 12:43:43.551348
1782,ESP_NODE_04,13,29,23.0,38,2026-06-05 12:44:50.098146
1783,ESP_NODE_04,9,32,26.0,43,2026-06-05 12:45:56.567325
1784,ESP_NODE_03,68,37,59.0,39,2026-06-05 12:46:48.871186
1785,ESP_NODE_04,10,24,19.0,32,2026-06-05 12:47:03.480706
1786,ESP_NODE_03,45,38,43.0,29,2026-06-05 12:47:56.219559
1787,ESP_NODE_04,13,26,21.0,35,2026-06-05 12:48:09.898138
1788,ESP_NODE_03,127,37,100.0,67,2026-06-05 12:49:03.285059
1789,ESP_NODE_04,5,21,17.0,28,2026-06-05 12:49:16.638177
1790,ESP_NODE_03,50,42,48.0,32,2026-06-05 12:50:11.456551
1791,ESP_NODE_04,6,22,18.0,30,2026-06-05 12:50:22.880241
1792,ESP_NODE_03,52,36,47.0,31,2026-06-05 12:51:18.541016
1793,ESP_NODE_04,14,20,16.0,27,2026-06-05 12:51:30.710458
1794,ESP_NODE_03,32,39,34.0,23,2026-06-05 12:52:30.288129
1795,ESP_NODE_04,5,20,16.0,27,2026-06-05 12:52:37.557087
1796,ESP_NODE_03,32,34,33.0,22,2026-06-05 12:53:37.031119
1797,ESP_NODE_04,14,25,20.0,33,2026-06-05 12:53:44.185362
1798,ESP_NODE_03,30,40,33.0,22,2026-06-05 12:54:43.576585
1799,ESP_NODE_03,36,34,35.0,23,2026-06-05 12:55:50.425641
1800,ESP_NODE_04,9,21,17.0,28,2026-06-05 12:56:12.894415
1801,ESP_NODE_03,37,31,35.0,23,2026-06-05 12:56:56.712421
1802,ESP_NODE_04,16,20,17.0,28,2026-06-05 12:57:23.348744
1803,ESP_NODE_03,57,37,51.0,34,2026-06-05 12:58:03.379114
1804,ESP_NODE_04,6,19,15.0,25,2026-06-05 12:58:33.753831
1805,ESP_NODE_03,41,41,41.0,27,2026-06-05 12:59:09.881632
1806,ESP_NODE_04,13,17,14.0,23,2026-06-05 12:59:43.409605
1807,ESP_NODE_03,40,47,42.0,28,2026-06-05 13:00:17.803201
1808,ESP_NODE_03,48,37,45.0,30,2026-06-05 13:01:24.223974
1809,ESP_NODE_04,7,22,18.0,30,2026-06-05 13:02:08.342773
1810,ESP_NODE_03,21,33,26.0,17,2026-06-05 13:02:31.045203
1811,ESP_NODE_04,2,19,15.0,25,2026-06-05 13:03:17.692732
1812,ESP_NODE_03,29,31,30.0,20,2026-06-05 13:03:41.508566
1813,ESP_NODE_04,3,21,17.0,28,2026-06-05 13:04:25.694583
1814,ESP_NODE_03,45,49,46.0,31,2026-06-05 13:04:49.844701
1815,ESP_NODE_04,9,18,14.0,23,2026-06-05 13:05:35.321255
1816,ESP_NODE_03,51,40,48.0,32,2026-06-05 13:05:57.029080
1817,ESP_NODE_03,38,26,34.0,23,2026-06-05 13:07:05.180728
1818,ESP_NODE_04,11,16,13.0,22,2026-06-05 13:07:59.511219
1819,ESP_NODE_03,44,37,42.0,28,2026-06-05 13:08:13.548860
1820,ESP_NODE_04,20,18,19.0,32,2026-06-05 13:09:08.418322
1821,ESP_NODE_03,64,42,57.0,38,2026-06-05 13:09:22.266607
1822,ESP_NODE_03,59,43,54.0,36,2026-06-05 13:10:32.676011
1823,ESP_NODE_04,15,19,16.0,27,2026-06-05 13:11:31.255888
1824,ESP_NODE_03,38,36,37.0,25,2026-06-05 13:11:42.273211
1825,ESP_NODE_04,3,15,12.0,20,2026-06-05 13:12:37.516137
1826,ESP_NODE_03,45,42,44.0,29,2026-06-05 13:12:49.327993
1827,ESP_NODE_04,8,15,12.0,20,2026-06-05 13:13:45.428340
1828,ESP_NODE_03,30,30,30.0,20,2026-06-05 13:13:55.808342
1829,ESP_NODE_04,31,16,26.0,43,2026-06-05 13:14:51.498361
1830,ESP_NODE_03,41,48,43.0,29,2026-06-05 13:15:02.100405
1831,ESP_NODE_04,27,18,24.0,40,2026-06-05 13:15:57.916086
1832,ESP_NODE_03,59,50,56.0,37,2026-06-05 13:16:08.327746
1833,ESP_NODE_04,17,10,15.0,25,2026-06-05 13:17:04.266270
1834,ESP_NODE_03,46,37,43.0,29,2026-06-05 13:17:14.491299
1835,ESP_NODE_04,18,12,16.0,27,2026-06-05 13:18:10.694859
1836,ESP_NODE_03,52,42,49.0,33,2026-06-05 13:18:20.961187
1837,ESP_NODE_04,20,20,20.0,33,2026-06-05 13:19:16.842666
1838,ESP_NODE_03,47,48,47.0,31,2026-06-05 13:19:27.174268
1839,ESP_NODE_04,10,13,11.0,18,2026-06-05 13:20:23.114355
1840,ESP_NODE_03,56,37,50.0,33,2026-06-05 13:20:33.686420
1841,ESP_NODE_04,16,19,17.0,28,2026-06-05 13:21:29.493035
1842,ESP_NODE_03,50,36,46.0,31,2026-06-05 13:21:39.744386
1843,ESP_NODE_04,23,19,22.0,37,2026-06-05 13:22:35.610208
1844,ESP_NODE_03,57,45,53.0,35,2026-06-05 13:22:47.035428
1845,ESP_NODE_04,16,16,16.0,27,2026-06-05 13:23:41.743642
1846,ESP_NODE_03,55,51,54.0,36,2026-06-05 13:23:53.457139
1847,ESP_NODE_04,17,11,15.0,25,2026-06-05 13:24:48.098982
1848,ESP_NODE_03,42,39,41.0,27,2026-06-05 13:25:00.700156
1849,ESP_NODE_04,15,18,16.0,27,2026-06-05 13:25:54.430413
1850,ESP_NODE_03,67,46,61.0,41,2026-06-05 13:26:07.685135
1851,ESP_NODE_04,8,9,8.0,13,2026-06-05 13:27:02.335570
1852,ESP_NODE_03,59,40,53.0,35,2026-06-05 13:27:20.292120
1853,ESP_NODE_04,5,6,5.0,8,2026-06-05 13:28:08.503687
1854,ESP_NODE_03,63,42,57.0,38,2026-06-05 13:28:27.981674
1855,ESP_NODE_04,14,8,12.0,20,2026-06-05 13:29:15.772496
1856,ESP_NODE_03,43,43,43.0,29,2026-06-05 13:29:34.952316
1857,ESP_NODE_04,12,8,11.0,18,2026-06-05 13:30:25.103764
1858,ESP_NODE_03,46,50,47.0,31,2026-06-05 13:30:41.438110
1859,ESP_NODE_04,12,6,10.0,17,2026-06-05 13:31:37.957847
1860,ESP_NODE_03,61,39,54.0,36,2026-06-05 13:31:48.312472
1861,ESP_NODE_04,11,10,11.0,18,2026-06-05 13:32:50.443204
1862,ESP_NODE_03,44,40,43.0,29,2026-06-05 13:32:54.895995
1863,ESP_NODE_04,12,4,10.0,17,2026-06-05 13:33:59.554156
1864,ESP_NODE_03,33,44,36.0,24,2026-06-05 13:34:02.050109
1865,ESP_NODE_04,10,6,9.0,15,2026-06-05 13:35:07.622382
1866,ESP_NODE_03,42,56,46.0,31,2026-06-05 13:35:11.591537
1867,ESP_NODE_04,14,10,13.0,22,2026-06-05 13:36:15.850952
1868,ESP_NODE_03,86,50,75.0,50,2026-06-05 13:36:18.243638
1869,ESP_NODE_03,40,38,39.0,26,2026-06-05 13:37:25.209315
1870,ESP_NODE_04,6,10,8.0,13,2026-06-05 13:37:31.273551
1871,ESP_NODE_03,44,46,45.0,30,2026-06-05 13:38:31.155830
1872,ESP_NODE_04,7,9,8.0,13,2026-06-05 13:38:40.466127
1873,ESP_NODE_03,64,45,58.0,39,2026-06-05 13:39:37.583325
1874,ESP_NODE_04,7,8,7.0,12,2026-06-05 13:39:50.802295
1875,ESP_NODE_03,56,41,51.0,34,2026-06-05 13:40:44.118856
1876,ESP_NODE_03,38,38,38.0,25,2026-06-05 13:41:50.174460
1877,ESP_NODE_04,3,6,5.0,8,2026-06-05 13:42:21.765234
1878,ESP_NODE_04,13,8,12.0,20,2026-06-05 13:43:31.113619
1879,ESP_NODE_03,48,39,45.0,30,2026-06-05 13:44:11.338122
1880,ESP_NODE_04,8,9,8.0,13,2026-06-05 13:44:45.007075
1881,ESP_NODE_03,48,30,43.0,29,2026-06-05 13:45:18.230601
1882,ESP_NODE_04,7,14,11.0,18,2026-06-05 13:45:52.479460
1883,ESP_NODE_03,73,23,58.0,39,2026-06-05 13:46:24.319268
1884,ESP_NODE_04,3,8,6.0,10,2026-06-05 13:47:01.358011
1885,ESP_NODE_03,56,28,48.0,32,2026-06-05 13:47:30.541828
1886,ESP_NODE_03,54,37,49.0,33,2026-06-05 13:48:36.631038
1887,ESP_NODE_04,21,10,18.0,30,2026-06-05 13:49:33.419734
1888,ESP_NODE_03,72,30,59.0,39,2026-06-05 13:49:42.309820
1889,ESP_NODE_04,4,8,6.0,10,2026-06-05 13:50:43.452721
1890,ESP_NODE_03,50,32,45.0,30,2026-06-05 13:50:48.202351
1891,ESP_NODE_04,4,6,5.0,8,2026-06-05 13:51:52.298232
1892,ESP_NODE_03,56,29,48.0,32,2026-06-05 13:51:54.206876
1893,ESP_NODE_03,62,27,52.0,35,2026-06-05 13:53:00.250639
1894,ESP_NODE_04,5,7,6.0,10,2026-06-05 13:53:05.557746
1895,ESP_NODE_03,38,28,35.0,23,2026-06-05 13:54:05.904592
1896,ESP_NODE_03,29,30,29.0,19,2026-06-05 13:55:12.001663
1897,ESP_NODE_04,2,6,5.0,8,2026-06-05 13:55:31.808030
1898,ESP_NODE_03,58,30,50.0,33,2026-06-05 13:56:17.745562
1899,ESP_NODE_04,1,7,6.0,10,2026-06-05 13:56:41.464554
1900,ESP_NODE_03,43,28,38.0,25,2026-06-05 13:57:23.934853
1901,ESP_NODE_04,1,13,10.0,17,2026-06-05 13:57:55.506500
1902,ESP_NODE_03,33,26,31.0,21,2026-06-05 13:58:29.854833
1903,ESP_NODE_04,7,5,6.0,10,2026-06-05 13:59:06.909689
1904,ESP_NODE_03,30,24,28.0,19,2026-06-05 13:59:35.764877
1905,ESP_NODE_04,1,10,8.0,13,2026-06-05 14:00:13.999382
1906,ESP_NODE_03,39,33,37.0,25,2026-06-05 14:00:41.782364
1907,ESP_NODE_03,20,25,22.0,15,2026-06-05 14:01:47.558014
1908,ESP_NODE_03,35,28,33.0,22,2026-06-05 14:02:53.285485
1909,ESP_NODE_03,41,24,36.0,24,2026-06-05 14:03:59.030540
1910,ESP_NODE_04,10,8,9.0,15,2026-06-05 14:05:02.754833
1911,ESP_NODE_03,35,23,31.0,21,2026-06-05 14:05:04.956493
1912,ESP_NODE_04,8,13,10.0,17,2026-06-05 14:06:09.791246
1913,ESP_NODE_03,46,25,40.0,27,2026-06-05 14:06:10.960017
1914,ESP_NODE_04,3,12,10.0,17,2026-06-05 14:07:18.120100
1915,ESP_NODE_03,30,21,27.0,18,2026-06-05 14:07:18.208163
1916,ESP_NODE_03,46,24,39.0,26,2026-06-05 14:08:24.574561
1917,ESP_NODE_03,47,20,39.0,26,2026-06-05 14:09:30.738332
1918,ESP_NODE_04,11,14,12.0,20,2026-06-05 14:09:39.876495
1919,ESP_NODE_03,28,20,26.0,17,2026-06-05 14:10:36.925793
1920,ESP_NODE_04,6,5,6.0,10,2026-06-05 14:10:48.480416
1921,ESP_NODE_03,40,23,35.0,23,2026-06-05 14:11:43.080946
1922,ESP_NODE_03,67,23,54.0,36,2026-06-05 14:12:49.117816
1923,ESP_NODE_04,6,3,5.0,8,2026-06-05 14:13:13.150704
1924,ESP_NODE_03,76,26,61.0,41,2026-06-05 14:13:55.103564
1925,ESP_NODE_04,6,5,6.0,10,2026-06-05 14:14:19.999693
1926,ESP_NODE_03,62,20,49.0,33,2026-06-05 14:15:00.867844
1927,ESP_NODE_04,4,3,4.0,7,2026-06-05 14:15:30.032227
1928,ESP_NODE_03,70,17,54.0,36,2026-06-05 14:16:06.989575
1929,ESP_NODE_04,6,8,7.0,12,2026-06-05 14:16:43.106284
1930,ESP_NODE_03,46,24,39.0,26,2026-06-05 14:17:13.145863
1931,ESP_NODE_04,6,6,6.0,10,2026-06-05 14:17:49.649062
1932,ESP_NODE_03,60,20,48.0,32,2026-06-05 14:18:20.750622
1933,ESP_NODE_04,14,6,12.0,20,2026-06-05 14:18:55.778183
1934,ESP_NODE_03,30,16,26.0,17,2026-06-05 14:19:26.799120
1935,ESP_NODE_04,6,7,6.0,10,2026-06-05 14:20:02.316183
1936,ESP_NODE_03,45,20,38.0,25,2026-06-05 14:20:32.633516
1937,ESP_NODE_04,4,10,8.0,13,2026-06-05 14:21:16.707676
1938,ESP_NODE_03,72,16,55.0,37,2026-06-05 14:21:38.760647
1939,ESP_NODE_04,4,8,6.0,10,2026-06-05 14:22:25.036594
1940,ESP_NODE_03,81,18,62.0,41,2026-06-05 14:22:44.525334
1941,ESP_NODE_04,5,5,5.0,8,2026-06-05 14:23:31.798582
1942,ESP_NODE_03,62,15,48.0,32,2026-06-05 14:23:50.294395
1943,ESP_NODE_04,7,9,8.0,13,2026-06-05 14:24:39.011338
1944,ESP_NODE_03,37,16,31.0,21,2026-06-05 14:24:56.388394
1945,ESP_NODE_04,8,8,8.0,13,2026-06-05 14:25:45.474135
1946,ESP_NODE_03,40,16,33.0,22,2026-06-05 14:26:02.433567
1947,ESP_NODE_04,4,8,6.0,10,2026-06-05 14:26:52.585999
1948,ESP_NODE_03,38,15,31.0,21,2026-06-05 14:27:08.200617
1949,ESP_NODE_04,9,10,9.0,15,2026-06-05 14:28:01.184119
1950,ESP_NODE_03,25,14,22.0,15,2026-06-05 14:28:14.097152
1951,ESP_NODE_04,14,14,14.0,23,2026-06-05 14:29:09.616335
1952,ESP_NODE_03,31,14,26.0,17,2026-06-05 14:29:20.021125
1953,ESP_NODE_04,5,17,14.0,23,2026-06-05 14:30:17.078775
1954,ESP_NODE_03,57,16,45.0,30,2026-06-05 14:30:26.192653
1955,ESP_NODE_04,9,11,10.0,17,2026-06-05 14:31:23.337430
1956,ESP_NODE_03,96,17,72.0,48,2026-06-05 14:31:32.379746
1957,ESP_NODE_04,5,9,7.0,12,2026-06-05 14:32:29.784715
1958,ESP_NODE_03,83,16,63.0,42,2026-06-05 14:32:38.221222
1959,ESP_NODE_04,8,9,8.0,13,2026-06-05 14:33:36.860498
1960,ESP_NODE_03,82,19,63.0,42,2026-06-05 14:33:44.397461
1961,ESP_NODE_04,13,15,14.0,23,2026-06-05 14:34:43.160842
1962,ESP_NODE_03,81,19,62.0,41,2026-06-05 14:34:53.330756
1963,ESP_NODE_04,6,16,13.0,22,2026-06-05 14:35:50.176703
1964,ESP_NODE_03,44,14,35.0,23,2026-06-05 14:36:00.332098
1965,ESP_NODE_04,10,15,12.0,20,2026-06-05 14:36:56.705170
1966,ESP_NODE_03,52,14,41.0,27,2026-06-05 14:37:07.796561
1967,ESP_NODE_04,11,17,14.0,23,2026-06-05 14:38:04.438884
1968,ESP_NODE_03,44,13,35.0,23,2026-06-05 14:38:14.315141
1969,ESP_NODE_03,69,15,53.0,35,2026-06-05 14:39:20.678414
1970,ESP_NODE_03,56,19,45.0,30,2026-06-05 14:40:26.991590
1971,ESP_NODE_04,12,16,13.0,22,2026-06-05 14:40:27.007960
1972,ESP_NODE_03,31,18,27.0,18,2026-06-05 14:41:32.874732
1973,ESP_NODE_04,16,14,15.0,25,2026-06-05 14:41:34.916516
1974,ESP_NODE_03,40,23,35.0,23,2026-06-05 14:42:38.712291
1975,ESP_NODE_04,9,14,11.0,18,2026-06-05 14:42:41.125890
1976,ESP_NODE_03,55,18,44.0,29,2026-06-05 14:43:45.587997
1977,ESP_NODE_04,10,16,13.0,22,2026-06-05 14:43:47.361947
1978,ESP_NODE_03,32,17,28.0,19,2026-06-05 14:44:52.666780
1979,ESP_NODE_04,8,17,14.0,23,2026-06-05 14:44:53.587723
1980,ESP_NODE_03,56,20,45.0,30,2026-06-05 14:45:58.813827
1981,ESP_NODE_04,15,28,22.0,37,2026-06-05 14:45:59.458876
1982,ESP_NODE_03,37,16,31.0,21,2026-06-05 14:47:04.803486
1983,ESP_NODE_04,8,10,9.0,15,2026-06-05 14:47:05.385958
1984,ESP_NODE_03,32,13,26.0,17,2026-06-05 14:48:10.975234
1985,ESP_NODE_04,12,14,13.0,22,2026-06-05 14:48:11.277909
1986,ESP_NODE_03,18,16,17.0,11,2026-06-05 14:49:16.724655
1987,ESP_NODE_04,13,8,12.0,20,2026-06-05 14:49:16.829855
1988,ESP_NODE_03,22,14,20.0,13,2026-06-05 14:50:22.771574
1989,ESP_NODE_04,12,9,11.0,18,2026-06-05 14:50:22.846715
1990,ESP_NODE_03,44,24,38.0,25,2026-06-05 14:51:28.445942
1991,ESP_NODE_03,30,19,27.0,18,2026-06-05 14:52:34.411629
1992,ESP_NODE_03,20,15,18.0,12,2026-06-05 14:53:40.249095
1993,ESP_NODE_04,12,8,11.0,18,2026-06-05 14:53:58.698079
1994,ESP_NODE_03,36,12,29.0,19,2026-06-05 14:54:46.200702
1995,ESP_NODE_04,1,8,6.0,10,2026-06-05 14:55:04.662000
1996,ESP_NODE_03,28,20,26.0,17,2026-06-05 14:55:52.231136
1997,ESP_NODE_04,6,7,6.0,10,2026-06-05 14:56:10.658533
1998,ESP_NODE_03,27,15,23.0,15,2026-06-05 14:56:58.890735
1999,ESP_NODE_04,4,10,8.0,13,2026-06-05 14:57:16.470254
2000,ESP_NODE_03,28,17,25.0,17,2026-06-05 14:58:04.853203
2001,ESP_NODE_03,30,17,26.0,17,2026-06-05 14:59:10.840642
2002,ESP_NODE_04,3,11,9.0,15,2026-06-05 14:59:37.406870
2003,ESP_NODE_03,17,14,16.0,11,2026-06-05 15:00:16.683635
2004,ESP_NODE_03,30,18,26.0,17,2026-06-05 15:01:23.426843
2005,ESP_NODE_04,11,6,10.0,17,2026-06-05 15:01:58.387688
2006,ESP_NODE_03,26,18,24.0,16,2026-06-05 15:02:30.006900
2007,ESP_NODE_04,8,10,9.0,15,2026-06-05 15:03:04.020037
2008,ESP_NODE_03,27,12,22.0,15,2026-06-05 15:03:36.515117
2009,ESP_NODE_04,4,9,7.0,12,2026-06-05 15:04:10.146396
2010,ESP_NODE_03,19,22,20.0,13,2026-06-05 15:04:42.630740
2011,ESP_NODE_04,4,6,5.0,8,2026-06-05 15:05:16.202803
2012,ESP_NODE_03,23,19,22.0,15,2026-06-05 15:05:48.780046
2013,ESP_NODE_04,3,8,6.0,10,2026-06-05 15:06:22.687634
2014,ESP_NODE_03,25,20,24.0,16,2026-06-05 15:06:54.909265
2015,ESP_NODE_04,7,5,6.0,10,2026-06-05 15:07:28.583369
2016,ESP_NODE_03,15,17,16.0,11,2026-06-05 15:08:00.899100
2017,ESP_NODE_04,5,11,9.0,15,2026-06-05 15:08:34.278596
2018,ESP_NODE_03,20,16,19.0,13,2026-06-05 15:09:08.527603
2019,ESP_NODE_04,4,8,6.0,10,2026-06-05 15:09:40.284970
2020,ESP_NODE_03,25,18,23.0,15,2026-06-05 15:10:14.634237
2021,ESP_NODE_04,6,12,10.0,17,2026-06-05 15:10:46.407968
2022,ESP_NODE_03,20,13,18.0,12,2026-06-05 15:11:20.743341
2023,ESP_NODE_04,1,10,8.0,13,2026-06-05 15:11:52.486723
2024,ESP_NODE_03,31,15,26.0,17,2026-06-05 15:12:26.427350
2025,ESP_NODE_04,10,10,10.0,17,2026-06-05 15:13:11.743264
2026,ESP_NODE_03,8,20,16.0,11,2026-06-05 15:13:32.283111
2027,ESP_NODE_04,39,10,30.0,50,2026-06-05 15:14:17.710122
2028,ESP_NODE_03,20,12,18.0,12,2026-06-05 15:14:38.494449
2029,ESP_NODE_04,16,10,14.0,23,2026-06-05 15:15:23.726982
2030,ESP_NODE_03,16,15,16.0,11,2026-06-05 15:15:44.421805
2031,ESP_NODE_04,6,10,8.0,13,2026-06-05 15:16:29.508055
2032,ESP_NODE_03,37,10,29.0,19,2026-06-05 15:16:50.614958
2033,ESP_NODE_04,6,11,9.0,15,2026-06-05 15:17:35.622398
2034,ESP_NODE_03,17,16,17.0,11,2026-06-05 15:17:56.741390
2035,ESP_NODE_04,4,10,8.0,13,2026-06-05 15:18:41.615588
2036,ESP_NODE_03,22,9,18.0,12,2026-06-05 15:19:02.589348
2037,ESP_NODE_04,5,9,7.0,12,2026-06-05 15:19:47.668963
2038,ESP_NODE_03,27,9,22.0,15,2026-06-05 15:20:08.270614
2039,ESP_NODE_04,8,13,10.0,17,2026-06-05 15:20:53.641377
2040,ESP_NODE_03,15,8,13.0,9,2026-06-05 15:21:14.302449
2041,ESP_NODE_04,4,11,9.0,15,2026-06-05 15:21:59.223953
2042,ESP_NODE_03,27,8,21.0,14,2026-06-05 15:22:20.253195
2043,ESP_NODE_04,12,13,12.0,20,2026-06-05 15:23:04.861873
2044,ESP_NODE_03,16,10,14.0,9,2026-06-05 15:23:26.177310
2045,ESP_NODE_04,10,12,11.0,18,2026-06-05 15:24:10.632191
2046,ESP_NODE_03,15,11,14.0,9,2026-06-05 15:24:31.862159
2047,ESP_NODE_04,10,11,10.0,17,2026-06-05 15:25:16.782117
2048,ESP_NODE_03,14,11,13.0,9,2026-06-05 15:25:37.672644
2049,ESP_NODE_04,6,12,10.0,17,2026-06-05 15:26:34.160572
2050,ESP_NODE_03,14,12,13.0,9,2026-06-05 15:26:43.532237
2051,ESP_NODE_04,19,9,16.0,27,2026-06-05 15:27:40.222115
2052,ESP_NODE_03,16,13,15.0,10,2026-06-05 15:27:49.675119
2053,ESP_NODE_04,13,8,12.0,20,2026-06-05 15:28:46.263777
2054,ESP_NODE_03,20,10,17.0,11,2026-06-05 15:28:56.107907
2055,ESP_NODE_04,11,10,11.0,18,2026-06-05 15:29:52.093240
2056,ESP_NODE_03,29,10,23.0,15,2026-06-05 15:30:02.054968
2057,ESP_NODE_04,11,13,12.0,20,2026-06-05 15:30:58.006776
2058,ESP_NODE_03,23,11,19.0,13,2026-06-05 15:31:07.968829
2059,ESP_NODE_04,16,7,13.0,22,2026-06-05 15:32:03.757092
2060,ESP_NODE_03,27,10,22.0,15,2026-06-05 15:32:13.947217
2061,ESP_NODE_04,9,11,10.0,17,2026-06-05 15:33:09.941448
2062,ESP_NODE_03,18,5,14.0,9,2026-06-05 15:33:19.706864
2063,ESP_NODE_04,5,10,8.0,13,2026-06-05 15:34:16.016492
2064,ESP_NODE_03,12,12,12.0,8,2026-06-05 15:34:25.453718
2065,ESP_NODE_04,6,13,10.0,17,2026-06-05 15:35:22.035052
2066,ESP_NODE_03,20,10,17.0,11,2026-06-05 15:35:31.471965
2067,ESP_NODE_04,9,12,10.0,17,2026-06-05 15:36:27.570647
2068,ESP_NODE_03,13,8,12.0,8,2026-06-05 15:36:37.433023
2069,ESP_NODE_04,9,10,9.0,15,2026-06-05 15:37:33.434462
2070,ESP_NODE_03,24,12,20.0,13,2026-06-05 15:37:43.384074
2071,ESP_NODE_04,3,9,7.0,12,2026-06-05 15:38:39.018769
2072,ESP_NODE_03,43,12,34.0,23,2026-06-05 15:38:49.405210
2073,ESP_NODE_04,5,9,7.0,12,2026-06-05 15:39:44.909916
2074,ESP_NODE_03,20,12,18.0,12,2026-06-05 15:39:55.422024
2075,ESP_NODE_04,8,11,9.0,15,2026-06-05 15:40:51.045695
2076,ESP_NODE_03,29,10,23.0,15,2026-06-05 15:41:01.361561
2077,ESP_NODE_04,6,10,8.0,13,2026-06-05 15:41:56.985080
2078,ESP_NODE_03,27,7,21.0,14,2026-06-05 15:42:07.285311
2079,ESP_NODE_04,9,11,10.0,17,2026-06-05 15:43:02.656533
2080,ESP_NODE_03,25,7,20.0,13,2026-06-05 15:43:14.671866
2081,ESP_NODE_04,13,12,13.0,22,2026-06-05 15:44:08.420513
2082,ESP_NODE_03,26,6,20.0,13,2026-06-05 15:44:21.031812
2083,ESP_NODE_04,9,7,8.0,13,2026-06-05 15:45:14.527194
2084,ESP_NODE_03,41,9,31.0,21,2026-06-05 15:45:27.504774
2085,ESP_NODE_04,6,10,8.0,13,2026-06-05 15:46:20.517693
2086,ESP_NODE_03,23,12,20.0,13,2026-06-05 15:46:34.218287
2087,ESP_NODE_04,3,11,9.0,15,2026-06-05 15:47:26.355323
2088,ESP_NODE_03,38,8,29.0,19,2026-06-05 15:47:40.661195
2089,ESP_NODE_04,4,10,8.0,13,2026-06-05 15:48:32.265501
2090,ESP_NODE_03,73,6,53.0,35,2026-06-05 15:48:46.638584
2091,ESP_NODE_04,6,7,6.0,10,2026-06-05 15:49:38.336825
2092,ESP_NODE_03,66,10,49.0,33,2026-06-05 15:49:52.869683
2093,ESP_NODE_04,9,8,9.0,15,2026-06-05 15:50:44.171700
2094,ESP_NODE_03,46,10,35.0,23,2026-06-05 15:51:00.636050
2095,ESP_NODE_04,4,5,4.0,7,2026-06-05 15:51:50.719732
2096,ESP_NODE_03,17,9,15.0,10,2026-06-05 15:52:06.781662
2097,ESP_NODE_04,6,9,7.0,12,2026-06-05 15:52:57.042047
2098,ESP_NODE_03,26,14,22.0,15,2026-06-05 15:53:13.486751
2099,ESP_NODE_04,9,11,10.0,17,2026-06-05 15:54:03.083784
2100,ESP_NODE_03,20,13,18.0,12,2026-06-05 15:54:19.537023
2101,ESP_NODE_04,8,9,8.0,13,2026-06-05 15:55:09.295581
2102,ESP_NODE_03,53,11,40.0,27,2026-06-05 15:55:25.245437
2103,ESP_NODE_04,8,11,9.0,15,2026-06-05 15:56:14.901024
2104,ESP_NODE_03,34,7,26.0,17,2026-06-05 15:56:31.404853
2105,ESP_NODE_04,9,10,9.0,15,2026-06-05 15:57:20.598864
2106,ESP_NODE_03,35,16,29.0,19,2026-06-05 15:57:37.460783
2107,ESP_NODE_04,9,8,9.0,15,2026-06-05 15:58:26.641831
2108,ESP_NODE_03,22,12,19.0,13,2026-06-05 15:58:43.136107
2109,ESP_NODE_04,5,7,6.0,10,2026-06-05 15:59:32.842217
2110,ESP_NODE_03,47,14,37.0,25,2026-06-05 15:59:48.989479
2111,ESP_NODE_04,5,15,12.0,20,2026-06-05 16:00:38.894635
2112,ESP_NODE_03,32,14,27.0,18,2026-06-05 16:00:55.086253
2113,ESP_NODE_04,7,10,8.0,13,2026-06-05 16:01:44.665493
2114,ESP_NODE_03,14,11,13.0,9,2026-06-05 16:02:00.979586
2115,ESP_NODE_04,9,10,9.0,15,2026-06-05 16:02:50.717769
2116,ESP_NODE_03,18,15,17.0,11,2026-06-05 16:03:07.084078
2117,ESP_NODE_04,12,6,10.0,17,2026-06-05 16:03:56.915770
2118,ESP_NODE_03,18,17,18.0,12,2026-06-05 16:04:13.135193
2119,ESP_NODE_03,34,19,29.0,19,2026-06-05 16:05:19.319870
2120,ESP_NODE_03,48,9,36.0,24,2026-06-05 16:06:25.412690
2121,ESP_NODE_03,52,9,39.0,26,2026-06-05 16:07:31.377416
2122,ESP_NODE_04,10,13,11.0,18,2026-06-05 16:07:32.539752
2123,ESP_NODE_03,30,9,24.0,16,2026-06-05 16:08:37.551480
2124,ESP_NODE_04,4,10,8.0,13,2026-06-05 16:08:38.417485
2125,ESP_NODE_03,62,11,47.0,31,2026-06-05 16:09:43.809728
2126,ESP_NODE_04,9,12,10.0,17,2026-06-05 16:09:44.154254
2127,ESP_NODE_03,52,8,39.0,26,2026-06-05 16:10:50.057841
2128,ESP_NODE_04,11,18,14.0,23,2026-06-05 16:10:50.072521
2129,ESP_NODE_04,7,13,10.0,17,2026-06-05 16:11:56.005680
2130,ESP_NODE_03,30,9,24.0,16,2026-06-05 16:11:56.092414
2131,ESP_NODE_03,16,8,14.0,9,2026-06-05 16:13:02.043867
2132,ESP_NODE_04,8,17,14.0,23,2026-06-05 16:13:02.230801
2133,ESP_NODE_04,10,20,16.0,27,2026-06-05 16:14:07.958197
2134,ESP_NODE_03,29,11,24.0,16,2026-06-05 16:14:08.083708
2135,ESP_NODE_04,4,19,15.0,25,2026-06-05 16:15:14.003954
2136,ESP_NODE_03,13,8,12.0,8,2026-06-05 16:15:14.054046
2137,ESP_NODE_04,11,17,14.0,23,2026-06-05 16:16:19.771815
2138,ESP_NODE_03,26,15,23.0,15,2026-06-05 16:16:20.281989
2139,ESP_NODE_04,10,15,12.0,20,2026-06-05 16:17:25.642047
2140,ESP_NODE_03,11,10,11.0,7,2026-06-05 16:17:26.063214
2141,ESP_NODE_04,14,14,14.0,23,2026-06-05 16:18:31.571842
2142,ESP_NODE_03,45,13,35.0,23,2026-06-05 16:18:31.946338
2143,ESP_NODE_04,4,12,10.0,17,2026-06-05 16:19:37.318659
2144,ESP_NODE_03,37,11,29.0,19,2026-06-05 16:19:37.900823
2145,ESP_NODE_04,6,10,8.0,13,2026-06-05 16:20:43.100535
2146,ESP_NODE_03,37,13,30.0,20,2026-06-05 16:20:43.928400
2147,ESP_NODE_04,6,13,10.0,17,2026-06-05 16:21:48.657488
2148,ESP_NODE_03,61,17,48.0,32,2026-06-05 16:21:49.781845
2149,ESP_NODE_04,19,13,17.0,28,2026-06-05 16:22:54.604218
2150,ESP_NODE_03,23,15,21.0,14,2026-06-05 16:22:55.805166
2151,ESP_NODE_04,12,12,12.0,20,2026-06-05 16:24:00.395150
2152,ESP_NODE_03,26,14,22.0,15,2026-06-05 16:24:02.069190
2153,ESP_NODE_04,18,15,17.0,28,2026-06-05 16:25:06.315891
2154,ESP_NODE_03,53,16,42.0,28,2026-06-05 16:25:08.035076
2155,ESP_NODE_04,3,14,11.0,18,2026-06-05 16:26:12.355125
2156,ESP_NODE_03,27,13,23.0,15,2026-06-05 16:26:14.194898
2157,ESP_NODE_03,20,16,19.0,13,2026-06-05 16:27:20.049090
2158,ESP_NODE_03,37,20,32.0,21,2026-06-05 16:28:26.056318
2159,ESP_NODE_04,12,12,12.0,20,2026-06-05 16:28:33.248144
2160,ESP_NODE_03,30,19,27.0,18,2026-06-05 16:29:32.240644
2161,ESP_NODE_04,13,14,13.0,22,2026-06-05 16:29:39.104981
2162,ESP_NODE_03,24,17,22.0,15,2026-06-05 16:30:38.493758
2163,ESP_NODE_04,21,23,22.0,37,2026-06-05 16:30:45.115522
2164,ESP_NODE_03,26,17,23.0,15,2026-06-05 16:31:44.158178
2165,ESP_NODE_04,19,18,19.0,32,2026-06-05 16:31:50.976402
2166,ESP_NODE_03,24,14,21.0,14,2026-06-05 16:32:50.249445
2167,ESP_NODE_04,12,18,14.0,23,2026-06-05 16:32:56.687141
2168,ESP_NODE_03,29,18,26.0,17,2026-06-05 16:33:56.392061
2169,ESP_NODE_04,9,17,14.0,23,2026-06-05 16:34:02.604425
2170,ESP_NODE_03,14,17,15.0,10,2026-06-05 16:35:02.178006
2171,ESP_NODE_04,11,18,14.0,23,2026-06-05 16:35:08.851474
2172,ESP_NODE_03,35,20,30.0,20,2026-06-05 16:36:07.952978
2173,ESP_NODE_03,34,16,29.0,19,2026-06-05 16:37:14.146354
2174,ESP_NODE_04,5,18,14.0,23,2026-06-05 16:37:29.949737
2175,ESP_NODE_03,26,17,23.0,15,2026-06-05 16:38:20.048791
2176,ESP_NODE_04,7,15,12.0,20,2026-06-05 16:38:36.005258
2177,ESP_NODE_03,14,15,14.0,9,2026-06-05 16:39:26.619313
2178,ESP_NODE_04,14,16,15.0,25,2026-06-05 16:39:42.053521
2179,ESP_NODE_03,30,20,27.0,18,2026-06-05 16:40:32.843351
2180,ESP_NODE_04,9,19,15.0,25,2026-06-05 16:40:48.080779
2181,ESP_NODE_03,14,13,14.0,9,2026-06-05 16:41:38.799156
2182,ESP_NODE_04,10,16,13.0,22,2026-06-05 16:41:53.941260
2183,ESP_NODE_03,30,14,25.0,17,2026-06-05 16:42:45.051154
2184,ESP_NODE_04,16,19,17.0,28,2026-06-05 16:42:59.979891
2185,ESP_NODE_03,15,20,16.0,11,2026-06-05 16:43:51.308091
2186,ESP_NODE_04,17,17,17.0,28,2026-06-05 16:44:05.935841
2187,ESP_NODE_03,20,17,19.0,13,2026-06-05 16:44:57.386691
2188,ESP_NODE_04,12,14,13.0,22,2026-06-05 16:45:11.508083
2189,ESP_NODE_03,13,21,17.0,11,2026-06-05 16:46:03.800208
2190,ESP_NODE_03,12,16,13.0,9,2026-06-05 16:47:09.940735
2191,ESP_NODE_04,17,17,17.0,28,2026-06-05 16:47:32.079896
2192,ESP_NODE_03,8,16,13.0,9,2026-06-05 16:48:15.977745
2193,ESP_NODE_04,24,13,21.0,35,2026-06-05 16:48:38.087100
2194,ESP_NODE_03,24,18,22.0,15,2026-06-05 16:49:22.349539
2195,ESP_NODE_04,9,13,10.0,17,2026-06-05 16:49:44.140878
2196,ESP_NODE_03,16,16,16.0,11,2026-06-05 16:50:28.130551
2197,ESP_NODE_04,25,14,22.0,37,2026-06-05 16:50:50.272944
2198,ESP_NODE_03,22,18,21.0,14,2026-06-05 16:51:34.157026
2199,ESP_NODE_04,13,11,12.0,20,2026-06-05 16:51:56.168121
2200,ESP_NODE_03,17,12,15.0,10,2026-06-05 16:52:40.105316
2201,ESP_NODE_04,7,11,9.0,15,2026-06-05 16:53:01.713312
2202,ESP_NODE_03,19,18,19.0,13,2026-06-05 16:53:46.232096
2203,ESP_NODE_04,13,16,14.0,23,2026-06-05 16:54:07.636806
2204,ESP_NODE_03,9,17,14.0,9,2026-06-05 16:54:52.480876
2205,ESP_NODE_04,23,17,21.0,35,2026-06-05 16:55:13.322780
2206,ESP_NODE_03,18,21,19.0,13,2026-06-05 16:55:58.676408
2207,ESP_NODE_04,14,13,14.0,23,2026-06-05 16:56:18.928329
2208,ESP_NODE_03,11,22,18.0,12,2026-06-05 16:57:04.409683
2209,ESP_NODE_04,9,13,10.0,17,2026-06-05 16:57:24.947130
2210,ESP_NODE_03,9,17,14.0,9,2026-06-05 16:58:10.428216
2211,ESP_NODE_03,9,15,12.0,8,2026-06-05 16:59:16.695820
2212,ESP_NODE_04,6,14,11.0,18,2026-06-05 16:59:45.871087
2213,ESP_NODE_03,19,24,20.0,13,2026-06-05 17:00:22.948260
2214,ESP_NODE_04,10,14,11.0,18,2026-06-05 17:00:51.625839
2215,ESP_NODE_03,9,18,14.0,9,2026-06-05 17:01:28.996739
2216,ESP_NODE_04,16,13,15.0,25,2026-06-05 17:01:57.848189
2217,ESP_NODE_03,7,18,14.0,9,2026-06-05 17:02:34.763542
2218,ESP_NODE_04,9,15,12.0,20,2026-06-05 17:03:03.630149
2219,ESP_NODE_03,13,14,13.0,9,2026-06-05 17:03:40.878619
2220,ESP_NODE_04,13,14,13.0,22,2026-06-05 17:04:09.647978
2221,ESP_NODE_03,11,15,12.0,8,2026-06-05 17:04:47.175342
2222,ESP_NODE_04,5,15,12.0,20,2026-06-05 17:05:15.597710
2223,ESP_NODE_03,14,11,13.0,9,2026-06-05 17:05:53.275758
2224,ESP_NODE_04,13,18,14.0,23,2026-06-05 17:06:21.662953
2225,ESP_NODE_03,16,14,15.0,10,2026-06-05 17:06:59.537633
2226,ESP_NODE_04,8,15,12.0,20,2026-06-05 17:07:27.431069
2227,ESP_NODE_03,12,13,12.0,8,2026-06-05 17:08:05.484448
2228,ESP_NODE_04,4,15,12.0,20,2026-06-05 17:08:33.339242
2229,ESP_NODE_03,17,15,16.0,11,2026-06-05 17:09:11.148603
2230,ESP_NODE_04,3,15,12.0,20,2026-06-05 17:09:39.005329
2231,ESP_NODE_03,26,15,23.0,15,2026-06-05 17:10:17.063731
2232,ESP_NODE_04,7,13,10.0,17,2026-06-05 17:10:45.944500
2233,ESP_NODE_03,10,8,9.0,6,2026-06-05 17:11:23.228052
2234,ESP_NODE_03,10,10,10.0,7,2026-06-05 17:12:29.228721
2235,ESP_NODE_04,6,16,13.0,22,2026-06-05 17:13:06.921156
2236,ESP_NODE_03,20,12,18.0,12,2026-06-05 17:13:35.215255
2237,ESP_NODE_04,6,16,13.0,22,2026-06-05 17:14:12.918449
2238,ESP_NODE_03,13,12,13.0,9,2026-06-05 17:14:40.978357
2239,ESP_NODE_03,11,14,12.0,8,2026-06-05 17:15:47.113744
2240,ESP_NODE_04,4,14,11.0,18,2026-06-05 17:16:33.967696
2241,ESP_NODE_03,15,16,15.0,10,2026-06-05 17:16:52.954699
2242,ESP_NODE_04,5,16,13.0,22,2026-06-05 17:17:40.071592
2243,ESP_NODE_03,24,15,21.0,14,2026-06-05 17:17:58.627070
2244,ESP_NODE_04,2,18,14.0,23,2026-06-05 17:18:45.970676
2245,ESP_NODE_03,13,14,13.0,9,2026-06-05 17:19:04.539664
2246,ESP_NODE_04,3,16,13.0,22,2026-06-05 17:19:51.952047
2247,ESP_NODE_03,29,16,25.0,17,2026-06-05 17:20:10.312244
2248,ESP_NODE_04,10,17,14.0,23,2026-06-05 17:20:58.026607
2249,ESP_NODE_03,24,15,21.0,14,2026-06-05 17:21:17.173195
2250,ESP_NODE_04,10,14,11.0,18,2026-06-05 17:22:04.184560
2251,ESP_NODE_03,26,12,22.0,15,2026-06-05 17:22:22.809765
2252,ESP_NODE_04,3,16,13.0,22,2026-06-05 17:23:10.080819
2253,ESP_NODE_03,26,20,24.0,16,2026-06-05 17:23:32.485532
2254,ESP_NODE_04,5,14,11.0,18,2026-06-05 17:24:16.077539
2255,ESP_NODE_03,18,14,17.0,11,2026-06-05 17:24:38.145243
2256,ESP_NODE_03,17,10,15.0,10,2026-06-05 17:25:43.989236
2257,ESP_NODE_04,10,14,11.0,18,2026-06-05 17:26:37.054201
2258,ESP_NODE_03,23,10,19.0,13,2026-06-05 17:26:49.841270
2259,ESP_NODE_04,4,18,14.0,23,2026-06-05 17:27:43.123785
2260,ESP_NODE_03,8,13,10.0,7,2026-06-05 17:27:55.801287
2261,ESP_NODE_04,7,17,14.0,23,2026-06-05 17:28:49.250223
2262,ESP_NODE_03,24,15,21.0,14,2026-06-05 17:29:01.458561
2263,ESP_NODE_04,7,18,14.0,23,2026-06-05 17:29:54.915115
2264,ESP_NODE_03,21,11,18.0,12,2026-06-05 17:30:07.259299
2265,ESP_NODE_04,15,9,13.0,22,2026-06-05 17:31:01.024308
2266,ESP_NODE_03,23,17,21.0,14,2026-06-05 17:31:13.203397
2267,ESP_NODE_04,7,11,9.0,15,2026-06-05 17:32:07.080877
2268,ESP_NODE_03,25,16,22.0,15,2026-06-05 17:32:19.050026
2269,ESP_NODE_04,7,15,12.0,20,2026-06-05 17:33:13.106772
2270,ESP_NODE_03,15,13,14.0,9,2026-06-05 17:33:25.091355
2271,ESP_NODE_04,12,15,13.0,22,2026-06-05 17:34:19.568542
2272,ESP_NODE_03,25,13,21.0,14,2026-06-05 17:34:30.870721
2273,ESP_NODE_04,11,14,12.0,20,2026-06-05 17:35:25.280269
2274,ESP_NODE_03,17,12,15.0,10,2026-06-05 17:35:36.777507
2275,ESP_NODE_04,8,13,10.0,17,2026-06-05 17:36:31.167133
2276,ESP_NODE_03,22,11,19.0,13,2026-06-05 17:36:42.748243
2277,ESP_NODE_04,8,10,9.0,15,2026-06-05 17:37:37.046017
2278,ESP_NODE_03,19,13,17.0,11,2026-06-05 17:37:49.582498
2279,ESP_NODE_04,3,10,8.0,13,2026-06-05 17:38:43.064519
2280,ESP_NODE_03,16,9,14.0,9,2026-06-05 17:38:55.552158
2281,ESP_NODE_04,13,11,12.0,20,2026-06-05 17:39:48.901531
2282,ESP_NODE_03,21,10,18.0,12,2026-06-05 17:40:02.525005
2283,ESP_NODE_04,7,11,9.0,15,2026-06-05 17:40:54.397427
2284,ESP_NODE_03,16,10,14.0,9,2026-06-05 17:41:08.313163
2285,ESP_NODE_04,7,9,8.0,13,2026-06-05 17:42:00.538482
2286,ESP_NODE_03,18,5,14.0,9,2026-06-05 17:42:14.222607
2287,ESP_NODE_04,1,9,7.0,12,2026-06-05 17:43:06.484462
2288,ESP_NODE_03,13,10,12.0,8,2026-06-05 17:43:20.578768
2289,ESP_NODE_04,4,7,6.0,10,2026-06-05 17:44:12.332186
2290,ESP_NODE_03,17,9,15.0,10,2026-06-05 17:44:26.336199
2291,ESP_NODE_04,3,11,9.0,15,2026-06-05 17:45:18.384030
2292,ESP_NODE_03,34,10,27.0,18,2026-06-05 17:45:32.478333
2293,ESP_NODE_04,4,8,6.0,10,2026-06-05 17:46:24.538906
2294,ESP_NODE_03,17,10,15.0,10,2026-06-05 17:46:38.507440
2295,ESP_NODE_04,11,11,11.0,18,2026-06-05 17:47:30.668660
2296,ESP_NODE_03,28,8,22.0,15,2026-06-05 17:47:44.425449
2297,ESP_NODE_04,5,12,10.0,17,2026-06-05 17:48:36.692078
2298,ESP_NODE_03,19,12,17.0,11,2026-06-05 17:48:50.524568
2299,ESP_NODE_04,4,7,6.0,10,2026-06-05 17:49:42.550966
2300,ESP_NODE_03,16,10,14.0,9,2026-06-05 17:49:56.380051
2301,ESP_NODE_03,11,10,11.0,7,2026-06-05 17:51:02.620716
2302,ESP_NODE_04,9,10,9.0,15,2026-06-05 17:52:03.647399
2303,ESP_NODE_03,37,11,29.0,19,2026-06-05 17:52:08.656131
2304,ESP_NODE_04,7,11,9.0,15,2026-06-05 17:53:09.600809
2305,ESP_NODE_03,18,11,16.0,11,2026-06-05 17:53:14.709797
2306,ESP_NODE_04,6,13,10.0,17,2026-06-05 17:54:15.539786
2307,ESP_NODE_03,40,10,31.0,21,2026-06-05 17:54:20.754240
2308,ESP_NODE_03,27,12,22.0,15,2026-06-05 17:55:26.828061
2309,ESP_NODE_03,15,9,13.0,9,2026-06-05 17:56:32.744628
2310,ESP_NODE_04,14,16,15.0,25,2026-06-05 17:56:36.328303
2311,ESP_NODE_03,23,8,18.0,12,2026-06-05 17:57:40.315113
2312,ESP_NODE_04,11,12,11.0,18,2026-06-05 17:57:42.585290
2313,ESP_NODE_03,16,6,13.0,9,2026-06-05 17:58:46.317153
2314,ESP_NODE_04,8,8,8.0,13,2026-06-05 17:58:48.510105
2315,ESP_NODE_03,14,4,11.0,7,2026-06-05 17:59:52.319503
2316,ESP_NODE_04,7,12,10.0,17,2026-06-05 17:59:54.598817
2317,ESP_NODE_03,11,5,9.0,6,2026-06-05 18:00:58.172820
2318,ESP_NODE_03,10,7,9.0,6,2026-06-05 18:02:04.131125
2319,ESP_NODE_04,9,12,10.0,17,2026-06-05 18:02:15.223719
2320,ESP_NODE_03,27,6,21.0,14,2026-06-05 18:03:10.365636
2321,ESP_NODE_04,9,9,9.0,15,2026-06-05 18:03:21.033630
2322,ESP_NODE_03,25,4,19.0,13,2026-06-05 18:04:16.240451
2323,ESP_NODE_04,4,11,9.0,15,2026-06-05 18:04:26.967913
2324,ESP_NODE_03,22,4,17.0,11,2026-06-05 18:05:22.148473
2325,ESP_NODE_04,7,10,8.0,13,2026-06-05 18:05:32.766339
2326,ESP_NODE_03,23,6,18.0,12,2026-06-05 18:06:28.174297
2327,ESP_NODE_04,11,10,11.0,18,2026-06-05 18:06:38.589666
2328,ESP_NODE_03,26,4,19.0,13,2026-06-05 18:07:34.161038
2329,ESP_NODE_03,20,7,16.0,11,2026-06-05 18:08:40.339139
2330,ESP_NODE_04,6,13,10.0,17,2026-06-05 18:08:59.677050
2331,ESP_NODE_03,27,5,20.0,13,2026-06-05 18:09:46.276956
2332,ESP_NODE_04,4,12,10.0,17,2026-06-05 18:10:05.419252
2333,ESP_NODE_03,24,5,18.0,12,2026-06-05 18:10:52.088218
2334,ESP_NODE_04,2,12,10.0,17,2026-06-05 18:11:11.561081
2335,ESP_NODE_03,15,5,12.0,8,2026-06-05 18:11:58.003582
2336,ESP_NODE_04,2,11,9.0,15,2026-06-05 18:12:17.235539
2337,ESP_NODE_03,19,6,15.0,10,2026-06-05 18:13:03.935412
2338,ESP_NODE_04,4,9,7.0,12,2026-06-05 18:13:23.286576
2339,ESP_NODE_03,29,5,22.0,15,2026-06-05 18:14:09.658784
2340,ESP_NODE_04,3,10,8.0,13,2026-06-05 18:14:29.228274
2341,ESP_NODE_03,14,4,11.0,7,2026-06-05 18:15:15.672975
2342,ESP_NODE_04,6,11,9.0,15,2026-06-05 18:15:35.245048
2343,ESP_NODE_03,21,6,16.0,11,2026-06-05 18:16:21.439439
2344,ESP_NODE_04,7,7,7.0,12,2026-06-05 18:16:40.987509
2345,ESP_NODE_03,19,2,14.0,9,2026-06-05 18:17:27.471504
2346,ESP_NODE_04,4,8,6.0,10,2026-06-05 18:17:46.928056
2347,ESP_NODE_03,11,2,8.0,5,2026-06-05 18:18:33.227027
2348,ESP_NODE_04,6,11,9.0,15,2026-06-05 18:18:52.882049
2349,ESP_NODE_03,16,5,13.0,9,2026-06-05 18:19:39.604613
2350,ESP_NODE_04,8,7,8.0,13,2026-06-05 18:19:58.666212
2351,ESP_NODE_03,10,5,8.0,5,2026-06-05 18:20:45.689797
2352,ESP_NODE_04,4,9,7.0,12,2026-06-05 18:21:04.278459
2353,ESP_NODE_03,13,6,11.0,7,2026-06-05 18:21:51.749107
2354,ESP_NODE_04,6,9,7.0,12,2026-06-05 18:22:10.315130
2355,ESP_NODE_03,19,6,15.0,10,2026-06-05 18:22:57.817895
2356,ESP_NODE_04,6,10,8.0,13,2026-06-05 18:23:16.360350
2357,ESP_NODE_03,22,7,18.0,12,2026-06-05 18:24:03.961358
2358,ESP_NODE_04,5,9,7.0,12,2026-06-05 18:24:22.126337
2359,ESP_NODE_03,25,6,19.0,13,2026-06-05 18:25:10.014737
2360,ESP_NODE_04,15,10,14.0,23,2026-06-05 18:25:27.763448
2361,ESP_NODE_03,27,8,21.0,14,2026-06-05 18:26:15.668387
2362,ESP_NODE_04,13,11,12.0,20,2026-06-05 18:26:33.675094
2363,ESP_NODE_03,11,5,9.0,6,2026-06-05 18:27:21.493016
2364,ESP_NODE_04,6,7,6.0,10,2026-06-05 18:27:39.357188
2365,ESP_NODE_03,12,7,10.0,7,2026-06-05 18:28:27.255677
2366,ESP_NODE_04,3,8,6.0,10,2026-06-05 18:28:45.364236
2367,ESP_NODE_03,21,8,17.0,11,2026-06-05 18:29:33.376184
2368,ESP_NODE_04,5,7,6.0,10,2026-06-05 18:29:50.908012
2369,ESP_NODE_03,12,4,10.0,7,2026-06-05 18:30:39.249789
2370,ESP_NODE_04,5,9,7.0,12,2026-06-05 18:30:56.863807
2371,ESP_NODE_03,19,2,14.0,9,2026-06-05 18:31:45.175969
2372,ESP_NODE_04,14,11,13.0,22,2026-06-05 18:32:02.996705
2373,ESP_NODE_03,21,4,16.0,11,2026-06-05 18:32:51.985046
2374,ESP_NODE_03,24,3,18.0,12,2026-06-05 18:33:57.905367
2375,ESP_NODE_04,1,8,6.0,10,2026-06-05 18:34:24.026542
2376,ESP_NODE_03,21,3,16.0,11,2026-06-05 18:35:04.020993
2377,ESP_NODE_04,9,9,9.0,15,2026-06-05 18:35:29.996857
2378,ESP_NODE_03,30,3,22.0,15,2026-06-05 18:36:09.792902
2379,ESP_NODE_04,3,9,7.0,12,2026-06-05 18:36:36.112583
2380,ESP_NODE_03,16,2,12.0,8,2026-06-05 18:37:15.445777
2381,ESP_NODE_04,6,6,6.0,10,2026-06-05 18:37:42.052593
2382,ESP_NODE_03,15,1,11.0,7,2026-06-05 18:38:21.250001
2383,ESP_NODE_04,8,7,8.0,13,2026-06-05 18:38:47.734226
2384,ESP_NODE_03,15,3,11.0,7,2026-06-05 18:39:28.003051
2385,ESP_NODE_03,14,2,10.0,7,2026-06-05 18:40:33.654778
2386,ESP_NODE_04,9,9,9.0,15,2026-06-05 18:41:08.614163
2387,ESP_NODE_03,19,2,14.0,9,2026-06-05 18:41:39.715250
2388,ESP_NODE_04,13,10,12.0,20,2026-06-05 18:42:14.545592
2389,ESP_NODE_03,14,2,10.0,7,2026-06-05 18:42:45.745134
2390,ESP_NODE_04,8,7,8.0,13,2026-06-05 18:43:20.504264
2391,ESP_NODE_03,11,1,8.0,5,2026-06-05 18:43:51.428715
2392,ESP_NODE_04,7,9,8.0,13,2026-06-05 18:44:26.343389
2393,ESP_NODE_03,36,2,26.0,17,2026-06-05 18:44:57.147892
2394,ESP_NODE_04,5,14,11.0,18,2026-06-05 18:45:32.109071
2395,ESP_NODE_03,10,1,7.0,5,2026-06-05 18:46:03.016806
2396,ESP_NODE_04,1,8,6.0,10,2026-06-05 18:46:37.951437
2397,ESP_NODE_03,14,3,11.0,7,2026-06-05 18:47:08.933472
2398,ESP_NODE_04,8,9,8.0,13,2026-06-05 18:47:43.691497
2399,ESP_NODE_03,12,3,9.0,6,2026-06-05 18:48:14.998008
2400,ESP_NODE_04,9,7,8.0,13,2026-06-05 18:48:49.347542
2401,ESP_NODE_03,6,3,5.0,3,2026-06-05 18:49:20.756369
2402,ESP_NODE_04,3,6,5.0,8,2026-06-05 18:49:55.344090
2403,ESP_NODE_03,14,2,10.0,7,2026-06-05 18:50:26.483915
2404,ESP_NODE_03,19,4,14.0,9,2026-06-05 18:51:32.139198
2405,ESP_NODE_04,14,9,12.0,20,2026-06-05 18:52:16.345706
2406,ESP_NODE_03,14,3,11.0,7,2026-06-05 18:52:37.884641
2407,ESP_NODE_04,14,11,13.0,22,2026-06-05 18:53:22.512245
2408,ESP_NODE_03,12,1,9.0,6,2026-06-05 18:53:43.983976
2409,ESP_NODE_03,9,2,7.0,5,2026-06-05 18:54:49.903720
2410,ESP_NODE_03,10,1,7.0,5,2026-06-05 18:55:55.973506
2411,ESP_NODE_04,16,8,14.0,23,2026-06-05 18:56:58.619980
2412,ESP_NODE_03,5,3,4.0,3,2026-06-05 18:57:01.901813
2413,ESP_NODE_04,13,9,12.0,20,2026-06-05 18:58:04.510456
2414,ESP_NODE_03,11,1,8.0,5,2026-06-05 18:58:07.780705
2415,ESP_NODE_03,7,1,5.0,3,2026-06-05 18:59:13.439994
2416,ESP_NODE_03,12,2,9.0,6,2026-06-05 19:00:19.457525
2417,ESP_NODE_04,5,11,9.0,15,2026-06-05 19:00:25.424216
2418,ESP_NODE_03,17,1,12.0,8,2026-06-05 19:01:25.332892
2419,ESP_NODE_04,4,9,7.0,12,2026-06-05 19:01:31.366069
2420,ESP_NODE_03,4,0,3.0,2,2026-06-05 19:02:30.982418
2421,ESP_NODE_04,2,8,6.0,10,2026-06-05 19:02:36.933854
2422,ESP_NODE_03,7,0,5.0,3,2026-06-05 19:03:36.886960
2423,ESP_NODE_04,13,9,12.0,20,2026-06-05 19:03:42.799280
2424,ESP_NODE_03,10,2,8.0,5,2026-06-05 19:04:43.155043
2425,ESP_NODE_04,7,13,10.0,17,2026-06-05 19:04:48.632606
2426,ESP_NODE_03,5,0,4.0,3,2026-06-05 19:05:48.722130
2427,ESP_NODE_04,2,13,10.0,17,2026-06-05 19:05:54.749942
2428,ESP_NODE_03,2,0,1.0,1,2026-06-05 19:06:54.720525
2429,ESP_NODE_04,6,12,10.0,17,2026-06-05 19:07:00.635345
2430,ESP_NODE_03,2,0,1.0,1,2026-06-05 19:08:00.406569
2431,ESP_NODE_04,6,10,8.0,13,2026-06-05 19:08:06.467699
2432,ESP_NODE_03,3,1,2.0,1,2026-06-05 19:09:06.232050
2433,ESP_NODE_04,4,13,10.0,17,2026-06-05 19:09:12.376755
2434,ESP_NODE_03,5,0,4.0,3,2026-06-05 19:10:12.156616
2435,ESP_NODE_04,3,10,8.0,13,2026-06-05 19:10:18.370463
2436,ESP_NODE_04,13,13,13.0,22,2026-06-05 19:11:24.483955
2437,ESP_NODE_04,11,12,11.0,18,2026-06-05 19:12:30.421897
2438,ESP_NODE_04,10,12,11.0,18,2026-06-05 19:13:36.382744
2439,ESP_NODE_04,17,14,16.0,27,2026-06-05 19:14:42.256637
2440,ESP_NODE_04,8,14,11.0,18,2026-06-05 19:15:48.380786
2441,ESP_NODE_04,3,15,12.0,20,2026-06-05 19:16:54.517673
2442,ESP_NODE_04,13,12,13.0,22,2026-06-05 19:18:00.556506
2443,ESP_NODE_04,11,13,12.0,20,2026-06-05 19:19:06.829496
2444,ESP_NODE_04,15,13,14.0,23,2026-06-05 19:20:12.676385
2445,ESP_NODE_04,2,13,10.0,17,2026-06-05 19:21:18.342902
2446,ESP_NODE_04,4,14,11.0,18,2026-06-05 19:22:24.155039
2447,ESP_NODE_04,7,13,10.0,17,2026-06-05 19:23:30.156184
2448,ESP_NODE_04,8,13,10.0,17,2026-06-05 19:24:36.241204
2449,ESP_NODE_04,9,13,10.0,17,2026-06-05 19:25:42.277630
2450,ESP_NODE_04,4,12,10.0,17,2026-06-05 19:26:48.197872
2451,ESP_NODE_04,2,9,7.0,12,2026-06-05 19:29:09.249048
2452,ESP_NODE_04,4,11,9.0,15,2026-06-05 19:30:15.173228
2453,ESP_NODE_04,12,14,13.0,22,2026-06-05 19:31:20.877053
2454,ESP_NODE_04,5,15,12.0,20,2026-06-05 19:32:26.896369
2455,ESP_NODE_04,6,17,14.0,23,2026-06-05 19:33:32.847098
2456,ESP_NODE_04,5,14,11.0,18,2026-06-05 19:34:38.869539
2457,ESP_NODE_04,5,15,12.0,20,2026-06-05 19:35:44.718157
2458,ESP_NODE_04,2,15,12.0,20,2026-06-05 19:36:50.781261
2459,ESP_NODE_04,3,12,10.0,17,2026-06-05 19:37:56.911208
2460,ESP_NODE_04,3,15,12.0,20,2026-06-05 19:39:02.965019
2461,ESP_NODE_04,14,15,14.0,23,2026-06-05 19:40:09.016203
2462,ESP_NODE_04,5,13,10.0,17,2026-06-05 19:41:15.094025
2463,ESP_NODE_04,3,16,13.0,22,2026-06-05 19:42:21.229042
2464,ESP_NODE_04,8,15,12.0,20,2026-06-05 19:43:27.187773
2465,ESP_NODE_04,6,14,11.0,18,2026-06-05 19:44:46.970219
2466,ESP_NODE_04,5,20,16.0,27,2026-06-05 19:45:55.072808
2467,ESP_NODE_04,0,15,12.0,20,2026-06-05 19:47:01.086358
2468,ESP_NODE_04,9,11,10.0,17,2026-06-05 19:48:07.009477
2469,ESP_NODE_04,11,17,14.0,23,2026-06-05 19:49:12.986955
2470,ESP_NODE_04,2,16,13.0,22,2026-06-05 19:50:18.950205
2471,ESP_NODE_04,10,16,13.0,22,2026-06-05 19:51:25.080268
2472,ESP_NODE_04,4,16,13.0,22,2026-06-05 19:52:31.128103
2473,ESP_NODE_04,10,15,12.0,20,2026-06-05 19:53:37.055831
2474,ESP_NODE_04,7,12,10.0,17,2026-06-05 19:54:43.131733
2475,ESP_NODE_04,6,12,10.0,17,2026-06-05 19:55:49.077837
2476,ESP_NODE_04,4,12,10.0,17,2026-06-05 19:56:55.105158
2477,ESP_NODE_04,6,11,9.0,15,2026-06-05 19:58:01.370825
2478,ESP_NODE_04,13,15,14.0,23,2026-06-05 19:59:07.418071
2479,ESP_NODE_04,0,15,12.0,20,2026-06-05 20:00:13.362582
2480,ESP_NODE_04,6,11,9.0,15,2026-06-05 20:01:19.393731
2481,ESP_NODE_04,5,7,6.0,10,2026-06-05 20:02:25.465581
2482,ESP_NODE_04,7,12,10.0,17,2026-06-05 20:04:46.438619
2483,ESP_NODE_04,3,8,6.0,10,2026-06-05 20:05:52.507436
2484,ESP_NODE_04,5,13,10.0,17,2026-06-05 20:06:58.451795
2485,ESP_NODE_04,11,11,11.0,18,2026-06-05 20:08:04.480222
2486,ESP_NODE_04,11,12,11.0,18,2026-06-05 20:09:10.639132
2487,ESP_NODE_04,7,11,9.0,15,2026-06-05 20:10:16.724162
2488,ESP_NODE_04,5,10,8.0,13,2026-06-05 20:11:22.771877
2489,ESP_NODE_04,7,13,10.0,17,2026-06-05 20:12:28.796108
2490,ESP_NODE_04,3,11,9.0,15,2026-06-05 20:13:34.850297
2491,ESP_NODE_04,6,17,14.0,23,2026-06-05 20:14:40.645806
2492,ESP_NODE_04,6,18,14.0,23,2026-06-05 20:15:46.477642
2493,ESP_NODE_04,1,11,9.0,15,2026-06-05 20:16:52.689765
2494,ESP_NODE_04,1,9,7.0,12,2026-06-05 20:17:58.642562
2495,ESP_NODE_04,1,15,12.0,20,2026-06-05 20:19:04.688483
2496,ESP_NODE_04,3,13,10.0,17,2026-06-05 20:20:10.729393
2497,ESP_NODE_04,4,12,10.0,17,2026-06-05 20:21:16.690227
2498,ESP_NODE_04,2,12,10.0,17,2026-06-05 20:22:22.742944
2499,ESP_NODE_04,4,13,10.0,17,2026-06-05 20:23:28.684097
2500,ESP_NODE_04,2,13,10.0,17,2026-06-05 20:24:43.135666
2501,ESP_NODE_04,3,14,11.0,18,2026-06-05 20:25:49.479372
2502,ESP_NODE_04,2,12,10.0,17,2026-06-05 20:26:55.437280
2503,ESP_NODE_04,3,12,10.0,17,2026-06-05 20:29:16.453249
2504,ESP_NODE_04,5,15,12.0,20,2026-06-05 20:30:22.210706
2505,ESP_NODE_04,0,14,11.0,18,2026-06-05 20:31:28.125101
2506,ESP_NODE_04,10,14,11.0,18,2026-06-05 20:32:34.172639
2507,ESP_NODE_04,6,15,12.0,20,2026-06-05 20:33:39.845182
2508,ESP_NODE_04,7,13,10.0,17,2026-06-05 20:34:45.961180
2509,ESP_NODE_04,4,12,10.0,17,2026-06-05 20:35:52.123180
2510,ESP_NODE_04,4,12,10.0,17,2026-06-05 20:36:58.179125
2511,ESP_NODE_04,3,10,8.0,13,2026-06-05 20:38:04.223462
2512,ESP_NODE_04,3,12,10.0,17,2026-06-05 20:41:40.293304
2513,ESP_NODE_04,11,10,11.0,18,2026-06-05 20:42:46.429607
2514,ESP_NODE_04,7,10,8.0,13,2026-06-05 20:43:52.598958
2515,ESP_NODE_04,4,10,8.0,13,2026-06-05 20:44:58.650110
2516,ESP_NODE_04,5,14,11.0,18,2026-06-05 20:46:04.882026
2517,ESP_NODE_04,1,11,9.0,15,2026-06-05 20:47:10.950529
2518,ESP_NODE_04,5,14,11.0,18,2026-06-05 20:48:16.586945
2519,ESP_NODE_04,8,12,10.0,17,2026-06-05 20:49:22.520604
2520,ESP_NODE_04,14,14,14.0,23,2026-06-05 20:50:28.471947
2521,ESP_NODE_04,10,11,10.0,17,2026-06-05 20:51:34.491898
2522,ESP_NODE_04,2,12,10.0,17,2026-06-05 20:52:40.185790
2523,ESP_NODE_04,3,10,8.0,13,2026-06-05 20:53:46.120642
2524,ESP_NODE_04,6,12,10.0,17,2026-06-05 20:54:52.055332
2525,ESP_NODE_04,1,12,10.0,17,2026-06-05 20:55:58.102956
2526,ESP_NODE_04,6,10,8.0,13,2026-06-05 20:57:04.163684
2527,ESP_NODE_04,4,10,8.0,13,2026-06-05 20:58:10.088373
2528,ESP_NODE_04,10,13,11.0,18,2026-06-05 20:59:16.043314
2529,ESP_NODE_04,5,11,9.0,15,2026-06-05 21:00:21.981208
2530,ESP_NODE_04,1,9,7.0,12,2026-06-05 21:01:27.654973
2531,ESP_NODE_04,5,7,6.0,10,2026-06-05 21:02:47.713421
2532,ESP_NODE_04,4,10,8.0,13,2026-06-05 21:03:53.962591
2533,ESP_NODE_04,3,9,7.0,12,2026-06-05 21:06:14.958581
2534,ESP_NODE_04,6,9,7.0,12,2026-06-05 21:07:20.897489
2535,ESP_NODE_04,3,9,7.0,12,2026-06-05 21:08:26.857032
2536,ESP_NODE_04,3,8,6.0,10,2026-06-05 21:09:32.785013
2537,ESP_NODE_04,7,13,10.0,17,2026-06-05 21:10:39.086373
2538,ESP_NODE_04,8,11,9.0,15,2026-06-05 21:11:45.045130
2539,ESP_NODE_04,1,12,10.0,17,2026-06-05 21:12:50.972237
2540,ESP_NODE_04,5,12,10.0,17,2026-06-05 21:13:56.812194
2541,ESP_NODE_04,3,11,9.0,15,2026-06-05 21:15:02.462471
2542,ESP_NODE_04,3,11,9.0,15,2026-06-05 21:17:23.335844
2543,ESP_NODE_04,2,11,9.0,15,2026-06-05 21:18:29.384226
2544,ESP_NODE_04,1,10,8.0,13,2026-06-05 21:19:35.419671
2545,ESP_NODE_04,4,12,10.0,17,2026-06-05 21:20:41.390323
2546,ESP_NODE_04,9,9,9.0,15,2026-06-05 21:21:47.432715
2547,ESP_NODE_04,10,9,10.0,17,2026-06-05 21:25:23.503730
2548,ESP_NODE_04,7,13,10.0,17,2026-06-05 21:28:59.292059
2549,ESP_NODE_04,8,14,11.0,18,2026-06-05 21:30:05.307994
2550,ESP_NODE_04,6,13,10.0,17,2026-06-05 21:31:11.267972
2551,ESP_NODE_04,2,14,11.0,18,2026-06-05 21:32:17.188713
2552,ESP_NODE_04,2,16,13.0,22,2026-06-05 21:33:23.354374
2553,ESP_NODE_04,6,13,10.0,17,2026-06-05 21:34:29.223376
2554,ESP_NODE_04,4,13,10.0,17,2026-06-05 21:35:34.961802
2555,ESP_NODE_04,7,12,10.0,17,2026-06-05 21:36:40.972602
2556,ESP_NODE_04,15,16,15.0,25,2026-06-05 21:37:46.926443
2557,ESP_NODE_04,5,22,18.0,30,2026-06-05 21:38:52.881799
2558,ESP_NODE_04,12,16,13.0,22,2026-06-05 21:39:58.930340
2559,ESP_NODE_04,4,15,12.0,20,2026-06-05 21:41:04.695078
2560,ESP_NODE_04,9,15,12.0,20,2026-06-05 21:42:10.710430
2561,ESP_NODE_04,7,13,10.0,17,2026-06-05 21:43:16.595123
2562,ESP_NODE_04,7,17,14.0,23,2026-06-05 21:44:22.426070
2563,ESP_NODE_04,2,21,17.0,28,2026-06-05 21:45:28.613911
2564,ESP_NODE_04,6,12,10.0,17,2026-06-05 21:46:34.632112
2565,ESP_NODE_04,4,13,10.0,17,2026-06-05 21:47:40.858172
2566,ESP_NODE_04,8,14,11.0,18,2026-06-05 21:50:02.091109
2567,ESP_NODE_04,15,15,15.0,25,2026-06-05 21:52:23.275192
2568,ESP_NODE_04,4,14,11.0,18,2026-06-05 21:53:29.344892
2569,ESP_NODE_04,5,10,8.0,13,2026-06-05 21:54:35.114994
2570,ESP_NODE_04,2,13,10.0,17,2026-06-05 21:55:41.206773
2571,ESP_NODE_04,6,15,12.0,20,2026-06-05 21:56:47.295076
2572,ESP_NODE_04,1,14,11.0,18,2026-06-05 21:57:53.328716
2573,ESP_NODE_04,6,13,10.0,17,2026-06-05 21:58:59.474511
2574,ESP_NODE_04,7,15,12.0,20,2026-06-05 22:00:05.451835
2575,ESP_NODE_04,8,14,11.0,18,2026-06-05 22:01:11.554389
2576,ESP_NODE_04,7,13,10.0,17,2026-06-05 22:02:17.440305
2577,ESP_NODE_04,8,14,11.0,18,2026-06-05 22:03:23.568426
2578,ESP_NODE_04,7,14,11.0,18,2026-06-05 22:04:29.556141
2579,ESP_NODE_04,3,14,11.0,18,2026-06-05 22:05:35.502672
2580,ESP_NODE_04,5,11,9.0,15,2026-06-05 22:06:41.240362
2581,ESP_NODE_04,5,18,14.0,23,2026-06-05 22:07:47.151896
2582,ESP_NODE_04,5,13,10.0,17,2026-06-05 22:08:53.390855
2583,ESP_NODE_04,7,13,10.0,17,2026-06-05 22:09:59.368580
2584,ESP_NODE_04,5,14,11.0,18,2026-06-05 22:11:05.502285
2585,ESP_NODE_04,4,12,10.0,17,2026-06-05 22:12:11.676795
2586,ESP_NODE_04,1,10,8.0,13,2026-06-05 22:13:17.809782
2587,ESP_NODE_04,4,9,7.0,12,2026-06-05 22:14:23.959707
2588,ESP_NODE_04,5,8,6.0,10,2026-06-05 22:16:44.859656
2589,ESP_NODE_04,4,9,7.0,12,2026-06-05 22:17:50.651287
2590,ESP_NODE_04,5,10,8.0,13,2026-06-05 22:18:56.656614
2591,ESP_NODE_04,4,10,8.0,13,2026-06-05 22:20:02.627900
2592,ESP_NODE_04,4,9,7.0,12,2026-06-05 22:21:08.551874
2593,ESP_NODE_04,7,12,10.0,17,2026-06-05 22:22:14.594350
2594,ESP_NODE_04,5,9,7.0,12,2026-06-05 22:23:29.593117
2595,ESP_NODE_04,2,11,9.0,15,2026-06-05 22:24:36.703162
2596,ESP_NODE_04,8,11,9.0,15,2026-06-05 22:25:42.760772
2597,ESP_NODE_04,8,9,8.0,13,2026-06-05 22:26:48.663812
2598,ESP_NODE_04,5,8,6.0,10,2026-06-05 22:29:09.591339
2599,ESP_NODE_04,2,9,7.0,12,2026-06-05 22:30:15.535951
2600,ESP_NODE_04,1,7,6.0,10,2026-06-05 22:32:36.564272
2601,ESP_NODE_04,2,8,6.0,10,2026-06-05 22:34:57.691768
2602,ESP_NODE_04,4,8,6.0,10,2026-06-05 22:36:03.430822
2603,ESP_NODE_04,1,8,6.0,10,2026-06-05 22:37:09.474046
2604,ESP_NODE_04,3,7,6.0,10,2026-06-05 22:39:30.476566
2605,ESP_NODE_04,3,8,6.0,10,2026-06-05 22:40:36.520650
2606,ESP_NODE_04,1,9,7.0,12,2026-06-05 22:41:42.482942
2607,ESP_NODE_04,5,7,6.0,10,2026-06-05 22:42:48.510861
2608,ESP_NODE_04,2,6,5.0,8,2026-06-05 22:43:54.562912
2609,ESP_NODE_04,4,7,6.0,10,2026-06-05 22:45:00.620883
2610,ESP_NODE_04,8,6,7.0,12,2026-06-05 22:46:06.772122
2611,ESP_NODE_04,0,8,6.0,10,2026-06-05 22:47:12.436144
2612,ESP_NODE_04,1,5,4.0,7,2026-06-05 22:48:18.450023
2613,ESP_NODE_04,6,7,6.0,10,2026-06-05 22:49:24.619646
2614,ESP_NODE_04,0,7,6.0,10,2026-06-05 22:50:30.756722
2615,ESP_NODE_04,5,5,5.0,8,2026-06-05 22:51:36.730068
2616,ESP_NODE_04,3,5,4.0,7,2026-06-05 22:52:42.868778
2617,ESP_NODE_04,3,7,6.0,10,2026-06-05 22:55:03.762877
2618,ESP_NODE_04,2,6,5.0,8,2026-06-05 22:56:09.721010
2619,ESP_NODE_04,1,7,6.0,10,2026-06-05 22:57:15.736386
2620,ESP_NODE_04,2,7,6.0,10,2026-06-05 22:58:21.533142
2621,ESP_NODE_04,1,5,4.0,7,2026-06-05 22:59:27.547612
2622,ESP_NODE_04,4,11,9.0,15,2026-06-05 23:00:33.594456
2623,ESP_NODE_04,3,5,4.0,7,2026-06-05 23:01:39.629484
2624,ESP_NODE_04,2,9,7.0,12,2026-06-05 23:02:45.577197
2625,ESP_NODE_04,2,5,4.0,7,2026-06-05 23:03:51.568251
2626,ESP_NODE_04,2,7,6.0,10,2026-06-05 23:04:57.599460
2627,ESP_NODE_04,2,7,6.0,10,2026-06-05 23:06:03.667033
2628,ESP_NODE_04,4,5,4.0,7,2026-06-05 23:07:09.885506
2629,ESP_NODE_04,3,4,3.0,5,2026-06-05 23:08:15.829112
2630,ESP_NODE_04,1,4,3.0,5,2026-06-05 23:09:21.692440
2631,ESP_NODE_04,2,7,6.0,10,2026-06-05 23:10:27.627129
2632,ESP_NODE_04,2,5,4.0,7,2026-06-05 23:11:33.568243
2633,ESP_NODE_04,2,7,6.0,10,2026-06-05 23:12:39.448697
2634,ESP_NODE_04,2,7,6.0,10,2026-06-05 23:13:45.461191
2635,ESP_NODE_04,2,4,3.0,5,2026-06-05 23:14:51.635034
2636,ESP_NODE_04,0,4,3.0,5,2026-06-05 23:15:57.775283
2637,ESP_NODE_04,1,7,6.0,10,2026-06-05 23:17:03.546153
2638,ESP_NODE_04,4,8,6.0,10,2026-06-05 23:18:09.542104
2639,ESP_NODE_04,1,9,7.0,12,2026-06-05 23:19:15.706229
2640,ESP_NODE_04,1,8,6.0,10,2026-06-05 23:20:21.780116
2641,ESP_NODE_04,3,11,9.0,15,2026-06-05 23:21:27.806996
2642,ESP_NODE_04,4,10,8.0,13,2026-06-05 23:22:33.479914
2643,ESP_NODE_04,3,7,6.0,10,2026-06-05 23:23:39.505028
2644,ESP_NODE_04,1,7,6.0,10,2026-06-05 23:24:45.446736
2645,ESP_NODE_04,1,5,4.0,7,2026-06-05 23:27:07.587230
2646,ESP_NODE_04,6,5,6.0,10,2026-06-05 23:28:13.532472
2647,ESP_NODE_04,6,7,6.0,10,2026-06-05 23:29:19.558383
2648,ESP_NODE_04,4,4,4.0,7,2026-06-05 23:30:25.613026
2649,ESP_NODE_04,1,5,4.0,7,2026-06-05 23:31:31.571426
2650,ESP_NODE_04,1,6,5.0,8,2026-06-05 23:32:37.625351
2651,ESP_NODE_04,5,5,5.0,8,2026-06-05 23:33:43.563129
2652,ESP_NODE_04,3,6,5.0,8,2026-06-05 23:36:04.419065
2653,ESP_NODE_04,5,4,5.0,8,2026-06-05 23:37:10.502309
2654,ESP_NODE_04,4,6,5.0,8,2026-06-05 23:38:16.464314
2655,ESP_NODE_04,0,4,3.0,5,2026-06-05 23:39:22.520896
2656,ESP_NODE_04,0,5,4.0,7,2026-06-05 23:40:28.590099
2657,ESP_NODE_04,1,5,4.0,7,2026-06-05 23:41:34.595587
2658,ESP_NODE_04,0,3,2.0,3,2026-06-05 23:43:55.526289
2659,ESP_NODE_04,0,2,2.0,3,2026-06-05 23:45:01.578344
2660,ESP_NODE_04,0,5,4.0,7,2026-06-05 23:47:22.896696
2661,ESP_NODE_04,0,3,2.0,3,2026-06-05 23:48:28.750595
2662,ESP_NODE_04,1,5,4.0,7,2026-06-05 23:49:34.865161
2663,ESP_NODE_04,0,4,3.0,5,2026-06-05 23:50:40.833300
2664,ESP_NODE_04,1,3,2.0,3,2026-06-05 23:51:46.835526
2665,ESP_NODE_04,0,5,4.0,7,2026-06-05 23:53:02.542797
2666,ESP_NODE_04,1,4,3.0,5,2026-06-05 23:54:08.308520
2667,ESP_NODE_04,0,4,3.0,5,2026-06-05 23:55:14.074102
2668,ESP_NODE_04,0,3,2.0,3,2026-06-05 23:56:19.906059
2669,ESP_NODE_04,1,3,2.0,3,2026-06-05 23:57:26.123004
2670,ESP_NODE_04,1,3,2.0,3,2026-06-05 23:58:32.175093
2671,ESP_NODE_04,0,4,3.0,5,2026-06-05 23:59:37.933524
2672,ESP_NODE_04,0,3,2.0,3,2026-06-06 00:00:43.853890
2673,ESP_NODE_04,0,4,3.0,5,2026-06-06 00:01:49.922011
2674,ESP_NODE_04,0,4,3.0,5,2026-06-06 00:03:06.422033
2675,ESP_NODE_04,2,5,4.0,7,2026-06-06 00:04:12.365436
2676,ESP_NODE_04,2,6,5.0,8,2026-06-06 00:05:30.712189
2677,ESP_NODE_04,1,6,5.0,8,2026-06-06 00:06:36.847096
2678,ESP_NODE_04,0,3,2.0,3,2026-06-06 00:10:12.942854
2679,ESP_NODE_04,0,4,3.0,5,2026-06-06 00:11:18.927912
2680,ESP_NODE_04,2,4,3.0,5,2026-06-06 00:12:25.009728
2681,ESP_NODE_04,1,4,3.0,5,2026-06-06 00:13:31.269430
2682,ESP_NODE_04,0,3,2.0,3,2026-06-06 00:14:37.429654
2683,ESP_NODE_04,1,3,2.0,3,2026-06-06 00:15:43.558693
2684,ESP_NODE_04,0,3,2.0,3,2026-06-06 00:17:02.656745
2685,ESP_NODE_04,2,3,2.0,3,2026-06-06 00:18:08.661424
2686,ESP_NODE_04,3,5,4.0,7,2026-06-06 00:19:14.443020
2687,ESP_NODE_04,1,2,2.0,3,2026-06-06 00:20:20.472007
2688,ESP_NODE_04,0,3,2.0,3,2026-06-06 00:21:26.633124
2689,ESP_NODE_04,1,4,3.0,5,2026-06-06 00:22:41.981778
2690,ESP_NODE_04,1,3,2.0,3,2026-06-06 00:23:48.622778
2691,ESP_NODE_04,0,3,2.0,3,2026-06-06 00:24:54.609707
2692,ESP_NODE_04,1,3,2.0,3,2026-06-06 00:26:00.618397
2693,ESP_NODE_04,2,4,3.0,5,2026-06-06 00:27:06.570410
2694,ESP_NODE_04,0,4,3.0,5,2026-06-06 00:28:12.647684
2695,ESP_NODE_04,0,4,3.0,5,2026-06-06 00:29:18.707788
2696,ESP_NODE_04,1,3,2.0,3,2026-06-06 00:30:24.593941
2697,ESP_NODE_04,0,4,3.0,5,2026-06-06 00:31:30.573017
2698,ESP_NODE_04,0,4,3.0,5,2026-06-06 00:32:51.460154
2699,ESP_NODE_04,1,3,2.0,3,2026-06-06 00:33:57.542771
2700,ESP_NODE_04,0,4,3.0,5,2026-06-06 00:35:03.395429
2701,ESP_NODE_04,0,3,2.0,3,2026-06-06 00:36:09.525378
2702,ESP_NODE_04,1,3,2.0,3,2026-06-06 00:38:30.758207
2703,ESP_NODE_04,0,2,2.0,3,2026-06-06 00:39:36.877744
2704,ESP_NODE_04,0,1,1.0,2,2026-06-06 00:40:42.734086
2705,ESP_NODE_04,0,1,1.0,2,2026-06-06 00:41:49.019587
2706,ESP_NODE_04,0,1,1.0,2,2026-06-06 00:42:55.128639
2707,ESP_NODE_04,6,2,5.0,8,2026-06-06 00:46:31.084583
2708,ESP_NODE_04,5,5,5.0,8,2026-06-06 00:47:37.136478
2709,ESP_NODE_04,3,3,3.0,5,2026-06-06 00:48:43.182803
2710,ESP_NODE_04,1,2,2.0,3,2026-06-06 00:49:49.261416
2711,ESP_NODE_04,4,1,3.0,5,2026-06-06 00:50:55.287495
2712,ESP_NODE_04,0,2,2.0,3,2026-06-06 00:52:01.109843
2713,ESP_NODE_04,0,2,2.0,3,2026-06-06 00:53:07.193753
2714,ESP_NODE_04,5,2,4.0,7,2026-06-06 00:55:28.398553
2715,ESP_NODE_04,7,3,6.0,10,2026-06-06 00:56:34.489632
2716,ESP_NODE_04,1,2,2.0,3,2026-06-06 00:58:55.663857
2717,ESP_NODE_04,1,2,2.0,3,2026-06-06 01:00:01.884967
2718,ESP_NODE_04,3,2,3.0,5,2026-06-06 01:01:07.950523
2719,ESP_NODE_04,0,0,0.0,0,2026-06-06 01:04:43.941597
2720,ESP_NODE_04,0,0,0.0,0,2026-06-06 01:05:49.985549
2721,ESP_NODE_04,0,0,0.0,0,2026-06-06 01:06:56.226763
2722,ESP_NODE_04,0,0,0.0,0,2026-06-06 01:08:02.253686
2723,ESP_NODE_04,0,0,0.0,0,2026-06-06 01:09:08.322365
2724,ESP_NODE_04,0,0,0.0,0,2026-06-06 01:12:56.386294
2725,ESP_NODE_04,0,0,0.0,0,2026-06-06 01:14:02.320268
2726,ESP_NODE_04,0,0,0.0,0,2026-06-06 01:15:21.907112
2727,ESP_NODE_04,0,0,0.0,0,2026-06-06 01:16:27.981410
2728,ESP_NODE_04,0,0,0.0,0,2026-06-06 01:17:33.932379
2729,ESP_NODE_04,0,0,0.0,0,2026-06-06 01:18:40.121405
2730,ESP_NODE_04,0,0,0.0,0,2026-06-06 01:21:01.043282
2731,ESP_NODE_04,0,0,0.0,0,2026-06-06 01:22:07.374432
2732,ESP_NODE_04,0,0,0.0,0,2026-06-06 01:23:13.430881
2733,ESP_NODE_04,0,0,0.0,0,2026-06-06 01:24:19.589115
2734,ESP_NODE_04,0,0,0.0,0,2026-06-06 01:25:25.636311
2735,ESP_NODE_04,0,0,0.0,0,2026-06-06 01:26:31.688196
2736,ESP_NODE_04,0,0,0.0,0,2026-06-06 01:27:45.946013
2737,ESP_NODE_04,0,0,0.0,0,2026-06-06 01:30:07.235754
2738,ESP_NODE_04,0,0,0.0,0,2026-06-06 01:31:13.289796
2739,ESP_NODE_04,0,0,0.0,0,2026-06-06 01:32:19.326067
2740,ESP_NODE_04,0,0,0.0,0,2026-06-06 01:33:25.298965
2741,ESP_NODE_04,0,0,0.0,0,2026-06-06 01:34:31.411455
2742,ESP_NODE_04,0,0,0.0,0,2026-06-06 01:35:37.476955
2743,ESP_NODE_04,0,0,0.0,0,2026-06-06 01:36:43.429687
2744,ESP_NODE_04,0,0,0.0,0,2026-06-06 01:38:01.878810
2745,ESP_NODE_04,0,0,0.0,0,2026-06-06 01:39:20.141813
2746,ESP_NODE_04,0,0,0.0,0,2026-06-06 01:40:26.362471
2747,ESP_NODE_04,0,0,0.0,0,2026-06-06 01:41:44.418094
2748,ESP_NODE_04,0,0,0.0,0,2026-06-06 01:44:05.607386
2749,ESP_NODE_04,2,2,2.0,3,2026-06-06 01:45:11.760123
2750,ESP_NODE_04,0,0,0.0,0,2026-06-06 01:46:17.798749
2751,ESP_NODE_04,0,0,0.0,0,2026-06-06 01:47:23.558651
2752,ESP_NODE_04,0,0,0.0,0,2026-06-06 01:48:37.747963
2753,ESP_NODE_04,0,0,0.0,0,2026-06-06 01:50:58.903852
2754,ESP_NODE_04,0,0,0.0,0,2026-06-06 01:52:04.936661
2755,ESP_NODE_04,0,0,0.0,0,2026-06-06 01:53:10.991242
2756,ESP_NODE_04,0,0,0.0,0,2026-06-06 01:54:16.766402
2757,ESP_NODE_04,0,0,0.0,0,2026-06-06 01:55:22.791912
2758,ESP_NODE_04,0,0,0.0,0,2026-06-06 01:56:29.026539
2759,ESP_NODE_04,0,0,0.0,0,2026-06-06 01:57:42.883598
2760,ESP_NODE_04,0,0,0.0,0,2026-06-06 01:58:49.124755
2761,ESP_NODE_04,0,0,0.0,0,2026-06-06 01:59:55.279134
2762,ESP_NODE_04,0,0,0.0,0,2026-06-06 02:01:01.425531
2763,ESP_NODE_04,0,0,0.0,0,2026-06-06 02:02:07.665040
2764,ESP_NODE_04,0,0,0.0,0,2026-06-06 02:03:13.627643
2765,ESP_NODE_04,0,0,0.0,0,2026-06-06 02:04:19.655628
2766,ESP_NODE_04,0,0,0.0,0,2026-06-06 02:06:40.656597
2767,ESP_NODE_04,0,0,0.0,0,2026-06-06 02:07:46.728365
2768,ESP_NODE_04,0,0,0.0,0,2026-06-06 02:11:22.787611
2769,ESP_NODE_04,0,0,0.0,0,2026-06-06 02:12:28.901014
2770,ESP_NODE_04,0,0,0.0,0,2026-06-06 02:13:44.740040
2771,ESP_NODE_04,0,0,0.0,0,2026-06-06 02:15:00.208768
2772,ESP_NODE_04,0,0,0.0,0,2026-06-06 02:17:21.283525
2773,ESP_NODE_04,0,0,0.0,0,2026-06-06 02:18:32.078398
2774,ESP_NODE_04,0,0,0.0,0,2026-06-06 02:19:37.816659
2775,ESP_NODE_04,0,0,0.0,0,2026-06-06 02:20:43.839859
2776,ESP_NODE_04,0,0,0.0,0,2026-06-06 02:21:49.876685
2777,ESP_NODE_04,0,0,0.0,0,2026-06-06 02:22:55.926228
2778,ESP_NODE_04,0,0,0.0,0,2026-06-06 02:24:01.812904
2779,ESP_NODE_04,0,0,0.0,0,2026-06-06 02:25:07.825332
2780,ESP_NODE_04,0,0,0.0,0,2026-06-06 02:26:13.867020
2781,ESP_NODE_04,0,0,0.0,0,2026-06-06 02:27:19.923495
2782,ESP_NODE_04,0,0,0.0,0,2026-06-06 02:28:25.963548
2783,ESP_NODE_04,0,0,0.0,0,2026-06-06 02:30:47.077565
2784,ESP_NODE_04,0,0,0.0,0,2026-06-06 02:34:23.163903
2785,ESP_NODE_04,0,0,0.0,0,2026-06-06 02:35:29.201126
2786,ESP_NODE_04,0,0,0.0,0,2026-06-06 02:39:05.401549
2787,ESP_NODE_04,0,0,0.0,0,2026-06-06 02:40:20.638625
2788,ESP_NODE_04,0,0,0.0,0,2026-06-06 02:41:26.773622
2789,ESP_NODE_04,0,0,0.0,0,2026-06-06 02:42:32.750007
2790,ESP_NODE_04,0,0,0.0,0,2026-06-06 02:43:50.375125
2791,ESP_NODE_04,0,0,0.0,0,2026-06-06 02:44:56.413281
2792,ESP_NODE_04,0,0,0.0,0,2026-06-06 02:46:10.859163
2793,ESP_NODE_04,0,0,0.0,0,2026-06-06 02:47:17.112859
2794,ESP_NODE_04,0,0,0.0,0,2026-06-06 02:48:31.169957
2795,ESP_NODE_04,0,0,0.0,0,2026-06-06 02:49:37.199842
2796,ESP_NODE_04,0,0,0.0,0,2026-06-06 02:50:43.250255
2797,ESP_NODE_04,1,0,1.0,2,2026-06-06 02:51:49.413835
2798,ESP_NODE_04,0,0,0.0,0,2026-06-06 02:52:55.542627
2799,ESP_NODE_04,0,0,0.0,0,2026-06-06 02:54:01.572493
2800,ESP_NODE_04,0,0,0.0,0,2026-06-06 02:55:07.684804
2801,ESP_NODE_04,0,0,0.0,0,2026-06-06 02:56:25.581165
2802,ESP_NODE_04,0,0,0.0,0,2026-06-06 02:57:31.439821
2803,ESP_NODE_04,0,0,0.0,0,2026-06-06 02:58:37.353140
2804,ESP_NODE_04,0,0,0.0,0,2026-06-06 02:59:43.417421
2805,ESP_NODE_04,0,0,0.0,0,2026-06-06 03:02:04.522093
2806,ESP_NODE_04,0,0,0.0,0,2026-06-06 03:03:18.911848
2807,ESP_NODE_04,0,0,0.0,0,2026-06-06 03:04:25.006121
2808,ESP_NODE_04,0,0,0.0,0,2026-06-06 03:05:31.178245
2809,ESP_NODE_04,0,0,0.0,0,2026-06-06 03:06:37.312294
2810,ESP_NODE_04,0,0,0.0,0,2026-06-06 03:07:43.353267
2811,ESP_NODE_04,0,0,0.0,0,2026-06-06 03:08:49.417793
2812,ESP_NODE_04,0,0,0.0,0,2026-06-06 03:09:55.385310
2813,ESP_NODE_04,0,0,0.0,0,2026-06-06 03:11:01.405434
2814,ESP_NODE_04,0,0,0.0,0,2026-06-06 03:12:07.458232
2815,ESP_NODE_04,0,0,0.0,0,2026-06-06 03:14:28.458295
2816,ESP_NODE_04,0,0,0.0,0,2026-06-06 03:15:34.495847
2817,ESP_NODE_04,0,0,0.0,0,2026-06-06 03:16:40.442587
2818,ESP_NODE_04,0,0,0.0,0,2026-06-06 03:17:46.329632
2819,ESP_NODE_04,7,0,5.0,8,2026-06-06 03:18:52.363845
2820,ESP_NODE_04,0,0,0.0,0,2026-06-06 03:19:58.407219
2821,ESP_NODE_04,0,0,0.0,0,2026-06-06 03:21:04.611959
2822,ESP_NODE_04,0,0,0.0,0,2026-06-06 03:22:10.792786
2823,ESP_NODE_04,0,0,0.0,0,2026-06-06 03:24:31.904572
2824,ESP_NODE_04,0,0,0.0,0,2026-06-06 03:25:38.064899
2825,ESP_NODE_04,0,0,0.0,0,2026-06-06 03:26:44.210082
2826,ESP_NODE_04,0,0,0.0,0,2026-06-06 03:28:02.172347
2827,ESP_NODE_04,0,0,0.0,0,2026-06-06 03:29:17.437364
2828,ESP_NODE_04,0,0,0.0,0,2026-06-06 03:31:38.614906
2829,ESP_NODE_04,0,0,0.0,0,2026-06-06 03:33:59.597887
2830,ESP_NODE_04,0,0,0.0,0,2026-06-06 03:35:05.571523
2831,ESP_NODE_04,0,0,0.0,0,2026-06-06 03:36:11.629265
2832,ESP_NODE_04,0,0,0.0,0,2026-06-06 03:37:17.660315
2833,ESP_NODE_04,0,0,0.0,0,2026-06-06 03:38:32.238641
2834,ESP_NODE_04,0,0,0.0,0,2026-06-06 03:39:38.497652
2835,ESP_NODE_04,0,0,0.0,0,2026-06-06 03:40:44.635063
2836,ESP_NODE_04,0,0,0.0,0,2026-06-06 03:43:05.719495
2837,ESP_NODE_04,0,0,0.0,0,2026-06-06 03:44:11.649795
2838,ESP_NODE_04,0,0,0.0,0,2026-06-06 03:45:17.585779
2839,ESP_NODE_04,0,0,0.0,0,2026-06-06 03:50:08.644644
2840,ESP_NODE_04,0,0,0.0,0,2026-06-06 03:51:14.567766
2841,ESP_NODE_04,0,0,0.0,0,2026-06-06 03:53:35.612146
2842,ESP_NODE_04,0,0,0.0,0,2026-06-06 03:54:41.756330
2843,ESP_NODE_04,0,0,0.0,0,2026-06-06 03:55:47.894908
2844,ESP_NODE_04,0,0,0.0,0,2026-06-06 03:56:54.009850
2845,ESP_NODE_04,0,0,0.0,0,2026-06-06 03:58:00.220638
2846,ESP_NODE_04,0,0,0.0,0,2026-06-06 03:59:06.372767
2847,ESP_NODE_04,0,0,0.0,0,2026-06-06 04:01:27.456596
2848,ESP_NODE_04,0,0,0.0,0,2026-06-06 04:03:48.561663
2849,ESP_NODE_04,0,0,0.0,0,2026-06-06 04:04:54.621049
2850,ESP_NODE_04,0,0,0.0,0,2026-06-06 04:06:00.682305
2851,ESP_NODE_04,0,0,0.0,0,2026-06-06 04:07:06.814352
2852,ESP_NODE_04,0,0,0.0,0,2026-06-06 04:09:27.719617
2853,ESP_NODE_04,0,0,0.0,0,2026-06-06 04:11:48.620387
2854,ESP_NODE_04,0,0,0.0,0,2026-06-06 04:12:54.686455
2855,ESP_NODE_04,0,0,0.0,0,2026-06-06 04:15:15.810500
2856,ESP_NODE_04,0,0,0.0,0,2026-06-06 04:16:22.049308
2857,ESP_NODE_04,0,0,0.0,0,2026-06-06 04:18:43.181709
2858,ESP_NODE_04,0,0,0.0,0,2026-06-06 04:19:49.309583
2859,ESP_NODE_04,0,0,0.0,0,2026-06-06 04:20:55.286153
2860,ESP_NODE_04,0,0,0.0,0,2026-06-06 04:22:01.288577
2861,ESP_NODE_04,1,0,1.0,2,2026-06-06 04:23:07.458359
2862,ESP_NODE_04,0,0,0.0,0,2026-06-06 04:24:13.487031
2863,ESP_NODE_04,0,0,0.0,0,2026-06-06 04:25:19.551519
2864,ESP_NODE_04,0,0,0.0,0,2026-06-06 04:26:25.329959
2865,ESP_NODE_04,0,0,0.0,0,2026-06-06 04:28:46.306681
2866,ESP_NODE_04,0,0,0.0,0,2026-06-06 04:29:52.494395
2867,ESP_NODE_04,0,0,0.0,0,2026-06-06 04:30:58.706692
2868,ESP_NODE_04,0,0,0.0,0,2026-06-06 04:33:19.750137
2869,ESP_NODE_04,0,0,0.0,0,2026-06-06 04:34:25.724593
2870,ESP_NODE_04,0,0,0.0,0,2026-06-06 04:35:40.181765
2871,ESP_NODE_04,0,0,0.0,0,2026-06-06 04:36:45.958825
2872,ESP_NODE_04,0,0,0.0,0,2026-06-06 04:37:51.876858
2873,ESP_NODE_04,0,0,0.0,0,2026-06-06 04:38:57.928412
2874,ESP_NODE_04,0,0,0.0,0,2026-06-06 04:40:03.907141
2875,ESP_NODE_04,0,0,0.0,0,2026-06-06 04:41:10.023070
2876,ESP_NODE_04,0,0,0.0,0,2026-06-06 04:42:15.986169
2877,ESP_NODE_04,0,0,0.0,0,2026-06-06 04:43:21.927996
2878,ESP_NODE_04,0,0,0.0,0,2026-06-06 04:44:28.119341
2879,ESP_NODE_04,0,0,0.0,0,2026-06-06 04:45:33.977252
2880,ESP_NODE_04,0,0,0.0,0,2026-06-06 04:46:45.015286
2881,ESP_NODE_04,0,0,0.0,0,2026-06-06 04:47:51.057386
2882,ESP_NODE_04,0,0,0.0,0,2026-06-06 04:48:57.097119
2883,ESP_NODE_04,0,0,0.0,0,2026-06-06 04:50:03.158968
2884,ESP_NODE_04,0,0,0.0,0,2026-06-06 04:51:09.320666
2885,ESP_NODE_04,0,0,0.0,0,2026-06-06 04:53:30.507672
2886,ESP_NODE_04,0,0,0.0,0,2026-06-06 04:54:44.702908
2887,ESP_NODE_04,0,0,0.0,0,2026-06-06 04:55:50.782648
2888,ESP_NODE_04,0,0,0.0,0,2026-06-06 04:59:26.765419
2889,ESP_NODE_04,0,0,0.0,0,2026-06-06 05:00:32.926887
2890,ESP_NODE_04,0,0,0.0,0,2026-06-06 05:01:39.107054
2891,ESP_NODE_04,0,0,0.0,0,2026-06-06 05:09:00.988314
2892,ESP_NODE_04,1,0,1.0,2,2026-06-06 05:10:07.313629
2893,ESP_NODE_04,1,0,1.0,2,2026-06-06 05:11:13.452154
2894,ESP_NODE_04,2,0,1.0,2,2026-06-06 05:13:36.309818
2895,ESP_NODE_04,0,0,0.0,0,2026-06-06 05:17:16.815707
2896,ESP_NODE_04,0,0,0.0,0,2026-06-06 05:19:39.100937
2897,ESP_NODE_04,0,0,0.0,0,2026-06-06 05:20:45.652790
2898,ESP_NODE_04,0,0,0.0,0,2026-06-06 05:21:51.558993
2899,ESP_NODE_04,0,0,0.0,0,2026-06-06 05:22:57.768801
2900,ESP_NODE_04,0,0,0.0,0,2026-06-06 05:25:18.970299
2901,ESP_NODE_04,0,0,0.0,0,2026-06-06 05:26:25.038842
2902,ESP_NODE_04,0,0,0.0,0,2026-06-06 05:27:31.491571
2903,ESP_NODE_04,0,0,0.0,0,2026-06-06 05:28:37.654302
2904,ESP_NODE_04,0,0,0.0,0,2026-06-06 05:29:44.102995
2905,ESP_NODE_04,0,0,0.0,0,2026-06-06 05:30:50.370695
2906,ESP_NODE_04,0,0,0.0,0,2026-06-06 05:31:56.433566
2907,ESP_NODE_04,0,0,0.0,0,2026-06-06 05:33:02.400404
2908,ESP_NODE_04,0,0,0.0,0,2026-06-06 05:34:08.740916
2909,ESP_NODE_04,0,0,0.0,0,2026-06-06 05:35:15.072046
2910,ESP_NODE_04,0,0,0.0,0,2026-06-06 05:36:21.417208
2911,ESP_NODE_04,0,0,0.0,0,2026-06-06 05:37:27.565498
2912,ESP_NODE_04,0,0,0.0,0,2026-06-06 05:38:33.826148
2913,ESP_NODE_04,0,0,0.0,0,2026-06-06 05:39:40.002901
2914,ESP_NODE_04,0,0,0.0,0,2026-06-06 05:40:46.143233
2915,ESP_NODE_04,0,0,0.0,0,2026-06-06 05:41:52.601141
2916,ESP_NODE_04,0,0,0.0,0,2026-06-06 05:42:58.737388
2917,ESP_NODE_04,0,0,0.0,0,2026-06-06 05:44:04.874585
2918,ESP_NODE_04,0,0,0.0,0,2026-06-06 05:45:10.967434
2919,ESP_NODE_04,0,0,0.0,0,2026-06-06 05:46:17.188264
2920,ESP_NODE_04,0,0,0.0,0,2026-06-06 05:47:23.168527
2921,ESP_NODE_04,0,0,0.0,0,2026-06-06 05:48:29.488636
2922,ESP_NODE_04,0,0,0.0,0,2026-06-06 05:49:35.866376
2923,ESP_NODE_04,0,0,0.0,0,2026-06-06 05:50:41.987334
2924,ESP_NODE_04,0,0,0.0,0,2026-06-06 05:51:48.183117
2925,ESP_NODE_04,1,0,1.0,2,2026-06-06 05:52:54.238173
2926,ESP_NODE_04,1,0,1.0,2,2026-06-06 05:54:00.552521
2927,ESP_NODE_04,0,0,0.0,0,2026-06-06 05:55:06.694440
2928,ESP_NODE_04,0,0,0.0,0,2026-06-06 05:56:12.947563
2929,ESP_NODE_04,0,0,0.0,0,2026-06-06 05:57:19.406008
2930,ESP_NODE_04,0,0,0.0,0,2026-06-06 05:58:25.446835
2931,ESP_NODE_04,0,0,0.0,0,2026-06-06 06:00:46.722323
2932,ESP_NODE_04,0,0,0.0,0,2026-06-06 06:01:53.373823
2933,ESP_NODE_04,0,0,0.0,0,2026-06-06 06:02:59.500765
2934,ESP_NODE_04,0,0,0.0,0,2026-06-06 06:05:20.715541
2935,ESP_NODE_04,0,0,0.0,0,2026-06-06 06:07:42.042798
2936,ESP_NODE_04,0,0,0.0,0,2026-06-06 06:10:03.539036
2937,ESP_NODE_04,0,0,0.0,0,2026-06-06 06:11:09.893996
2938,ESP_NODE_04,0,0,0.0,0,2026-06-06 06:12:15.640501
2939,ESP_NODE_04,0,0,0.0,0,2026-06-06 06:13:21.699065
2940,ESP_NODE_04,0,0,0.0,0,2026-06-06 06:14:27.950081
2941,ESP_NODE_04,1,0,1.0,2,2026-06-06 06:15:34.304469
2942,ESP_NODE_04,0,0,0.0,0,2026-06-06 06:17:55.692805
2943,ESP_NODE_04,0,0,0.0,0,2026-06-06 06:19:01.970496
2944,ESP_NODE_04,0,0,0.0,0,2026-06-06 06:20:08.217384
2945,ESP_NODE_04,0,0,0.0,0,2026-06-06 06:21:14.202796
2946,ESP_NODE_04,0,0,0.0,0,2026-06-06 06:22:20.227460
2947,ESP_NODE_04,0,0,0.0,0,2026-06-06 06:24:41.607407
2948,ESP_NODE_04,0,0,0.0,0,2026-06-06 06:25:47.767807
2949,ESP_NODE_04,0,0,0.0,0,2026-06-06 06:28:09.092973
2950,ESP_NODE_04,0,0,0.0,0,2026-06-06 06:29:15.038756
2951,ESP_NODE_04,0,0,0.0,0,2026-06-06 06:31:36.464337
2952,ESP_NODE_04,0,0,0.0,0,2026-06-06 06:33:57.772193
2953,ESP_NODE_04,0,0,0.0,0,2026-06-06 06:35:03.832011
2954,ESP_NODE_04,0,0,0.0,0,2026-06-06 06:36:10.051452
2955,ESP_NODE_04,0,0,0.0,0,2026-06-06 06:38:31.302550
2956,ESP_NODE_04,0,0,0.0,0,2026-06-06 06:39:37.728563
2957,ESP_NODE_04,0,0,0.0,0,2026-06-06 06:42:00.386973
2958,ESP_NODE_04,0,0,0.0,0,2026-06-06 06:43:11.305302
2959,ESP_NODE_04,0,0,0.0,0,2026-06-06 06:44:19.222606
2960,ESP_NODE_04,0,0,0.0,0,2026-06-06 06:46:42.007109
2961,ESP_NODE_04,0,0,0.0,0,2026-06-06 06:47:49.482140
2962,ESP_NODE_04,0,0,0.0,0,2026-06-06 06:48:55.729900
2963,ESP_NODE_04,0,0,0.0,0,2026-06-06 06:51:16.967133
2964,ESP_NODE_04,0,0,0.0,0,2026-06-06 06:53:38.048366
2965,ESP_NODE_04,0,0,0.0,0,2026-06-06 06:54:44.200096
2966,ESP_NODE_04,0,0,0.0,0,2026-06-06 06:57:05.388198
2967,ESP_NODE_04,0,0,0.0,0,2026-06-06 06:59:26.658148
2968,ESP_NODE_04,0,0,0.0,0,2026-06-06 07:00:33.070062
2969,ESP_NODE_04,0,0,0.0,0,2026-06-06 07:02:54.180344
2970,ESP_NODE_04,0,0,0.0,0,2026-06-06 07:05:15.396726
2971,ESP_NODE_04,0,0,0.0,0,2026-06-06 07:06:21.539216
2972,ESP_NODE_04,0,0,0.0,0,2026-06-06 07:07:27.785103
2973,ESP_NODE_04,0,0,0.0,0,2026-06-06 07:08:33.960866
2974,ESP_NODE_04,0,0,0.0,0,2026-06-06 07:09:40.300774
2975,ESP_NODE_04,0,0,0.0,0,2026-06-06 07:10:46.419156
2976,ESP_NODE_04,0,0,0.0,0,2026-06-06 07:11:52.710207
2977,ESP_NODE_04,0,0,0.0,0,2026-06-06 07:14:13.815482
2978,ESP_NODE_04,0,0,0.0,0,2026-06-06 07:15:20.073961
2979,ESP_NODE_04,0,0,0.0,0,2026-06-06 07:17:41.287915
2980,ESP_NODE_04,0,0,0.0,0,2026-06-06 07:20:02.536495
2981,ESP_NODE_04,0,0,0.0,0,2026-06-06 07:21:08.401899
2982,ESP_NODE_04,0,0,0.0,0,2026-06-06 07:22:14.607450
2983,ESP_NODE_04,0,0,0.0,0,2026-06-06 07:24:35.791707
2984,ESP_NODE_04,0,0,0.0,0,2026-06-06 07:25:41.680681
2985,ESP_NODE_04,0,0,0.0,0,2026-06-06 07:26:47.525547
2986,ESP_NODE_04,0,0,0.0,0,2026-06-06 07:27:53.747370
2987,ESP_NODE_04,0,0,0.0,0,2026-06-06 07:30:14.858423
2988,ESP_NODE_04,0,0,0.0,0,2026-06-06 07:31:21.029182
2989,ESP_NODE_04,0,0,0.0,0,2026-06-06 07:33:42.232829
2990,ESP_NODE_04,0,0,0.0,0,2026-06-06 07:36:03.430494
2991,ESP_NODE_04,0,0,0.0,0,2026-06-06 07:37:09.885344
2992,ESP_NODE_04,0,0,0.0,0,2026-06-06 07:39:31.108482
2993,ESP_NODE_04,0,0,0.0,0,2026-06-06 07:41:52.499611
2994,ESP_NODE_04,0,0,0.0,0,2026-06-06 07:44:13.722516
2995,ESP_NODE_04,0,0,0.0,0,2026-06-06 07:45:19.860859
2996,ESP_NODE_04,0,0,0.0,0,2026-06-06 07:46:25.850576
2997,ESP_NODE_04,0,0,0.0,0,2026-06-06 07:48:46.820425
2998,ESP_NODE_04,0,0,0.0,0,2026-06-06 07:49:54.354877
2999,ESP_NODE_04,0,0,0.0,0,2026-06-06 07:51:00.268254
3000,ESP_NODE_04,0,0,0.0,0,2026-06-06 07:52:06.346805
3001,ESP_NODE_04,0,0,0.0,0,2026-06-06 07:53:12.541117
3002,ESP_NODE_04,0,0,0.0,0,2026-06-06 07:54:18.485867
3003,ESP_NODE_04,0,0,0.0,0,2026-06-06 07:55:24.584468
3004,ESP_NODE_04,0,0,0.0,0,2026-06-06 07:56:30.653341
3005,ESP_NODE_04,0,0,0.0,0,2026-06-06 07:57:36.890646
3006,ESP_NODE_04,0,0,0.0,0,2026-06-06 07:59:57.812354
3007,ESP_NODE_04,0,0,0.0,0,2026-06-06 08:02:18.910422
3008,ESP_NODE_04,0,0,0.0,0,2026-06-06 08:03:24.781276
3009,ESP_NODE_04,0,0,0.0,0,2026-06-06 08:04:30.830633
3010,ESP_NODE_04,0,0,0.0,0,2026-06-06 08:05:37.085029
3011,ESP_NODE_04,0,0,0.0,0,2026-06-06 08:06:43.318594
3012,ESP_NODE_04,0,0,0.0,0,2026-06-06 08:07:49.433003
3013,ESP_NODE_04,1,0,1.0,2,2026-06-06 08:08:55.336565
3014,ESP_NODE_04,1,0,1.0,2,2026-06-06 08:10:01.463022
3015,ESP_NODE_04,0,0,0.0,0,2026-06-06 08:11:07.710623
3016,ESP_NODE_04,0,0,0.0,0,2026-06-06 08:12:13.744348
3017,ESP_NODE_04,0,0,0.0,0,2026-06-06 08:13:19.816633
3018,ESP_NODE_04,0,0,0.0,0,2026-06-06 08:14:25.847779
3019,ESP_NODE_04,0,0,0.0,0,2026-06-06 08:15:31.797456
3020,ESP_NODE_04,0,0,0.0,0,2026-06-06 08:16:37.956125
3021,ESP_NODE_04,0,0,0.0,0,2026-06-06 08:17:44.029261
3022,ESP_NODE_04,0,0,0.0,0,2026-06-06 08:18:50.247347
3023,ESP_NODE_04,0,0,0.0,0,2026-06-06 08:19:56.402447
3024,ESP_NODE_04,0,0,0.0,0,2026-06-06 08:21:02.463385
3025,ESP_NODE_04,0,0,0.0,0,2026-06-06 08:22:08.631083
3026,ESP_NODE_04,0,0,0.0,0,2026-06-06 08:23:14.863054
3027,ESP_NODE_04,0,0,0.0,0,2026-06-06 08:24:21.013535
3028,ESP_NODE_04,1,0,1.0,2,2026-06-06 08:25:27.070373
3029,ESP_NODE_04,0,0,0.0,0,2026-06-06 08:26:32.943216
3030,ESP_NODE_04,0,0,0.0,0,2026-06-06 08:27:38.778349
3031,ESP_NODE_04,0,0,0.0,0,2026-06-06 08:28:44.807873
3032,ESP_NODE_04,0,0,0.0,0,2026-06-06 08:29:50.961676
3033,ESP_NODE_04,0,0,0.0,0,2026-06-06 08:30:57.224970
3034,ESP_NODE_04,0,0,0.0,0,2026-06-06 08:32:03.482450
3035,ESP_NODE_04,0,0,0.0,0,2026-06-06 08:33:09.827377
3036,ESP_NODE_04,0,0,0.0,0,2026-06-06 08:34:15.900858
3037,ESP_NODE_04,1,0,1.0,2,2026-06-06 08:35:22.016204
3038,ESP_NODE_04,0,0,0.0,0,2026-06-06 08:36:28.060684
3039,ESP_NODE_04,0,0,0.0,0,2026-06-06 08:37:34.023469
3040,ESP_NODE_04,1,0,1.0,2,2026-06-06 08:38:40.159315
3041,ESP_NODE_04,2,0,1.0,2,2026-06-06 08:39:45.926486
3042,ESP_NODE_04,1,0,1.0,2,2026-06-06 08:40:52.024214
3043,ESP_NODE_04,0,0,0.0,0,2026-06-06 08:43:13.158914
3044,ESP_NODE_04,1,0,1.0,2,2026-06-06 08:45:34.379122
3045,ESP_NODE_04,0,0,0.0,0,2026-06-06 08:46:40.263834
3046,ESP_NODE_04,0,0,0.0,0,2026-06-06 08:47:46.359843
3047,ESP_NODE_04,0,0,0.0,0,2026-06-06 08:48:52.516163
3048,ESP_NODE_04,0,0,0.0,0,2026-06-06 08:49:58.396728
3049,ESP_NODE_04,0,0,0.0,0,2026-06-06 08:51:04.528621
3050,ESP_NODE_04,0,0,0.0,0,2026-06-06 08:52:10.584327
3051,ESP_NODE_04,0,0,0.0,0,2026-06-06 08:53:16.543463
3052,ESP_NODE_04,0,0,0.0,0,2026-06-06 08:54:22.875406
3053,ESP_NODE_04,0,0,0.0,0,2026-06-06 08:55:28.644306
3054,ESP_NODE_04,0,0,0.0,0,2026-06-06 08:56:34.864004
3055,ESP_NODE_04,0,0,0.0,0,2026-06-06 08:57:40.825389
3056,ESP_NODE_04,0,0,0.0,0,2026-06-06 08:58:47.276147
3057,ESP_NODE_04,0,0,0.0,0,2026-06-06 08:59:53.633327
3058,ESP_NODE_04,0,0,0.0,0,2026-06-06 09:00:59.775577
3059,ESP_NODE_04,0,0,0.0,0,2026-06-06 09:02:05.453594
3060,ESP_NODE_04,0,0,0.0,0,2026-06-06 09:03:11.498453
3061,ESP_NODE_04,0,0,0.0,0,2026-06-06 09:05:32.775776
3062,ESP_NODE_04,0,0,0.0,0,2026-06-06 09:06:38.641197
3063,ESP_NODE_04,0,0,0.0,0,2026-06-06 09:07:44.761301
3064,ESP_NODE_04,0,0,0.0,0,2026-06-06 09:08:51.033071
3065,ESP_NODE_04,2,0,1.0,2,2026-06-06 09:09:57.415049
3066,ESP_NODE_04,0,0,0.0,0,2026-06-06 09:11:03.539231
3067,ESP_NODE_04,0,0,0.0,0,2026-06-06 09:12:09.533427
3068,ESP_NODE_04,0,0,0.0,0,2026-06-06 09:13:15.649296
3069,ESP_NODE_04,0,0,0.0,0,2026-06-06 09:14:21.983589
3070,ESP_NODE_04,0,0,0.0,0,2026-06-06 09:15:28.140857
3071,ESP_NODE_04,0,0,0.0,0,2026-06-06 09:16:34.282517
3072,ESP_NODE_04,0,0,0.0,0,2026-06-06 09:17:40.431655
3073,ESP_NODE_04,0,0,0.0,0,2026-06-06 09:18:46.315674
3074,ESP_NODE_04,0,0,0.0,0,2026-06-06 09:19:52.157519
3075,ESP_NODE_04,1,0,1.0,2,2026-06-06 09:20:58.407025
3076,ESP_NODE_04,0,0,0.0,0,2026-06-06 09:22:04.648657
3077,ESP_NODE_04,0,0,0.0,0,2026-06-06 09:24:25.856284
3078,ESP_NODE_04,0,0,0.0,0,2026-06-06 09:25:32.002387
3079,ESP_NODE_04,0,0,0.0,0,2026-06-06 09:26:38.042173
3080,ESP_NODE_04,0,0,0.0,0,2026-06-06 09:27:44.222262
3081,ESP_NODE_04,0,0,0.0,0,2026-06-06 09:28:50.568737
3082,ESP_NODE_04,1,0,1.0,2,2026-06-06 09:29:56.538695
3083,ESP_NODE_04,0,0,0.0,0,2026-06-06 09:31:02.800834
3084,ESP_NODE_04,0,0,0.0,0,2026-06-06 09:32:09.065893
3085,ESP_NODE_04,0,0,0.0,0,2026-06-06 09:33:14.785532
3086,ESP_NODE_04,0,0,0.0,0,2026-06-06 09:34:20.789768
3087,ESP_NODE_04,1,0,1.0,2,2026-06-06 09:35:26.709549
3088,ESP_NODE_04,0,0,0.0,0,2026-06-06 09:36:33.102085
3089,ESP_NODE_04,0,0,0.0,0,2026-06-06 09:37:39.092999
3090,ESP_NODE_04,0,0,0.0,0,2026-06-06 09:38:45.194698
3091,ESP_NODE_04,0,0,0.0,0,2026-06-06 09:41:06.319886
3092,ESP_NODE_04,0,0,0.0,0,2026-06-06 09:42:12.174471
3093,ESP_NODE_04,0,0,0.0,0,2026-06-06 09:43:18.294058
3094,ESP_NODE_04,0,0,0.0,0,2026-06-06 09:44:24.353184
3095,ESP_NODE_04,1,0,1.0,2,2026-06-06 09:45:30.506953
3096,ESP_NODE_04,0,0,0.0,0,2026-06-06 09:46:36.677038
3097,ESP_NODE_04,0,0,0.0,0,2026-06-06 09:47:42.919971
3098,ESP_NODE_04,0,0,0.0,0,2026-06-06 09:50:04.081051
3099,ESP_NODE_04,0,0,0.0,0,2026-06-06 09:53:40.238806
3100,ESP_NODE_04,0,0,0.0,0,2026-06-06 09:54:46.530592
3101,ESP_NODE_04,0,0,0.0,0,2026-06-06 09:55:52.743794
3102,ESP_NODE_04,3,0,2.0,3,2026-06-06 09:56:58.631628
3103,ESP_NODE_04,0,0,0.0,0,2026-06-06 09:59:19.874740
3104,ESP_NODE_04,0,0,0.0,0,2026-06-06 10:00:26.061820
3105,ESP_NODE_04,0,0,0.0,0,2026-06-06 10:01:32.137031
3106,ESP_NODE_04,0,0,0.0,0,2026-06-06 10:02:38.191128
3107,ESP_NODE_04,0,0,0.0,0,2026-06-06 10:03:44.411266
3108,ESP_NODE_04,0,0,0.0,0,2026-06-06 10:04:50.468277
3109,ESP_NODE_04,0,0,0.0,0,2026-06-06 10:05:56.519024
3110,ESP_NODE_04,0,0,0.0,0,2026-06-06 10:07:02.696291
3111,ESP_NODE_04,0,0,0.0,0,2026-06-06 10:08:08.907947
3112,ESP_NODE_04,0,0,0.0,0,2026-06-06 10:09:15.099816
3113,ESP_NODE_04,0,0,0.0,0,2026-06-06 10:10:21.335750
3114,ESP_NODE_04,0,0,0.0,0,2026-06-06 10:12:42.439603
3115,ESP_NODE_04,0,0,0.0,0,2026-06-06 10:15:03.526823
3116,ESP_NODE_04,0,0,0.0,0,2026-06-06 10:16:09.713831
3117,ESP_NODE_04,1,0,1.0,2,2026-06-06 10:17:15.855856
3118,ESP_NODE_04,0,0,0.0,0,2026-06-06 10:18:21.898198
3119,ESP_NODE_04,0,0,0.0,0,2026-06-06 10:19:28.026092
3120,ESP_NODE_04,0,0,0.0,0,2026-06-06 10:20:34.136894
3121,ESP_NODE_04,0,0,0.0,0,2026-06-06 10:21:40.364222
3122,ESP_NODE_04,0,0,0.0,0,2026-06-06 10:22:46.436494
3123,ESP_NODE_04,0,0,0.0,0,2026-06-06 10:25:08.131278
3124,ESP_NODE_04,0,0,0.0,0,2026-06-06 10:26:14.271797
3125,ESP_NODE_04,0,0,0.0,0,2026-06-06 10:28:35.291423
3126,ESP_NODE_04,0,0,0.0,0,2026-06-06 10:29:41.151986
3127,ESP_NODE_04,0,0,0.0,0,2026-06-06 10:33:17.422861
3128,ESP_NODE_04,1,0,1.0,2,2026-06-06 10:34:23.455833
3129,ESP_NODE_04,1,1,1.0,2,2026-06-06 10:35:29.099768
3130,ESP_NODE_04,0,0,0.0,0,2026-06-06 10:36:35.137956
3131,ESP_NODE_04,0,1,1.0,2,2026-06-06 10:38:56.242817
3132,ESP_NODE_04,0,0,0.0,0,2026-06-06 10:40:02.634312
3133,ESP_NODE_04,0,0,0.0,0,2026-06-06 10:41:08.669951
3134,ESP_NODE_04,0,0,0.0,0,2026-06-06 10:42:15.009287
3135,ESP_NODE_04,2,1,2.0,3,2026-06-06 10:43:20.963458
3136,ESP_NODE_04,1,1,1.0,2,2026-06-06 10:44:27.193296
3137,ESP_NODE_04,0,0,0.0,0,2026-06-06 10:48:03.617861
3138,ESP_NODE_04,0,0,0.0,0,2026-06-06 10:49:09.811120
3139,ESP_NODE_04,0,0,0.0,0,2026-06-06 10:50:16.009994
3140,ESP_NODE_04,0,0,0.0,0,2026-06-06 10:51:25.803408
3141,ESP_NODE_04,0,0,0.0,0,2026-06-06 10:53:49.605698
3142,ESP_NODE_04,0,0,0.0,0,2026-06-06 10:55:02.159578
3143,ESP_NODE_04,0,0,0.0,0,2026-06-06 10:56:12.151770
3144,ESP_NODE_04,0,0,0.0,0,2026-06-06 10:57:26.417244
3145,ESP_NODE_04,0,0,0.0,0,2026-06-06 10:58:39.418960
3146,ESP_NODE_04,0,0,0.0,0,2026-06-06 10:59:50.271869
3147,ESP_NODE_04,0,0,0.0,0,2026-06-06 11:00:57.020872
3148,ESP_NODE_04,0,0,0.0,0,2026-06-06 11:02:03.153207
3149,ESP_NODE_04,0,0,0.0,0,2026-06-06 11:03:09.378327
3150,ESP_NODE_04,0,0,0.0,0,2026-06-06 11:04:15.795796
3151,ESP_NODE_04,0,0,0.0,0,2026-06-06 11:05:21.945852
3152,ESP_NODE_04,0,0,0.0,0,2026-06-06 11:06:27.964696
3153,ESP_NODE_04,0,0,0.0,0,2026-06-06 11:07:34.122193
3154,ESP_NODE_04,0,0,0.0,0,2026-06-06 11:08:40.294811
3155,ESP_NODE_04,0,0,0.0,0,2026-06-06 11:09:46.539607
3156,ESP_NODE_04,0,0,0.0,0,2026-06-06 11:10:52.715449
3157,ESP_NODE_04,0,0,0.0,0,2026-06-06 11:11:58.948791
3158,ESP_NODE_04,0,0,0.0,0,2026-06-06 11:13:04.714968
3159,ESP_NODE_04,0,0,0.0,0,2026-06-06 11:14:10.945370
3160,ESP_NODE_04,0,0,0.0,0,2026-06-06 11:15:16.979800
3161,ESP_NODE_04,0,0,0.0,0,2026-06-06 11:16:23.048235
3162,ESP_NODE_04,0,0,0.0,0,2026-06-06 11:17:28.985608
3163,ESP_NODE_04,2,0,1.0,2,2026-06-06 11:18:35.152726
3164,ESP_NODE_04,0,0,0.0,0,2026-06-06 11:19:41.391893
3165,ESP_NODE_04,3,1,2.0,3,2026-06-06 11:20:47.530339
3166,ESP_NODE_04,0,0,0.0,0,2026-06-06 11:23:08.665577
3167,ESP_NODE_04,0,0,0.0,0,2026-06-06 11:24:14.887338
3168,ESP_NODE_04,0,0,0.0,0,2026-06-06 11:26:35.915236
3169,ESP_NODE_04,0,0,0.0,0,2026-06-06 11:30:11.950146
3170,ESP_NODE_04,1,0,1.0,2,2026-06-06 11:31:18.147883
3171,ESP_NODE_04,2,0,1.0,2,2026-06-06 11:32:24.437432
3172,ESP_NODE_04,0,0,0.0,0,2026-06-06 11:33:30.655081
3173,ESP_NODE_04,0,0,0.0,0,2026-06-06 11:34:36.819196
3174,ESP_NODE_04,0,0,0.0,0,2026-06-06 11:38:13.359785
3175,ESP_NODE_04,0,0,0.0,0,2026-06-06 11:40:34.541015
3176,ESP_NODE_04,0,0,0.0,0,2026-06-06 11:44:10.731775
3177,ESP_NODE_04,0,0,0.0,0,2026-06-06 11:45:16.697011
3178,ESP_NODE_04,0,0,0.0,0,2026-06-06 11:46:22.331654
3179,ESP_NODE_04,0,1,1.0,2,2026-06-06 11:47:28.096304
3180,ESP_NODE_04,2,0,1.0,2,2026-06-06 11:48:34.115279
3181,ESP_NODE_04,1,1,1.0,2,2026-06-06 11:49:40.174724
3182,ESP_NODE_04,0,0,0.0,0,2026-06-06 11:52:01.298048
3183,ESP_NODE_04,0,0,0.0,0,2026-06-06 11:54:22.493540
3184,ESP_NODE_04,0,0,0.0,0,2026-06-06 11:55:28.676968
3185,ESP_NODE_04,0,0,0.0,0,2026-06-06 11:57:49.741236
3186,ESP_NODE_04,0,0,0.0,0,2026-06-06 12:00:10.950843
3187,ESP_NODE_04,0,0,0.0,0,2026-06-06 12:01:17.106061
3188,ESP_NODE_04,0,0,0.0,0,2026-06-06 12:02:23.276971
3189,ESP_NODE_04,0,0,0.0,0,2026-06-06 12:03:29.404478
3190,ESP_NODE_04,1,0,1.0,2,2026-06-06 12:04:35.347618
3191,ESP_NODE_04,0,0,0.0,0,2026-06-06 12:06:56.471629
3192,ESP_NODE_04,0,0,0.0,0,2026-06-06 12:10:32.989435
3193,ESP_NODE_04,0,0,0.0,0,2026-06-06 12:12:54.058040
3194,ESP_NODE_04,0,0,0.0,0,2026-06-06 12:14:00.324132
3195,ESP_NODE_04,0,0,0.0,0,2026-06-06 12:15:06.195488
3196,ESP_NODE_04,0,0,0.0,0,2026-06-06 12:17:34.815722
3197,ESP_NODE_04,0,0,0.0,0,2026-06-06 12:20:02.924484
3198,ESP_NODE_04,0,0,0.0,0,2026-06-06 12:22:24.217335
3199,ESP_NODE_04,0,0,0.0,0,2026-06-06 12:23:30.663156
3200,ESP_NODE_04,0,0,0.0,0,2026-06-06 12:24:36.943462
3201,ESP_NODE_04,0,0,0.0,0,2026-06-06 12:26:58.049103
3202,ESP_NODE_04,0,0,0.0,0,2026-06-06 12:28:04.190339
3203,ESP_NODE_04,0,0,0.0,0,2026-06-06 12:29:10.237568
3204,ESP_NODE_04,0,0,0.0,0,2026-06-06 12:30:16.389017
3205,ESP_NODE_04,0,0,0.0,0,2026-06-06 12:32:37.484428
3206,ESP_NODE_04,0,0,0.0,0,2026-06-06 12:33:43.400910
3207,ESP_NODE_04,0,0,0.0,0,2026-06-06 12:34:49.724869
3208,ESP_NODE_04,0,0,0.0,0,2026-06-06 12:38:25.875182
3209,ESP_NODE_04,0,0,0.0,0,2026-06-06 12:39:32.204105
3210,ESP_NODE_04,0,0,0.0,0,2026-06-06 12:44:23.370286
3211,ESP_NODE_04,0,0,0.0,0,2026-06-06 12:47:59.520677
3212,ESP_NODE_04,0,0,0.0,0,2026-06-06 12:49:05.311731
3213,ESP_NODE_04,0,0,0.0,0,2026-06-06 12:50:11.526362
3214,ESP_NODE_04,0,0,0.0,0,2026-06-06 12:51:17.786868
3215,ESP_NODE_04,0,0,0.0,0,2026-06-06 12:52:23.818255
3216,ESP_NODE_04,0,0,0.0,0,2026-06-06 12:54:46.280682
3217,ESP_NODE_04,0,0,0.0,0,2026-06-06 12:55:52.144341
3218,ESP_NODE_04,0,0,0.0,0,2026-06-06 12:56:58.166324
3219,ESP_NODE_04,0,0,0.0,0,2026-06-06 12:58:04.333159
3220,ESP_NODE_04,1,0,1.0,2,2026-06-06 12:59:10.689400
3221,ESP_NODE_04,2,0,1.0,2,2026-06-06 13:01:31.895206
3222,ESP_NODE_04,3,1,2.0,3,2026-06-06 13:02:38.343422
3223,ESP_NODE_04,8,0,6.0,10,2026-06-06 13:04:59.559039
3224,ESP_NODE_04,4,1,3.0,5,2026-06-06 13:07:20.667078
3225,ESP_NODE_04,1,2,2.0,3,2026-06-06 13:08:26.799497
3226,ESP_NODE_04,14,1,10.0,17,2026-06-06 13:09:33.081854
3227,ESP_NODE_04,2,2,2.0,3,2026-06-06 13:10:39.154463
3228,ESP_NODE_04,1,1,1.0,2,2026-06-06 13:11:45.557460
3229,ESP_NODE_04,2,1,2.0,3,2026-06-06 13:12:51.823126
3230,ESP_NODE_04,2,1,2.0,3,2026-06-06 13:13:57.773573
3231,ESP_NODE_04,13,1,9.0,15,2026-06-06 13:15:03.816580
3232,ESP_NODE_04,0,0,0.0,0,2026-06-06 13:17:25.042146
3233,ESP_NODE_04,1,0,1.0,2,2026-06-06 13:19:46.551561
3234,ESP_NODE_04,0,0,0.0,0,2026-06-06 13:20:52.828543
3235,ESP_NODE_04,0,0,0.0,0,2026-06-06 13:21:58.844524
3236,ESP_NODE_04,0,0,0.0,0,2026-06-06 13:23:05.026229
3237,ESP_NODE_04,0,0,0.0,0,2026-06-06 13:24:11.127270
3238,ESP_NODE_04,0,0,0.0,0,2026-06-06 13:26:32.154433
3239,ESP_NODE_04,0,0,0.0,0,2026-06-06 13:27:38.317273
3240,ESP_NODE_04,0,0,0.0,0,2026-06-06 13:31:14.483107
3241,ESP_NODE_04,0,0,0.0,0,2026-06-06 13:33:35.688767
3242,ESP_NODE_04,1,0,1.0,2,2026-06-06 13:34:41.837219
3243,ESP_NODE_04,0,0,0.0,0,2026-06-06 13:35:48.087091
3244,ESP_NODE_04,0,0,0.0,0,2026-06-06 13:36:54.146424
3245,ESP_NODE_04,0,0,0.0,0,2026-06-06 13:39:18.324522
3246,ESP_NODE_04,0,0,0.0,0,2026-06-06 13:40:26.910083
3247,ESP_NODE_04,0,0,0.0,0,2026-06-06 13:42:50.197725
3248,ESP_NODE_04,0,0,0.0,0,2026-06-06 13:43:59.007970
3249,ESP_NODE_04,0,0,0.0,0,2026-06-06 13:46:20.852172
3250,ESP_NODE_04,0,0,0.0,0,2026-06-06 13:48:42.146024
3251,ESP_NODE_04,0,0,0.0,0,2026-06-06 13:49:47.920569
3252,ESP_NODE_04,0,0,0.0,0,2026-06-06 13:50:54.044119
3253,ESP_NODE_04,0,0,0.0,0,2026-06-06 13:52:00.107151
3254,ESP_NODE_04,0,0,0.0,0,2026-06-06 13:53:06.080741
3255,ESP_NODE_04,3,1,2.0,3,2026-06-06 13:56:42.211612
3256,ESP_NODE_04,6,4,5.0,8,2026-06-06 13:57:48.394368
3257,ESP_NODE_04,0,4,3.0,5,2026-06-06 13:58:54.617439
3258,ESP_NODE_04,3,2,3.0,5,2026-06-06 14:00:00.776357
3259,ESP_NODE_04,1,4,3.0,5,2026-06-06 14:01:07.021990
3260,ESP_NODE_04,0,4,3.0,5,2026-06-06 14:03:28.019107
3261,ESP_NODE_04,15,2,11.0,18,2026-06-06 14:05:49.136959
3262,ESP_NODE_04,2,3,2.0,3,2026-06-06 14:06:55.287318
3263,ESP_NODE_04,1,3,2.0,3,2026-06-06 14:08:01.532465
3264,ESP_NODE_04,0,2,2.0,3,2026-06-06 14:09:07.870294
3265,ESP_NODE_04,0,4,3.0,5,2026-06-06 14:10:13.773206
3266,ESP_NODE_04,0,3,2.0,3,2026-06-06 14:11:19.985530
3267,ESP_NODE_04,4,4,4.0,7,2026-06-06 14:12:26.039754
3268,ESP_NODE_04,2,1,2.0,3,2026-06-06 14:14:47.260517
3269,ESP_NODE_04,0,0,0.0,0,2026-06-06 14:17:08.389520
3270,ESP_NODE_04,1,0,1.0,2,2026-06-06 14:18:14.406425
3271,ESP_NODE_04,5,0,4.0,7,2026-06-06 14:19:20.451121
3272,ESP_NODE_04,2,0,1.0,2,2026-06-06 14:20:26.630963
3273,ESP_NODE_04,1,0,1.0,2,2026-06-06 14:22:47.827051
3274,ESP_NODE_04,0,1,1.0,2,2026-06-06 14:23:53.689493
3275,ESP_NODE_04,1,1,1.0,2,2026-06-06 14:24:59.940306
3276,ESP_NODE_04,0,0,0.0,0,2026-06-06 14:26:06.164891
3277,ESP_NODE_04,3,0,2.0,3,2026-06-06 14:27:12.433109
3278,ESP_NODE_04,1,5,4.0,7,2026-06-06 14:28:18.483181
3279,ESP_NODE_04,1,4,3.0,5,2026-06-06 14:29:24.344588
3280,ESP_NODE_04,2,1,2.0,3,2026-06-06 14:31:45.545979
3281,ESP_NODE_04,4,4,4.0,7,2026-06-06 14:32:52.610479
3282,ESP_NODE_04,4,5,4.0,7,2026-06-06 14:33:58.538454
3283,ESP_NODE_04,2,4,3.0,5,2026-06-06 14:35:04.916243
3284,ESP_NODE_04,6,7,6.0,10,2026-06-06 14:38:41.065608
3285,ESP_NODE_04,4,2,3.0,5,2026-06-06 14:39:47.330881
3286,ESP_NODE_04,4,0,3.0,5,2026-06-06 14:40:53.204701
3287,ESP_NODE_04,11,3,9.0,15,2026-06-06 14:41:59.154885
3288,ESP_NODE_04,2,1,2.0,3,2026-06-06 14:44:20.230022
3289,ESP_NODE_04,2,4,3.0,5,2026-06-06 14:45:26.024815
3290,ESP_NODE_04,5,3,4.0,7,2026-06-06 14:46:32.238066
3291,ESP_NODE_04,1,2,2.0,3,2026-06-06 14:47:38.305881
3292,ESP_NODE_04,4,3,4.0,7,2026-06-06 14:49:59.802123
3293,ESP_NODE_04,7,7,7.0,12,2026-06-06 14:51:07.029982
3294,ESP_NODE_04,3,4,3.0,5,2026-06-06 14:52:13.146241
3295,ESP_NODE_04,2,3,2.0,3,2026-06-06 14:53:19.300205
3296,ESP_NODE_04,3,5,4.0,7,2026-06-06 14:54:25.066246
3297,ESP_NODE_04,4,7,6.0,10,2026-06-06 14:55:31.288069
3298,ESP_NODE_04,1,7,6.0,10,2026-06-06 14:57:52.521683
3299,ESP_NODE_04,4,5,4.0,7,2026-06-06 14:58:58.863003
3300,ESP_NODE_04,4,7,6.0,10,2026-06-06 15:00:05.030351
3301,ESP_NODE_04,3,6,5.0,8,2026-06-06 15:01:10.901138
3302,ESP_NODE_04,2,5,4.0,7,2026-06-06 15:02:17.101760
3303,ESP_NODE_04,4,7,6.0,10,2026-06-06 15:03:22.978161
3304,ESP_NODE_04,7,5,6.0,10,2026-06-06 15:04:29.206094
3305,ESP_NODE_04,1,4,3.0,5,2026-06-06 15:05:35.200983
3306,ESP_NODE_04,4,4,4.0,7,2026-06-06 15:06:41.215394
3307,ESP_NODE_04,2,6,5.0,8,2026-06-06 15:07:47.474220
3308,ESP_NODE_04,5,6,5.0,8,2026-06-06 15:08:53.420753
3309,ESP_NODE_04,2,6,5.0,8,2026-06-06 15:09:59.745802
3310,ESP_NODE_04,2,4,3.0,5,2026-06-06 15:11:05.528334
3311,ESP_NODE_04,4,5,4.0,7,2026-06-06 15:12:11.162120
3312,ESP_NODE_04,3,3,3.0,5,2026-06-06 15:13:17.180917
3313,ESP_NODE_04,1,5,4.0,7,2026-06-06 15:14:23.337624
3314,ESP_NODE_04,2,5,4.0,7,2026-06-06 15:15:29.121731
3315,ESP_NODE_04,2,6,5.0,8,2026-06-06 15:16:35.237466
3316,ESP_NODE_04,4,6,5.0,8,2026-06-06 15:17:41.171893
3317,ESP_NODE_04,1,5,4.0,7,2026-06-06 15:18:47.333239
3318,ESP_NODE_04,3,7,6.0,10,2026-06-06 15:19:53.501580
3319,ESP_NODE_04,0,5,4.0,7,2026-06-06 15:22:14.590011
3320,ESP_NODE_04,2,5,4.0,7,2026-06-06 15:23:20.855967
3321,ESP_NODE_04,1,6,5.0,8,2026-06-06 15:24:26.990304
3322,ESP_NODE_04,2,5,4.0,7,2026-06-06 15:25:33.444272
3323,ESP_NODE_04,1,5,4.0,7,2026-06-06 15:26:39.532335
3324,ESP_NODE_04,1,5,4.0,7,2026-06-06 15:27:45.635601
3325,ESP_NODE_04,0,7,6.0,10,2026-06-06 15:28:51.909973
3326,ESP_NODE_04,1,3,2.0,3,2026-06-06 15:29:58.139278
3327,ESP_NODE_04,2,5,4.0,7,2026-06-06 15:31:04.388899
3328,ESP_NODE_04,2,4,3.0,5,2026-06-06 15:32:10.561082
3329,ESP_NODE_04,3,4,3.0,5,2026-06-06 15:33:16.814701
3330,ESP_NODE_04,0,4,3.0,5,2026-06-06 15:34:22.774341
3331,ESP_NODE_04,2,0,1.0,2,2026-06-06 15:35:28.953845
3332,ESP_NODE_04,1,4,3.0,5,2026-06-06 15:36:35.073452
3333,ESP_NODE_04,5,4,5.0,8,2026-06-06 15:37:40.841248
3334,ESP_NODE_04,0,3,2.0,3,2026-06-06 15:40:02.191147
3335,ESP_NODE_04,2,2,2.0,3,2026-06-06 15:41:08.679735
3336,ESP_NODE_04,4,4,4.0,7,2026-06-06 15:42:14.824124
3337,ESP_NODE_04,4,3,4.0,7,2026-06-06 15:43:20.869984
3338,ESP_NODE_04,3,3,3.0,5,2026-06-06 15:44:27.142202
3339,ESP_NODE_04,5,7,6.0,10,2026-06-06 15:45:33.279567
3340,ESP_NODE_04,4,6,5.0,8,2026-06-06 15:46:39.443714
3341,ESP_NODE_04,2,4,3.0,5,2026-06-06 15:47:45.476817
3342,ESP_NODE_04,1,5,4.0,7,2026-06-06 15:48:51.718209
3343,ESP_NODE_04,2,5,4.0,7,2026-06-06 15:49:57.770651
3344,ESP_NODE_04,1,5,4.0,7,2026-06-06 15:51:04.044070
3345,ESP_NODE_04,1,6,5.0,8,2026-06-06 15:52:09.995073
3346,ESP_NODE_04,5,6,5.0,8,2026-06-06 15:54:31.221706
3347,ESP_NODE_04,0,4,3.0,5,2026-06-06 15:55:37.456454
3348,ESP_NODE_04,4,5,4.0,7,2026-06-06 15:57:58.476789
3349,ESP_NODE_04,3,5,4.0,7,2026-06-06 15:59:04.711859
3350,ESP_NODE_04,1,8,6.0,10,2026-06-06 16:00:10.601580
3351,ESP_NODE_04,1,5,4.0,7,2026-06-06 16:01:16.814580
3352,ESP_NODE_04,3,5,4.0,7,2026-06-06 16:02:22.955379
3353,ESP_NODE_04,1,5,4.0,7,2026-06-06 16:03:29.019942
3354,ESP_NODE_04,6,4,5.0,8,2026-06-06 16:05:50.116164
3355,ESP_NODE_04,2,4,3.0,5,2026-06-06 16:06:56.268334
3356,ESP_NODE_04,3,7,6.0,10,2026-06-06 16:08:02.314626
3357,ESP_NODE_04,5,7,6.0,10,2026-06-06 16:09:08.372723
3358,ESP_NODE_04,3,5,4.0,7,2026-06-06 16:10:14.520632
3359,ESP_NODE_04,7,10,8.0,13,2026-06-06 16:11:20.670891
3360,ESP_NODE_04,2,5,4.0,7,2026-06-06 16:12:26.653409
3361,ESP_NODE_04,5,7,6.0,10,2026-06-06 16:13:32.774257
3362,ESP_NODE_04,5,7,6.0,10,2026-06-06 16:14:38.745554
3363,ESP_NODE_04,3,8,6.0,10,2026-06-06 16:15:44.756741
3364,ESP_NODE_04,2,6,5.0,8,2026-06-06 16:18:05.963226
3365,ESP_NODE_04,1,8,6.0,10,2026-06-06 16:19:12.011026
3366,ESP_NODE_04,4,7,6.0,10,2026-06-06 16:20:18.188193
3367,ESP_NODE_04,4,7,6.0,10,2026-06-06 16:21:24.331266
3368,ESP_NODE_04,1,10,8.0,13,2026-06-06 16:22:30.381348
3369,ESP_NODE_04,3,7,6.0,10,2026-06-06 16:23:36.524446
3370,ESP_NODE_04,13,6,11.0,18,2026-06-06 16:24:42.884277
3371,ESP_NODE_04,5,8,6.0,10,2026-06-06 16:25:49.461389
3372,ESP_NODE_04,4,9,7.0,12,2026-06-06 16:26:55.795589
3373,ESP_NODE_04,1,10,8.0,13,2026-06-06 16:28:02.052768
3374,ESP_NODE_04,0,10,8.0,13,2026-06-06 16:29:07.995876
3375,ESP_NODE_04,1,7,6.0,10,2026-06-06 16:30:14.246873
3376,ESP_NODE_04,3,6,5.0,8,2026-06-06 16:31:20.059268
3377,ESP_NODE_04,4,8,6.0,10,2026-06-06 16:32:26.351780
3378,ESP_NODE_04,2,6,5.0,8,2026-06-06 16:33:32.328551
3379,ESP_NODE_04,7,5,6.0,10,2026-06-06 16:34:38.347831
3380,ESP_NODE_04,5,9,7.0,12,2026-06-06 16:36:59.408061
3381,ESP_NODE_04,5,4,5.0,8,2026-06-06 16:38:05.393378
3382,ESP_NODE_04,1,5,4.0,7,2026-06-06 16:39:11.438220
3383,ESP_NODE_04,3,6,5.0,8,2026-06-06 16:40:17.615239
3384,ESP_NODE_04,2,6,5.0,8,2026-06-06 16:41:23.866110
3385,ESP_NODE_04,1,8,6.0,10,2026-06-06 16:42:29.737130
3386,ESP_NODE_04,2,7,6.0,10,2026-06-06 16:43:35.577596
3387,ESP_NODE_04,5,7,6.0,10,2026-06-06 16:44:41.706565
3388,ESP_NODE_04,6,10,8.0,13,2026-06-06 16:45:48.155251
3389,ESP_NODE_04,2,5,4.0,7,2026-06-06 16:46:54.133290
3390,ESP_NODE_04,3,8,6.0,10,2026-06-06 16:48:00.279975
3391,ESP_NODE_04,6,8,7.0,12,2026-06-06 16:49:06.302185
3392,ESP_NODE_04,1,5,4.0,7,2026-06-06 16:50:12.242697
3393,ESP_NODE_04,3,7,6.0,10,2026-06-06 16:51:18.222393
3394,ESP_NODE_04,7,8,7.0,12,2026-06-06 16:52:24.655507
3395,ESP_NODE_04,2,6,5.0,8,2026-06-06 16:53:30.648532
3396,ESP_NODE_04,2,6,5.0,8,2026-06-06 16:54:36.947751
3397,ESP_NODE_04,8,6,7.0,12,2026-06-06 16:55:43.414892
3398,ESP_NODE_04,6,7,6.0,10,2026-06-06 16:56:49.757516
3399,ESP_NODE_04,6,7,6.0,10,2026-06-06 16:57:56.051536
3400,ESP_NODE_04,4,6,5.0,8,2026-06-06 16:59:02.288110
3401,ESP_NODE_04,2,5,4.0,7,2026-06-06 17:00:08.775671
3402,ESP_NODE_04,0,8,6.0,10,2026-06-06 17:01:15.091832
3403,ESP_NODE_04,4,7,6.0,10,2026-06-06 17:02:21.449746
3404,ESP_NODE_04,4,7,6.0,10,2026-06-06 17:03:27.495887
3405,ESP_NODE_04,5,6,5.0,8,2026-06-06 17:04:33.766575
3406,ESP_NODE_04,6,10,8.0,13,2026-06-06 17:05:40.049805
3407,ESP_NODE_04,6,9,7.0,12,2026-06-06 17:08:01.226382
3408,ESP_NODE_04,1,7,6.0,10,2026-06-06 17:09:07.395840
3409,ESP_NODE_04,5,6,5.0,8,2026-06-06 17:10:13.515475
3410,ESP_NODE_04,2,9,7.0,12,2026-06-06 17:11:19.393804
3411,ESP_NODE_04,9,9,9.0,15,2026-06-06 17:12:25.442633
3412,ESP_NODE_04,3,5,4.0,7,2026-06-06 17:13:31.544481
3413,ESP_NODE_04,9,5,8.0,13,2026-06-06 17:14:37.928400
3414,ESP_NODE_04,6,7,6.0,10,2026-06-06 17:15:44.264046
3415,ESP_NODE_04,9,8,9.0,15,2026-06-06 17:16:50.388953
3416,ESP_NODE_04,5,7,6.0,10,2026-06-06 17:17:56.678572
3417,ESP_NODE_04,10,6,9.0,15,2026-06-06 17:19:02.920328
3418,ESP_NODE_04,11,10,11.0,18,2026-06-06 17:20:09.183299
3419,ESP_NODE_04,1,9,7.0,12,2026-06-06 17:21:15.316580
3420,ESP_NODE_04,10,11,10.0,17,2026-06-06 17:22:21.523687
3421,ESP_NODE_04,4,8,6.0,10,2026-06-06 17:23:27.841283
3422,ESP_NODE_04,9,8,9.0,15,2026-06-06 17:24:34.007350
3423,ESP_NODE_04,6,7,6.0,10,2026-06-06 17:25:39.756504
3424,ESP_NODE_04,6,4,5.0,8,2026-06-06 17:26:45.880210
3425,ESP_NODE_04,4,8,6.0,10,2026-06-06 17:27:52.230296
3426,ESP_NODE_04,3,6,5.0,8,2026-06-06 17:28:58.493869
3427,ESP_NODE_04,4,7,6.0,10,2026-06-06 17:30:04.735828
3428,ESP_NODE_04,7,8,7.0,12,2026-06-06 17:31:10.516024
3429,ESP_NODE_04,4,7,6.0,10,2026-06-06 17:32:16.733586
3430,ESP_NODE_04,5,9,7.0,12,2026-06-06 17:34:37.944457
3431,ESP_NODE_04,2,10,8.0,13,2026-06-06 17:35:44.276642
3432,ESP_NODE_04,5,7,6.0,10,2026-06-06 17:36:50.386616
3433,ESP_NODE_04,5,9,7.0,12,2026-06-06 17:37:56.291085
3434,ESP_NODE_04,2,9,7.0,12,2026-06-06 17:39:02.460050
3435,ESP_NODE_04,6,9,7.0,12,2026-06-06 17:40:08.600483
3436,ESP_NODE_04,13,9,12.0,20,2026-06-06 17:41:14.671414
3437,ESP_NODE_04,3,8,6.0,10,2026-06-06 17:42:20.812324
3438,ESP_NODE_04,7,10,8.0,13,2026-06-06 17:43:27.057291
3439,ESP_NODE_04,10,8,9.0,15,2026-06-06 17:44:33.199270
3440,ESP_NODE_04,2,15,12.0,20,2026-06-06 17:45:39.149551
3441,ESP_NODE_04,1,8,6.0,10,2026-06-06 17:46:45.127363
3442,ESP_NODE_04,1,9,7.0,12,2026-06-06 17:47:51.449040
3443,ESP_NODE_04,2,9,7.0,12,2026-06-06 17:48:57.487786
3444,ESP_NODE_04,10,7,9.0,15,2026-06-06 17:50:03.285228
3445,ESP_NODE_04,3,7,6.0,10,2026-06-06 17:51:09.388039
3446,ESP_NODE_04,5,6,5.0,8,2026-06-06 17:52:15.646063
3447,ESP_NODE_04,5,8,6.0,10,2026-06-06 17:53:21.693364
3448,ESP_NODE_04,4,11,9.0,15,2026-06-06 17:54:27.892752
3449,ESP_NODE_04,6,6,6.0,10,2026-06-06 17:55:34.119954
3450,ESP_NODE_04,2,6,5.0,8,2026-06-06 17:56:40.034386
3451,ESP_NODE_04,5,12,10.0,17,2026-06-06 17:57:46.093599
3452,ESP_NODE_04,7,11,9.0,15,2026-06-06 17:58:52.149988
3453,ESP_NODE_04,2,6,5.0,8,2026-06-06 17:59:58.128396
3454,ESP_NODE_04,2,7,6.0,10,2026-06-06 18:01:04.073023
3455,ESP_NODE_04,4,9,7.0,12,2026-06-06 18:02:10.238487
3456,ESP_NODE_04,6,9,7.0,12,2026-06-06 18:03:16.353906
3457,ESP_NODE_04,3,8,6.0,10,2026-06-06 18:04:22.233042
3458,ESP_NODE_04,4,8,6.0,10,2026-06-06 18:05:28.329897
3459,ESP_NODE_04,2,8,6.0,10,2026-06-06 18:06:34.181073
3460,ESP_NODE_04,4,9,7.0,12,2026-06-06 18:07:40.329844
3461,ESP_NODE_04,5,12,10.0,17,2026-06-06 18:08:46.479037
3462,ESP_NODE_04,6,10,8.0,13,2026-06-06 18:09:52.589332
3463,ESP_NODE_04,5,9,7.0,12,2026-06-06 18:11:02.783537
3464,ESP_NODE_04,7,7,7.0,12,2026-06-06 18:12:08.762230
3465,ESP_NODE_04,3,8,6.0,10,2026-06-06 18:14:30.175648
3466,ESP_NODE_04,4,12,10.0,17,2026-06-06 18:15:36.224528
3467,ESP_NODE_04,3,8,6.0,10,2026-06-06 18:16:42.266042
3468,ESP_NODE_04,3,8,6.0,10,2026-06-06 18:17:48.465112
3469,ESP_NODE_04,0,11,9.0,15,2026-06-06 18:18:54.763531
3470,ESP_NODE_04,5,8,6.0,10,2026-06-06 18:20:00.722076
3471,ESP_NODE_04,3,10,8.0,13,2026-06-06 18:21:06.985900
3472,ESP_NODE_04,4,9,7.0,12,2026-06-06 18:22:12.924465
3473,ESP_NODE_04,2,10,8.0,13,2026-06-06 18:23:18.856192
3474,ESP_NODE_04,3,8,6.0,10,2026-06-06 18:24:25.104506
3475,ESP_NODE_04,2,5,4.0,7,2026-06-06 18:25:31.155738
3476,ESP_NODE_04,4,7,6.0,10,2026-06-06 18:26:37.385749
3477,ESP_NODE_04,2,12,10.0,17,2026-06-06 18:27:43.586667
3478,ESP_NODE_04,5,10,8.0,13,2026-06-06 18:28:50.125973
3479,ESP_NODE_04,1,9,7.0,12,2026-06-06 18:29:56.117274
3480,ESP_NODE_04,4,10,8.0,13,2026-06-06 18:31:02.340412
3481,ESP_NODE_04,4,10,8.0,13,2026-06-06 18:32:08.570776
3482,ESP_NODE_04,3,8,6.0,10,2026-06-06 18:33:15.021781
3483,ESP_NODE_04,1,6,5.0,8,2026-06-06 18:34:21.274708
3484,ESP_NODE_04,7,10,8.0,13,2026-06-06 18:35:27.423967
3485,ESP_NODE_04,4,8,6.0,10,2026-06-06 18:36:33.774078
3486,ESP_NODE_04,1,6,5.0,8,2026-06-06 18:37:39.991127
3487,ESP_NODE_04,1,7,6.0,10,2026-06-06 18:40:01.154564
3488,ESP_NODE_04,6,5,6.0,10,2026-06-06 18:42:22.261421
3489,ESP_NODE_04,4,8,6.0,10,2026-06-06 18:43:28.319081
3490,ESP_NODE_04,1,10,8.0,13,2026-06-06 18:44:34.273627
3491,ESP_NODE_04,2,13,10.0,17,2026-06-06 18:45:40.358213
3492,ESP_NODE_04,2,8,6.0,10,2026-06-06 18:46:46.456077
3493,ESP_NODE_04,4,7,6.0,10,2026-06-06 18:47:52.441320
3494,ESP_NODE_04,5,7,6.0,10,2026-06-06 18:48:58.185588
3495,ESP_NODE_04,4,6,5.0,8,2026-06-06 18:50:04.301818
3496,ESP_NODE_04,1,10,8.0,13,2026-06-06 18:51:10.620454
3497,ESP_NODE_04,4,7,6.0,10,2026-06-06 18:52:16.802100
3498,ESP_NODE_04,2,5,4.0,7,2026-06-06 18:53:22.840297
3499,ESP_NODE_04,2,4,3.0,5,2026-06-06 18:54:29.017812
3500,ESP_NODE_04,6,4,5.0,8,2026-06-06 18:55:35.264678
3501,ESP_NODE_04,2,6,5.0,8,2026-06-06 18:56:41.613913
3502,ESP_NODE_04,4,4,4.0,7,2026-06-06 18:57:47.594903
3503,ESP_NODE_04,3,3,3.0,5,2026-06-06 18:58:53.605577
3504,ESP_NODE_04,1,6,5.0,8,2026-06-06 18:59:59.457676
3505,ESP_NODE_04,2,3,2.0,3,2026-06-06 19:01:05.200028
3506,ESP_NODE_04,2,2,2.0,3,2026-06-06 19:02:11.519010
3507,ESP_NODE_04,2,4,3.0,5,2026-06-06 19:03:17.690891
3508,ESP_NODE_04,2,3,2.0,3,2026-06-06 19:04:23.773450
3509,ESP_NODE_04,6,5,6.0,10,2026-06-06 19:05:29.895269
3510,ESP_NODE_04,1,6,5.0,8,2026-06-06 19:07:51.105917
3511,ESP_NODE_04,3,4,3.0,5,2026-06-06 19:08:57.358805
3512,ESP_NODE_04,7,4,6.0,10,2026-06-06 19:10:03.534741
3513,ESP_NODE_04,3,3,3.0,5,2026-06-06 19:11:09.788690
3514,ESP_NODE_04,1,3,2.0,3,2026-06-06 19:12:16.232799
3515,ESP_NODE_04,7,5,6.0,10,2026-06-06 19:13:22.809166
3516,ESP_NODE_04,3,4,3.0,5,2026-06-06 19:14:28.978551
3517,ESP_NODE_04,1,6,5.0,8,2026-06-06 19:15:35.291011
3518,ESP_NODE_04,2,6,5.0,8,2026-06-06 19:16:41.463355
3519,ESP_NODE_04,2,2,2.0,3,2026-06-06 19:17:47.599984
3520,ESP_NODE_04,3,3,3.0,5,2026-06-06 19:18:54.165001
3521,ESP_NODE_04,2,3,2.0,3,2026-06-06 19:20:00.152601
3522,ESP_NODE_04,4,2,3.0,5,2026-06-06 19:21:06.461412
3523,ESP_NODE_04,4,2,3.0,5,2026-06-06 19:22:12.412721
3524,ESP_NODE_04,4,3,4.0,7,2026-06-06 19:23:18.661632
3525,ESP_NODE_04,1,3,2.0,3,2026-06-06 19:24:24.807827
3526,ESP_NODE_04,4,3,4.0,7,2026-06-06 19:25:31.075550
3527,ESP_NODE_04,1,2,2.0,3,2026-06-06 19:26:37.113230
3528,ESP_NODE_04,2,4,3.0,5,2026-06-06 19:27:43.335681
3529,ESP_NODE_04,0,4,3.0,5,2026-06-06 19:28:49.842996
3530,ESP_NODE_04,4,5,4.0,7,2026-06-06 19:31:11.112837
3531,ESP_NODE_04,1,4,3.0,5,2026-06-06 19:32:17.621260
3532,ESP_NODE_04,3,3,3.0,5,2026-06-06 19:33:23.960242
3533,ESP_NODE_04,1,3,2.0,3,2026-06-06 19:34:30.124692
3534,ESP_NODE_04,2,3,2.0,3,2026-06-06 19:35:36.257449
3535,ESP_NODE_04,8,3,6.0,10,2026-06-06 19:36:42.421765
3536,ESP_NODE_04,4,5,4.0,7,2026-06-06 19:39:04.243848
3537,ESP_NODE_04,9,6,8.0,13,2026-06-06 19:41:25.550383
3538,ESP_NODE_04,5,5,5.0,8,2026-06-06 19:42:31.594998
3539,ESP_NODE_04,7,6,7.0,12,2026-06-06 19:43:37.953504
3540,ESP_NODE_04,14,8,12.0,20,2026-06-06 19:44:44.212317
3541,ESP_NODE_04,15,4,12.0,20,2026-06-06 19:47:05.525904
3542,ESP_NODE_04,9,5,8.0,13,2026-06-06 19:49:26.945269
3543,ESP_NODE_04,5,6,5.0,8,2026-06-06 19:50:32.967115
3544,ESP_NODE_04,5,7,6.0,10,2026-06-06 19:51:39.337711
3545,ESP_NODE_04,4,5,4.0,7,2026-06-06 19:54:00.384656
3546,ESP_NODE_04,8,7,8.0,13,2026-06-06 19:57:41.731888
3547,ESP_NODE_04,7,11,9.0,15,2026-06-06 20:00:03.071286
3548,ESP_NODE_04,4,9,7.0,12,2026-06-06 20:01:09.405346
3549,ESP_NODE_04,9,10,9.0,15,2026-06-06 20:02:15.956276
3550,ESP_NODE_04,7,11,9.0,15,2026-06-06 20:03:22.125223
3551,ESP_NODE_04,3,9,7.0,12,2026-06-06 20:04:28.990978
3552,ESP_NODE_04,4,7,6.0,10,2026-06-06 20:05:35.053795
3553,ESP_NODE_04,2,9,7.0,12,2026-06-06 20:06:41.390323
3554,ESP_NODE_04,7,8,7.0,12,2026-06-06 20:07:47.617426
3555,ESP_NODE_04,4,8,6.0,10,2026-06-06 20:08:53.795482
3556,ESP_NODE_04,4,8,6.0,10,2026-06-06 20:10:00.049790
3557,ESP_NODE_04,8,6,7.0,12,2026-06-06 20:11:06.307038
3558,ESP_NODE_04,12,4,10.0,17,2026-06-06 20:13:27.509223
3559,ESP_NODE_04,6,7,6.0,10,2026-06-06 20:15:48.930236
3560,ESP_NODE_04,5,4,5.0,8,2026-06-06 20:16:55.384674
3561,ESP_NODE_04,5,6,5.0,8,2026-06-06 20:18:01.844448
3562,ESP_NODE_04,1,5,4.0,7,2026-06-06 20:19:08.621745
3563,ESP_NODE_04,2,3,2.0,3,2026-06-06 20:20:14.772744
3564,ESP_NODE_04,3,6,5.0,8,2026-06-06 20:21:21.019259
3565,ESP_NODE_04,9,8,9.0,15,2026-06-06 20:23:42.082772
3566,ESP_NODE_04,13,7,11.0,18,2026-06-06 20:26:03.959568
3567,ESP_NODE_04,14,8,12.0,20,2026-06-06 20:27:11.870564
3568,ESP_NODE_04,7,7,7.0,12,2026-06-06 20:32:05.515659
3569,ESP_NODE_04,5,10,8.0,13,2026-06-06 20:33:12.224147
3570,ESP_NODE_04,2,9,7.0,12,2026-06-06 20:34:18.347630
3571,ESP_NODE_04,13,12,13.0,22,2026-06-06 20:35:24.713390
3572,ESP_NODE_04,7,11,9.0,15,2026-06-06 20:36:30.953873
3573,ESP_NODE_04,6,12,10.0,17,2026-06-06 20:38:52.167305
3574,ESP_NODE_04,9,12,10.0,17,2026-06-06 20:39:58.514538
3575,ESP_NODE_04,6,8,7.0,12,2026-06-06 20:41:04.472157
3576,ESP_NODE_04,2,8,6.0,10,2026-06-06 20:42:10.547619
3577,ESP_NODE_04,6,10,8.0,13,2026-06-06 20:43:16.568559
3578,ESP_NODE_04,2,10,8.0,13,2026-06-06 20:44:22.623141
3579,ESP_NODE_04,1,12,10.0,17,2026-06-06 20:45:28.865040
3580,ESP_NODE_04,2,10,8.0,13,2026-06-06 20:47:50.009373
3581,ESP_NODE_04,1,8,6.0,10,2026-06-06 20:48:56.138357
3582,ESP_NODE_04,3,9,7.0,12,2026-06-06 20:50:02.291982
3583,ESP_NODE_04,4,11,9.0,15,2026-06-06 20:51:08.444073
3584,ESP_NODE_04,4,11,9.0,15,2026-06-06 20:52:14.686985
3585,ESP_NODE_04,7,11,9.0,15,2026-06-06 20:53:21.052582
3586,ESP_NODE_04,0,11,9.0,15,2026-06-06 20:54:27.271489
3587,ESP_NODE_04,6,13,10.0,17,2026-06-06 20:55:33.662651
3588,ESP_NODE_04,0,9,7.0,12,2026-06-06 20:56:39.929675
3589,ESP_NODE_04,2,7,6.0,10,2026-06-06 20:59:01.316685
3590,ESP_NODE_04,4,11,9.0,15,2026-06-06 21:00:07.584015
3591,ESP_NODE_04,4,11,9.0,15,2026-06-06 21:01:13.448081
3592,ESP_NODE_04,3,8,6.0,10,2026-06-06 21:03:34.844886
3593,ESP_NODE_04,0,9,7.0,12,2026-06-06 21:04:40.993355
3594,ESP_NODE_04,1,11,9.0,15,2026-06-06 21:07:02.506778
3595,ESP_NODE_04,0,13,10.0,17,2026-06-06 21:09:23.812057
3596,ESP_NODE_04,0,7,6.0,10,2026-06-06 21:10:29.982848
3597,ESP_NODE_04,0,11,9.0,15,2026-06-06 21:11:36.736243
3598,ESP_NODE_04,0,11,9.0,15,2026-06-06 21:12:43.304006
3599,ESP_NODE_04,1,11,9.0,15,2026-06-06 21:13:50.055781
3600,ESP_NODE_04,5,13,10.0,17,2026-06-06 21:16:11.167251
3601,ESP_NODE_04,4,11,9.0,15,2026-06-06 21:17:17.223563
3602,ESP_NODE_04,1,9,7.0,12,2026-06-06 21:19:38.672144
3603,ESP_NODE_04,2,8,6.0,10,2026-06-06 21:20:44.895461
3604,ESP_NODE_04,2,10,8.0,13,2026-06-06 21:25:36.158815
3605,ESP_NODE_04,7,7,7.0,12,2026-06-06 21:27:57.323262
3606,ESP_NODE_04,4,9,7.0,12,2026-06-06 21:29:03.283689
3607,ESP_NODE_04,0,7,6.0,10,2026-06-06 21:32:39.971025
3608,ESP_NODE_04,18,8,15.0,25,2026-06-06 21:33:46.107077
3609,ESP_NODE_04,2,8,6.0,10,2026-06-06 21:34:52.160441
3610,ESP_NODE_04,4,8,6.0,10,2026-06-06 21:37:13.579801
3611,ESP_NODE_04,3,9,7.0,12,2026-06-06 21:38:19.762900
3612,ESP_NODE_04,1,8,6.0,10,2026-06-06 21:39:26.091668
3613,ESP_NODE_04,3,7,6.0,10,2026-06-06 21:45:32.504164
3614,ESP_NODE_04,6,4,5.0,8,2026-06-06 21:46:38.666597
3615,ESP_NODE_04,4,5,4.0,7,2026-06-06 21:47:45.324320
3616,ESP_NODE_04,1,6,5.0,8,2026-06-06 21:50:12.104726
3617,ESP_NODE_04,6,4,5.0,8,2026-06-06 21:51:19.806394
3618,ESP_NODE_04,3,5,4.0,7,2026-06-06 21:54:58.965589
3619,ESP_NODE_04,0,4,3.0,5,2026-06-06 21:58:35.047180
3620,ESP_NODE_04,3,5,4.0,7,2026-06-06 21:59:41.177719
3621,ESP_NODE_04,0,9,7.0,12,2026-06-06 22:00:47.537834
3622,ESP_NODE_04,1,6,5.0,8,2026-06-06 22:01:53.472359
3623,ESP_NODE_04,0,4,3.0,5,2026-06-06 22:02:59.644642
3624,ESP_NODE_04,4,4,4.0,7,2026-06-06 22:04:05.914479
3625,ESP_NODE_04,0,4,3.0,5,2026-06-06 22:05:12.045913
3626,ESP_NODE_04,1,5,4.0,7,2026-06-06 22:06:18.180221
3627,ESP_NODE_04,7,10,8.0,13,2026-06-06 22:08:39.361520
3628,ESP_NODE_04,4,8,6.0,10,2026-06-06 22:09:45.288464
3629,ESP_NODE_04,5,9,7.0,12,2026-06-06 22:10:51.612458
3630,ESP_NODE_04,3,7,6.0,10,2026-06-06 22:11:57.744253
3631,ESP_NODE_04,3,3,3.0,5,2026-06-06 22:13:04.021225
3632,ESP_NODE_04,4,5,4.0,7,2026-06-06 22:14:10.334157
3633,ESP_NODE_04,0,2,2.0,3,2026-06-06 22:15:16.361421
3634,ESP_NODE_04,1,1,1.0,2,2026-06-06 22:17:37.514297
3635,ESP_NODE_04,2,2,2.0,3,2026-06-06 22:21:14.504074
3636,ESP_NODE_04,3,1,2.0,3,2026-06-06 22:22:21.063556
3637,ESP_NODE_04,1,2,2.0,3,2026-06-06 22:24:42.500108
3638,ESP_NODE_04,4,2,3.0,5,2026-06-06 22:25:49.376839
3639,ESP_NODE_04,2,3,2.0,3,2026-06-06 22:26:55.506312
3640,ESP_NODE_04,0,2,2.0,3,2026-06-06 22:29:17.034109
3641,ESP_NODE_04,2,1,2.0,3,2026-06-06 22:30:23.294244
3642,ESP_NODE_04,2,3,2.0,3,2026-06-06 22:31:29.343580
3643,ESP_NODE_04,0,3,2.0,3,2026-06-06 22:32:35.781258
3644,ESP_NODE_04,1,3,2.0,3,2026-06-06 22:33:42.788477
3645,ESP_NODE_04,0,2,2.0,3,2026-06-06 22:34:48.720061
3646,ESP_NODE_04,2,2,2.0,3,2026-06-06 22:35:54.779565
3647,ESP_NODE_04,2,2,2.0,3,2026-06-06 22:37:01.004561
3648,ESP_NODE_04,1,1,1.0,2,2026-06-06 22:38:07.084960
3649,ESP_NODE_04,0,0,0.0,0,2026-06-06 22:39:13.203446
3650,ESP_NODE_04,0,1,1.0,2,2026-06-06 22:40:19.262042
3651,ESP_NODE_04,1,2,2.0,3,2026-06-06 22:41:25.403591
3652,ESP_NODE_04,2,2,2.0,3,2026-06-06 22:42:31.454850
3653,ESP_NODE_04,2,3,2.0,3,2026-06-06 22:44:52.668624
3654,ESP_NODE_04,2,4,3.0,5,2026-06-06 22:45:58.823770
3655,ESP_NODE_04,3,3,3.0,5,2026-06-06 22:47:05.073487
3656,ESP_NODE_04,6,3,5.0,8,2026-06-06 22:48:11.232229
3657,ESP_NODE_04,4,3,4.0,7,2026-06-06 22:49:17.502252
3658,ESP_NODE_04,0,1,1.0,2,2026-06-06 22:50:23.830228
3659,ESP_NODE_04,0,2,2.0,3,2026-06-06 22:51:30.098013
3660,ESP_NODE_04,2,1,2.0,3,2026-06-06 22:52:36.248420
3661,ESP_NODE_04,0,0,0.0,0,2026-06-06 22:53:41.986755
3662,ESP_NODE_04,4,2,3.0,5,2026-06-06 22:54:48.028012
3663,ESP_NODE_04,0,1,1.0,2,2026-06-06 22:55:53.903711
3664,ESP_NODE_04,4,1,3.0,5,2026-06-06 22:56:59.744238
3665,ESP_NODE_04,2,1,2.0,3,2026-06-06 22:58:05.963601
3666,ESP_NODE_04,1,2,2.0,3,2026-06-06 22:59:12.231714
3667,ESP_NODE_04,2,2,2.0,3,2026-06-06 23:01:33.331127
3668,ESP_NODE_04,4,1,3.0,5,2026-06-06 23:02:39.484866
3669,ESP_NODE_04,0,1,1.0,2,2026-06-06 23:03:45.263642
3670,ESP_NODE_04,0,0,0.0,0,2026-06-06 23:04:51.413155
3671,ESP_NODE_04,0,0,0.0,0,2026-06-06 23:05:57.524048
3672,ESP_NODE_04,0,0,0.0,0,2026-06-06 23:07:03.587354
3673,ESP_NODE_04,0,0,0.0,0,2026-06-06 23:09:24.688792
3674,ESP_NODE_04,0,0,0.0,0,2026-06-06 23:10:30.948380
3675,ESP_NODE_04,0,0,0.0,0,2026-06-06 23:12:52.049909
3676,ESP_NODE_04,3,0,2.0,3,2026-06-06 23:13:58.294520
3677,ESP_NODE_04,1,0,1.0,2,2026-06-06 23:15:04.343533
3678,ESP_NODE_04,0,0,0.0,0,2026-06-06 23:16:10.293752
3679,ESP_NODE_04,0,0,0.0,0,2026-06-06 23:17:16.456392
3680,ESP_NODE_04,2,0,1.0,2,2026-06-06 23:18:22.495334
3681,ESP_NODE_04,1,0,1.0,2,2026-06-06 23:19:28.438640
3682,ESP_NODE_04,0,0,0.0,0,2026-06-06 23:20:34.649086
3683,ESP_NODE_04,0,0,0.0,0,2026-06-06 23:21:40.755134
3684,ESP_NODE_04,1,0,1.0,2,2026-06-06 23:22:46.888083
3685,ESP_NODE_04,0,0,0.0,0,2026-06-06 23:23:52.966298
3686,ESP_NODE_04,0,0,0.0,0,2026-06-06 23:24:59.310572
3687,ESP_NODE_04,3,0,2.0,3,2026-06-06 23:26:05.460825
3688,ESP_NODE_04,0,0,0.0,0,2026-06-06 23:27:11.615192
3689,ESP_NODE_04,2,0,1.0,2,2026-06-06 23:28:17.688216
3690,ESP_NODE_04,0,0,0.0,0,2026-06-06 23:29:23.629646
3691,ESP_NODE_04,1,0,1.0,2,2026-06-06 23:30:29.368173
3692,ESP_NODE_04,1,0,1.0,2,2026-06-06 23:32:50.564244
3693,ESP_NODE_04,2,0,1.0,2,2026-06-06 23:33:56.701049
3694,ESP_NODE_04,1,1,1.0,2,2026-06-06 23:35:02.879870
3695,ESP_NODE_04,0,0,0.0,0,2026-06-06 23:38:39.773345
3696,ESP_NODE_04,0,1,1.0,2,2026-06-06 23:42:16.129355
3697,ESP_NODE_04,2,1,2.0,3,2026-06-06 23:44:37.538771
3698,ESP_NODE_04,2,1,2.0,3,2026-06-06 23:46:58.730539
3699,ESP_NODE_04,1,0,1.0,2,2026-06-06 23:48:05.099265
3700,ESP_NODE_04,0,0,0.0,0,2026-06-06 23:50:26.357015
3701,ESP_NODE_04,0,0,0.0,0,2026-06-06 23:52:47.622838
3702,ESP_NODE_04,0,1,1.0,2,2026-06-06 23:55:08.832469
3703,ESP_NODE_04,0,1,1.0,2,2026-06-06 23:57:29.862567
3704,ESP_NODE_04,0,1,1.0,2,2026-06-06 23:58:35.794279
3705,ESP_NODE_04,1,1,1.0,2,2026-06-06 23:59:41.828966
3706,ESP_NODE_04,0,2,2.0,3,2026-06-07 00:00:48.093775
3707,ESP_NODE_04,0,1,1.0,2,2026-06-07 00:01:53.965634
3708,ESP_NODE_04,0,1,1.0,2,2026-06-07 00:03:00.197239
3709,ESP_NODE_04,0,1,1.0,2,2026-06-07 00:04:06.346826
3710,ESP_NODE_04,0,2,2.0,3,2026-06-07 00:06:27.446672
3711,ESP_NODE_04,0,0,0.0,0,2026-06-07 00:12:33.790287
3712,ESP_NODE_04,0,0,0.0,0,2026-06-07 00:14:55.052571
3713,ESP_NODE_04,0,0,0.0,0,2026-06-07 00:16:01.024672
3714,ESP_NODE_04,0,0,0.0,0,2026-06-07 00:19:37.054649
3715,ESP_NODE_04,0,0,0.0,0,2026-06-07 00:20:43.426277
3716,ESP_NODE_04,5,2,4.0,7,2026-06-07 00:23:04.512320
3717,ESP_NODE_04,1,4,3.0,5,2026-06-07 00:26:40.512647
3718,ESP_NODE_04,0,3,2.0,3,2026-06-07 00:29:01.606487
3719,ESP_NODE_04,1,4,3.0,5,2026-06-07 00:30:07.860965
3720,ESP_NODE_04,0,5,4.0,7,2026-06-07 00:31:14.015242
3721,ESP_NODE_04,0,4,3.0,5,2026-06-07 00:32:20.160181
3722,ESP_NODE_04,6,4,5.0,8,2026-06-07 00:34:41.472348
3723,ESP_NODE_04,0,6,5.0,8,2026-06-07 00:40:47.595548
3724,ESP_NODE_04,0,5,4.0,7,2026-06-07 00:43:08.813537
3725,ESP_NODE_04,1,7,6.0,10,2026-06-07 00:45:30.088284
3726,ESP_NODE_04,0,4,3.0,5,2026-06-07 00:46:39.749341
3727,ESP_NODE_04,0,4,3.0,5,2026-06-07 00:47:50.518134
3728,ESP_NODE_04,1,5,4.0,7,2026-06-07 00:52:42.437704
3729,ESP_NODE_04,7,4,6.0,10,2026-06-07 00:53:48.400123
3730,ESP_NODE_04,1,4,3.0,5,2026-06-07 00:54:54.525515
3731,ESP_NODE_04,1,4,3.0,5,2026-06-07 00:56:00.666576
3732,ESP_NODE_04,1,5,4.0,7,2026-06-07 00:58:22.005708
3733,ESP_NODE_04,0,6,5.0,8,2026-06-07 01:00:43.409834
3734,ESP_NODE_04,0,5,4.0,7,2026-06-07 01:03:04.735599
3735,ESP_NODE_04,0,6,5.0,8,2026-06-07 01:04:11.071606
3736,ESP_NODE_04,0,3,2.0,3,2026-06-07 01:05:17.111099
3737,ESP_NODE_04,0,5,4.0,7,2026-06-07 01:06:23.270005
3738,ESP_NODE_04,14,3,11.0,18,2026-06-07 01:07:29.629872
3739,ESP_NODE_04,3,4,3.0,5,2026-06-07 01:09:50.536416
3740,ESP_NODE_04,0,5,4.0,7,2026-06-07 01:10:56.616517
3741,ESP_NODE_04,1,4,3.0,5,2026-06-07 01:12:02.632835
3742,ESP_NODE_04,0,4,3.0,5,2026-06-07 01:13:08.660951
3743,ESP_NODE_04,1,4,3.0,5,2026-06-07 01:14:14.852626
3744,ESP_NODE_04,0,4,3.0,5,2026-06-07 01:15:20.982788
3745,ESP_NODE_04,0,4,3.0,5,2026-06-07 01:16:27.141088
3746,ESP_NODE_04,0,4,3.0,5,2026-06-07 01:20:03.215057
3747,ESP_NODE_04,0,4,3.0,5,2026-06-07 01:21:09.452571
3748,ESP_NODE_04,2,4,3.0,5,2026-06-07 01:23:30.682639
3749,ESP_NODE_04,8,5,7.0,12,2026-06-07 01:25:52.011457
3750,ESP_NODE_04,0,4,3.0,5,2026-06-07 01:28:13.088313
3751,ESP_NODE_04,0,5,4.0,7,2026-06-07 01:29:19.238727
3752,ESP_NODE_04,0,5,4.0,7,2026-06-07 01:31:40.443822
3753,ESP_NODE_04,0,4,3.0,5,2026-06-07 01:34:01.464903
3754,ESP_NODE_04,2,3,2.0,3,2026-06-07 01:35:07.516121
3755,ESP_NODE_04,1,5,4.0,7,2026-06-07 01:37:28.623569
3756,ESP_NODE_04,0,4,3.0,5,2026-06-07 01:39:49.835232
3757,ESP_NODE_04,0,4,3.0,5,2026-06-07 01:40:56.118957
3758,ESP_NODE_04,2,5,4.0,7,2026-06-07 01:42:02.350259
3759,ESP_NODE_04,0,4,3.0,5,2026-06-07 01:43:08.224868
3760,ESP_NODE_04,6,7,6.0,10,2026-06-07 01:45:29.504304
3761,ESP_NODE_04,0,6,5.0,8,2026-06-07 01:46:35.366709
3762,ESP_NODE_04,0,4,3.0,5,2026-06-07 01:47:41.418247
3763,ESP_NODE_04,2,4,3.0,5,2026-06-07 01:50:02.622343
3764,ESP_NODE_04,0,5,4.0,7,2026-06-07 01:52:23.814418
3765,ESP_NODE_04,1,4,3.0,5,2026-06-07 01:53:29.700591
3766,ESP_NODE_04,5,5,5.0,8,2026-06-07 01:55:50.904529
3767,ESP_NODE_04,7,4,6.0,10,2026-06-07 01:56:56.931842
3768,ESP_NODE_04,1,6,5.0,8,2026-06-07 01:58:03.277645
3769,ESP_NODE_04,0,5,4.0,7,2026-06-07 01:59:09.247464
3770,ESP_NODE_04,2,4,3.0,5,2026-06-07 02:01:30.346866
3771,ESP_NODE_04,0,5,4.0,7,2026-06-07 02:03:51.645795
3772,ESP_NODE_04,1,1,1.0,2,2026-06-07 02:04:57.698080
3773,ESP_NODE_04,0,0,0.0,0,2026-06-07 02:06:03.856150
3774,ESP_NODE_04,0,0,0.0,0,2026-06-07 02:07:09.883917
3775,ESP_NODE_04,0,0,0.0,0,2026-06-07 02:08:15.679127
3776,ESP_NODE_04,0,0,0.0,0,2026-06-07 02:09:21.997310
3777,ESP_NODE_04,0,0,0.0,0,2026-06-07 02:14:15.690128
3778,ESP_NODE_04,0,0,0.0,0,2026-06-07 02:15:26.820434
3779,ESP_NODE_04,0,0,0.0,0,2026-06-07 02:16:37.324295
3780,ESP_NODE_04,0,0,0.0,0,2026-06-07 02:18:58.615344
3781,ESP_NODE_04,0,0,0.0,0,2026-06-07 02:20:04.559441
3782,ESP_NODE_04,0,0,0.0,0,2026-06-07 02:22:25.771682
3783,ESP_NODE_04,0,0,0.0,0,2026-06-07 02:23:31.813520
3784,ESP_NODE_04,0,0,0.0,0,2026-06-07 02:24:37.881318
3785,ESP_NODE_04,0,0,0.0,0,2026-06-07 02:25:43.847188
3786,ESP_NODE_04,3,0,2.0,3,2026-06-07 02:28:05.063487
3787,ESP_NODE_04,0,0,0.0,0,2026-06-07 02:30:26.147766
3788,ESP_NODE_04,0,0,0.0,0,2026-06-07 02:34:02.429725
3789,ESP_NODE_04,0,0,0.0,0,2026-06-07 02:35:08.679529
3790,ESP_NODE_04,0,0,0.0,0,2026-06-07 02:36:14.821686
3791,ESP_NODE_04,1,0,1.0,2,2026-06-07 02:38:36.014776
3792,ESP_NODE_04,0,0,0.0,0,2026-06-07 02:39:42.179576
3793,ESP_NODE_04,0,0,0.0,0,2026-06-07 02:40:48.225383
3794,ESP_NODE_04,0,0,0.0,0,2026-06-07 02:41:54.292170
3795,ESP_NODE_04,0,0,0.0,0,2026-06-07 02:43:00.413684
3796,ESP_NODE_04,0,0,0.0,0,2026-06-07 02:44:06.574896
3797,ESP_NODE_04,0,0,0.0,0,2026-06-07 02:46:27.696839
3798,ESP_NODE_04,0,0,0.0,0,2026-06-07 02:47:33.860936
3799,ESP_NODE_04,0,0,0.0,0,2026-06-07 02:48:39.991169
3800,ESP_NODE_04,0,0,0.0,0,2026-06-07 02:49:46.255185
3801,ESP_NODE_04,0,0,0.0,0,2026-06-07 02:50:52.015203
3802,ESP_NODE_04,0,0,0.0,0,2026-06-07 02:51:58.451417
3803,ESP_NODE_04,0,0,0.0,0,2026-06-07 02:53:04.719171
3804,ESP_NODE_04,0,0,0.0,0,2026-06-07 02:54:10.571265
3805,ESP_NODE_04,0,0,0.0,0,2026-06-07 02:56:31.767284
3806,ESP_NODE_04,0,0,0.0,0,2026-06-07 03:00:08.039908
3807,ESP_NODE_04,0,0,0.0,0,2026-06-07 03:02:29.338782
3808,ESP_NODE_04,1,0,1.0,2,2026-06-07 03:03:35.485818
3809,ESP_NODE_04,0,0,0.0,0,2026-06-07 03:04:41.631619
3810,ESP_NODE_04,0,0,0.0,0,2026-06-07 03:05:47.812641
3811,ESP_NODE_04,0,0,0.0,0,2026-06-07 03:08:09.003045
3812,ESP_NODE_04,0,0,0.0,0,2026-06-07 03:10:30.124697
3813,ESP_NODE_04,1,0,1.0,2,2026-06-07 03:12:51.235253
3814,ESP_NODE_04,0,0,0.0,0,2026-06-07 03:13:57.374885
3815,ESP_NODE_04,0,0,0.0,0,2026-06-07 03:15:03.443288
3816,ESP_NODE_04,0,0,0.0,0,2026-06-07 03:16:09.397076
3817,ESP_NODE_04,1,0,1.0,2,2026-06-07 03:18:30.586266
3818,ESP_NODE_04,0,0,0.0,0,2026-06-07 03:19:36.452208
3819,ESP_NODE_04,0,0,0.0,0,2026-06-07 03:20:42.568650
3820,ESP_NODE_04,0,0,0.0,0,2026-06-07 03:21:48.733544
3821,ESP_NODE_04,1,0,1.0,2,2026-06-07 03:22:54.891831
3822,ESP_NODE_04,0,0,0.0,0,2026-06-07 03:25:15.988962
3823,ESP_NODE_04,0,0,0.0,0,2026-06-07 03:26:22.265341
3824,ESP_NODE_04,0,0,0.0,0,2026-06-07 03:31:13.599441
3825,ESP_NODE_04,1,0,1.0,2,2026-06-07 03:33:34.792730
3826,ESP_NODE_04,0,0,0.0,0,2026-06-07 03:34:41.182973
3827,ESP_NODE_04,0,0,0.0,0,2026-06-07 03:35:47.497426
3828,ESP_NODE_04,0,0,0.0,0,2026-06-07 03:36:54.295167
3829,ESP_NODE_04,0,0,0.0,0,2026-06-07 03:45:31.107674
3830,ESP_NODE_04,0,0,0.0,0,2026-06-07 03:46:37.441755
3831,ESP_NODE_04,1,0,1.0,2,2026-06-07 03:47:43.420938
3832,ESP_NODE_04,0,0,0.0,0,2026-06-07 03:50:04.811598
3833,ESP_NODE_04,0,0,0.0,0,2026-06-07 03:51:10.951270
3834,ESP_NODE_04,0,0,0.0,0,2026-06-07 03:52:17.201058
3835,ESP_NODE_04,1,0,1.0,2,2026-06-07 03:53:23.377087
3836,ESP_NODE_04,0,0,0.0,0,2026-06-07 03:55:44.468163
3837,ESP_NODE_04,0,0,0.0,0,2026-06-07 03:59:20.659504
3838,ESP_NODE_04,0,0,0.0,0,2026-06-07 04:00:27.013667
3839,ESP_NODE_04,0,0,0.0,0,2026-06-07 04:06:33.398504
3840,ESP_NODE_04,0,0,0.0,0,2026-06-07 04:11:24.603966
3841,ESP_NODE_04,0,0,0.0,0,2026-06-07 04:12:30.771373
3842,ESP_NODE_04,0,0,0.0,0,2026-06-07 04:13:36.924260
3843,ESP_NODE_04,0,0,0.0,0,2026-06-07 04:15:58.132768
3844,ESP_NODE_04,0,0,0.0,0,2026-06-07 04:17:04.178164
3845,ESP_NODE_04,1,0,1.0,2,2026-06-07 04:18:10.325759
3846,ESP_NODE_04,0,0,0.0,0,2026-06-07 04:19:16.070478
3847,ESP_NODE_04,0,0,0.0,0,2026-06-07 04:20:21.837568
3848,ESP_NODE_04,1,0,1.0,2,2026-06-07 04:22:43.019565
3849,ESP_NODE_04,0,0,0.0,0,2026-06-07 04:23:49.070747
3850,ESP_NODE_04,0,0,0.0,0,2026-06-07 04:24:54.839947
3851,ESP_NODE_04,0,0,0.0,0,2026-06-07 04:26:00.980630
3852,ESP_NODE_04,0,0,0.0,0,2026-06-07 04:27:07.120321
3853,ESP_NODE_04,0,0,0.0,0,2026-06-07 04:30:43.399393
3854,ESP_NODE_04,1,0,1.0,2,2026-06-07 04:33:04.500981
3855,ESP_NODE_04,0,0,0.0,0,2026-06-07 04:35:25.719807
3856,ESP_NODE_04,0,0,0.0,0,2026-06-07 04:36:31.980985
3857,ESP_NODE_04,0,0,0.0,0,2026-06-07 04:37:38.294723
3858,ESP_NODE_04,0,0,0.0,0,2026-06-07 04:38:44.593154
3859,ESP_NODE_04,0,0,0.0,0,2026-06-07 04:39:50.846728
3860,ESP_NODE_04,0,0,0.0,0,2026-06-07 04:40:56.977036
3861,ESP_NODE_04,0,0,0.0,0,2026-06-07 04:43:18.197535
3862,ESP_NODE_04,0,0,0.0,0,2026-06-07 04:46:54.568984
3863,ESP_NODE_04,0,0,0.0,0,2026-06-07 04:49:15.653062
3864,ESP_NODE_04,0,0,0.0,0,2026-06-07 04:51:36.898570
3865,ESP_NODE_04,1,0,1.0,2,2026-06-07 04:52:43.041785
3866,ESP_NODE_04,0,0,0.0,0,2026-06-07 04:53:48.908433
3867,ESP_NODE_04,0,0,0.0,0,2026-06-07 04:54:55.125439
3868,ESP_NODE_04,0,0,0.0,0,2026-06-07 04:56:01.285322
3869,ESP_NODE_04,0,0,0.0,0,2026-06-07 04:57:07.358422
3870,ESP_NODE_04,0,0,0.0,0,2026-06-07 04:58:13.482279
3871,ESP_NODE_04,0,0,0.0,0,2026-06-07 04:59:19.432218
3872,ESP_NODE_04,0,0,0.0,0,2026-06-07 05:00:25.795067
3873,ESP_NODE_04,0,0,0.0,0,2026-06-07 05:04:01.852260
3874,ESP_NODE_04,0,0,0.0,0,2026-06-07 05:05:07.926086
3875,ESP_NODE_04,0,0,0.0,0,2026-06-07 05:06:14.259261
3876,ESP_NODE_04,0,0,0.0,0,2026-06-07 05:07:20.614993
3877,ESP_NODE_04,1,0,1.0,2,2026-06-07 05:08:27.186337
3878,ESP_NODE_04,0,0,0.0,0,2026-06-07 05:09:35.973853
3879,ESP_NODE_04,0,0,0.0,0,2026-06-07 05:10:47.346665
3880,ESP_NODE_04,0,0,0.0,0,2026-06-07 05:13:14.409189
3881,ESP_NODE_04,0,0,0.0,0,2026-06-07 05:15:35.608802
3882,ESP_NODE_04,0,0,0.0,0,2026-06-07 05:17:56.928879
3883,ESP_NODE_04,0,0,0.0,0,2026-06-07 05:19:03.002585
3884,ESP_NODE_04,0,0,0.0,0,2026-06-07 05:20:09.031897
3885,ESP_NODE_04,0,0,0.0,0,2026-06-07 05:21:15.278121
3886,ESP_NODE_04,0,0,0.0,0,2026-06-07 05:22:21.337640
3887,ESP_NODE_04,1,0,1.0,2,2026-06-07 05:23:27.386867
3888,ESP_NODE_04,0,0,0.0,0,2026-06-07 05:24:33.430354
3889,ESP_NODE_04,0,0,0.0,0,2026-06-07 05:25:39.485064
3890,ESP_NODE_04,0,0,0.0,0,2026-06-07 05:26:46.426371
3891,ESP_NODE_04,0,0,0.0,0,2026-06-07 05:27:52.596421
3892,ESP_NODE_04,0,0,0.0,0,2026-06-07 05:28:58.370957
3893,ESP_NODE_04,0,0,0.0,0,2026-06-07 05:30:04.487753
3894,ESP_NODE_04,0,0,0.0,0,2026-06-07 05:32:25.721382
3895,ESP_NODE_04,1,0,1.0,2,2026-06-07 05:33:32.235718
3896,ESP_NODE_04,0,0,0.0,0,2026-06-07 05:34:38.060989
3897,ESP_NODE_04,0,0,0.0,0,2026-06-07 05:35:44.991533
3898,ESP_NODE_04,0,0,0.0,0,2026-06-07 05:36:51.225232
3899,ESP_NODE_04,0,0,0.0,0,2026-06-07 05:37:57.961688
3900,ESP_NODE_04,0,0,0.0,0,2026-06-07 05:39:03.868860
3901,ESP_NODE_04,0,0,0.0,0,2026-06-07 05:40:10.473511
3902,ESP_NODE_04,0,0,0.0,0,2026-06-07 05:41:17.756203
3903,ESP_NODE_04,0,0,0.0,0,2026-06-07 05:42:24.049066
3904,ESP_NODE_04,0,0,0.0,0,2026-06-07 05:43:31.996204
3905,ESP_NODE_04,0,0,0.0,0,2026-06-07 05:44:38.279451
3906,ESP_NODE_04,0,0,0.0,0,2026-06-07 05:45:45.088208
3907,ESP_NODE_04,0,0,0.0,0,2026-06-07 05:46:51.029895
3908,ESP_NODE_04,0,0,0.0,0,2026-06-07 05:47:57.082629
3909,ESP_NODE_04,0,0,0.0,0,2026-06-07 05:49:03.200980
3910,ESP_NODE_04,0,0,0.0,0,2026-06-07 05:51:17.038638
3911,ESP_NODE_04,0,0,0.0,0,2026-06-07 05:52:23.185747
3912,ESP_NODE_04,0,0,0.0,0,2026-06-07 05:54:44.317690
3913,ESP_NODE_04,0,0,0.0,0,2026-06-07 05:55:50.456561
3914,ESP_NODE_04,1,0,1.0,2,2026-06-07 05:56:56.698207
3915,ESP_NODE_04,0,0,0.0,0,2026-06-07 05:59:20.448949
3916,ESP_NODE_04,0,0,0.0,0,2026-06-07 06:00:28.744019
3917,ESP_NODE_04,0,0,0.0,0,2026-06-07 06:01:37.094786
3918,ESP_NODE_04,2,0,1.0,2,2026-06-07 06:02:44.321733
3919,ESP_NODE_04,0,0,0.0,0,2026-06-07 06:05:05.349225
3920,ESP_NODE_04,0,0,0.0,0,2026-06-07 06:06:12.083607
3921,ESP_NODE_04,0,0,0.0,0,2026-06-07 06:07:18.279638
3922,ESP_NODE_04,2,0,1.0,2,2026-06-07 06:08:24.427271
3923,ESP_NODE_04,0,0,0.0,0,2026-06-07 06:09:30.785526
3924,ESP_NODE_04,0,0,0.0,0,2026-06-07 06:10:36.869163
3925,ESP_NODE_04,0,0,0.0,0,2026-06-07 06:11:42.896975
3926,ESP_NODE_04,0,0,0.0,0,2026-06-07 06:12:49.035400
3927,ESP_NODE_04,0,0,0.0,0,2026-06-07 06:13:55.188481
3928,ESP_NODE_04,0,0,0.0,0,2026-06-07 06:15:01.437563
3929,ESP_NODE_04,0,0,0.0,0,2026-06-07 06:16:07.583806
3930,ESP_NODE_04,0,0,0.0,0,2026-06-07 06:17:13.726977
3931,ESP_NODE_04,1,0,1.0,2,2026-06-07 06:18:19.806658
3932,ESP_NODE_04,0,0,0.0,0,2026-06-07 06:35:42.764820
3933,ESP_NODE_04,0,0,0.0,0,2026-06-07 06:36:49.722740
3934,ESP_NODE_04,1,0,1.0,2,2026-06-07 06:37:56.209551
3935,ESP_NODE_04,0,0,0.0,0,2026-06-07 06:39:06.219362
3936,ESP_NODE_04,0,0,0.0,0,2026-06-07 06:40:19.096476
3937,ESP_NODE_04,0,0,0.0,0,2026-06-07 06:41:26.236261
3938,ESP_NODE_04,0,0,0.0,0,2026-06-07 06:42:33.996696
3939,ESP_NODE_04,0,0,0.0,0,2026-06-07 06:43:41.397063
3940,ESP_NODE_04,0,0,0.0,0,2026-06-07 06:44:47.538060
3941,ESP_NODE_04,0,0,0.0,0,2026-06-07 06:47:08.540115
3942,ESP_NODE_04,6,0,4.0,7,2026-06-07 06:48:14.579608
3943,ESP_NODE_04,0,0,0.0,0,2026-06-07 06:49:20.457729
3944,ESP_NODE_04,0,0,0.0,0,2026-06-07 06:50:27.078716
3945,ESP_NODE_04,1,0,1.0,2,2026-06-07 06:51:33.230716
3946,ESP_NODE_04,2,0,1.0,2,2026-06-07 06:52:39.388343
3947,ESP_NODE_04,0,0,0.0,0,2026-06-07 06:53:45.657429
3948,ESP_NODE_04,0,0,0.0,0,2026-06-07 06:54:52.622230
3949,ESP_NODE_04,0,0,0.0,0,2026-06-07 06:55:58.756939
3950,ESP_NODE_04,0,0,0.0,0,2026-06-07 06:57:04.824720
3951,ESP_NODE_04,0,0,0.0,0,2026-06-07 06:58:14.861705
3952,ESP_NODE_04,0,0,0.0,0,2026-06-07 06:59:20.724979
3953,ESP_NODE_04,0,0,0.0,0,2026-06-07 07:00:26.750575
3954,ESP_NODE_04,0,0,0.0,0,2026-06-07 07:01:32.795479
3955,ESP_NODE_04,0,0,0.0,0,2026-06-07 07:02:39.086621
3956,ESP_NODE_04,0,0,0.0,0,2026-06-07 07:03:45.031175
3957,ESP_NODE_04,0,0,0.0,0,2026-06-07 07:04:51.483987
3958,ESP_NODE_04,0,0,0.0,0,2026-06-07 07:05:57.704379
3959,ESP_NODE_04,0,0,0.0,0,2026-06-07 07:07:03.760613
3960,ESP_NODE_04,0,0,0.0,0,2026-06-07 07:08:09.817344
3961,ESP_NODE_04,0,0,0.0,0,2026-06-07 07:09:16.699050
3962,ESP_NODE_04,0,0,0.0,0,2026-06-07 07:10:22.830071
3963,ESP_NODE_04,1,0,1.0,2,2026-06-07 07:11:30.124704
3964,ESP_NODE_04,0,0,0.0,0,2026-06-07 07:12:36.674855
3965,ESP_NODE_04,0,0,0.0,0,2026-06-07 07:13:42.852024
3966,ESP_NODE_04,0,0,0.0,0,2026-06-07 07:14:49.072818
3967,ESP_NODE_04,0,0,0.0,0,2026-06-07 07:15:57.401734
3968,ESP_NODE_04,0,0,0.0,0,2026-06-07 07:17:03.828052
3969,ESP_NODE_04,0,0,0.0,0,2026-06-07 07:20:40.315020
3970,ESP_NODE_04,0,0,0.0,0,2026-06-07 07:21:46.665586
3971,ESP_NODE_04,0,0,0.0,0,2026-06-07 07:22:52.721049
3972,ESP_NODE_04,0,0,0.0,0,2026-06-07 07:23:58.862080
3973,ESP_NODE_04,0,0,0.0,0,2026-06-07 07:25:05.121871
3974,ESP_NODE_04,0,0,0.0,0,2026-06-07 07:26:12.035892
3975,ESP_NODE_04,0,0,0.0,0,2026-06-07 07:27:18.072277
3976,ESP_NODE_04,2,0,1.0,2,2026-06-07 07:28:24.019271
3977,ESP_NODE_04,0,0,0.0,0,2026-06-07 07:29:30.799255
3978,ESP_NODE_04,0,0,0.0,0,2026-06-07 07:30:36.838661
3979,ESP_NODE_04,0,0,0.0,0,2026-06-07 07:31:43.052186
3980,ESP_NODE_04,0,0,0.0,0,2026-06-07 07:32:50.121209
3981,ESP_NODE_04,0,0,0.0,0,2026-06-07 07:33:56.040557
3982,ESP_NODE_04,0,0,0.0,0,2026-06-07 07:35:02.967687
3983,ESP_NODE_04,0,0,0.0,0,2026-06-07 07:36:09.294063
3984,ESP_NODE_04,0,0,0.0,0,2026-06-07 07:37:15.068668
3985,ESP_NODE_04,0,0,0.0,0,2026-06-07 07:38:22.151283
3986,ESP_NODE_04,0,0,0.0,0,2026-06-07 07:39:28.705543
3987,ESP_NODE_04,0,0,0.0,0,2026-06-07 07:40:35.649716
3988,ESP_NODE_04,0,0,0.0,0,2026-06-07 07:41:42.012543
3989,ESP_NODE_04,2,0,1.0,2,2026-06-07 07:42:47.982622
3990,ESP_NODE_04,0,0,0.0,0,2026-06-07 07:43:54.387146
3991,ESP_NODE_04,0,0,0.0,0,2026-06-07 07:45:00.576481
3992,ESP_NODE_04,0,0,0.0,0,2026-06-07 07:46:12.028106
3993,ESP_NODE_04,0,0,0.0,0,2026-06-07 07:47:17.901563
3994,ESP_NODE_04,0,0,0.0,0,2026-06-07 07:49:39.074551
3995,ESP_NODE_04,0,0,0.0,0,2026-06-07 07:50:45.354485
3996,ESP_NODE_04,0,0,0.0,0,2026-06-07 07:51:51.470973
3997,ESP_NODE_04,0,0,0.0,0,2026-06-07 07:52:57.767209
3998,ESP_NODE_04,0,0,0.0,0,2026-06-07 07:54:04.097592
3999,ESP_NODE_04,0,0,0.0,0,2026-06-07 07:55:10.157651
4000,ESP_NODE_04,0,0,0.0,0,2026-06-07 07:56:17.360327
4001,ESP_NODE_04,0,0,0.0,0,2026-06-07 07:57:24.101613
4002,ESP_NODE_04,0,0,0.0,0,2026-06-07 07:58:30.550486
4003,ESP_NODE_04,0,0,0.0,0,2026-06-07 07:59:36.724076
4004,ESP_NODE_04,0,0,0.0,0,2026-06-07 08:00:43.053205
4005,ESP_NODE_04,1,0,1.0,2,2026-06-07 08:03:08.167379
4006,ESP_NODE_04,0,0,0.0,0,2026-06-07 08:04:21.093456
4007,ESP_NODE_04,0,0,0.0,0,2026-06-07 08:05:27.933568
4008,ESP_NODE_04,0,0,0.0,0,2026-06-07 08:06:37.666642
4009,ESP_NODE_04,2,0,1.0,2,2026-06-07 08:07:44.037599
4010,ESP_NODE_04,0,0,0.0,0,2026-06-07 08:08:50.064977
4011,ESP_NODE_04,0,0,0.0,0,2026-06-07 08:11:12.043424
4012,ESP_NODE_04,0,0,0.0,0,2026-06-07 08:12:18.948329
4013,ESP_NODE_04,1,0,1.0,2,2026-06-07 08:13:25.018446
4014,ESP_NODE_04,0,0,0.0,0,2026-06-07 08:14:30.812249
4015,ESP_NODE_04,0,0,0.0,0,2026-06-07 08:15:37.120533
4016,ESP_NODE_04,0,0,0.0,0,2026-06-07 08:18:03.276000
4017,ESP_NODE_04,0,0,0.0,0,2026-06-07 08:19:11.040801
4018,ESP_NODE_04,0,0,0.0,0,2026-06-07 08:20:17.176003
4019,ESP_NODE_04,0,0,0.0,0,2026-06-07 08:21:24.411163
4020,ESP_NODE_04,0,0,0.0,0,2026-06-07 08:22:31.069442
4021,ESP_NODE_04,1,0,1.0,2,2026-06-07 08:23:37.292478
4022,ESP_NODE_04,0,0,0.0,0,2026-06-07 08:24:43.336948
4023,ESP_NODE_04,0,0,0.0,0,2026-06-07 08:27:04.548012
4024,ESP_NODE_04,1,0,1.0,2,2026-06-07 08:28:10.429042
4025,ESP_NODE_04,0,0,0.0,0,2026-06-07 08:29:16.346269
4026,ESP_NODE_04,0,0,0.0,0,2026-06-07 08:30:22.509180
4027,ESP_NODE_04,0,0,0.0,0,2026-06-07 08:31:31.143478
4028,ESP_NODE_04,0,0,0.0,0,2026-06-07 08:32:37.279645
4029,ESP_NODE_04,0,0,0.0,0,2026-06-07 08:33:43.388562
4030,ESP_NODE_04,0,0,0.0,0,2026-06-07 08:34:49.536408
4031,ESP_NODE_04,0,0,0.0,0,2026-06-07 08:35:56.437688
4032,ESP_NODE_04,0,0,0.0,0,2026-06-07 08:37:02.507051
4033,ESP_NODE_04,1,0,1.0,2,2026-06-07 08:38:08.713687
4034,ESP_NODE_04,0,0,0.0,0,2026-06-07 08:40:29.835191
4035,ESP_NODE_04,0,0,0.0,0,2026-06-07 08:41:36.292159
4036,ESP_NODE_04,0,0,0.0,0,2026-06-07 08:42:42.438748
4037,ESP_NODE_04,0,0,0.0,0,2026-06-07 08:43:48.797895
4038,ESP_NODE_04,0,0,0.0,0,2026-06-07 08:44:56.706533
4039,ESP_NODE_04,0,0,0.0,0,2026-06-07 08:46:03.253113
4040,ESP_NODE_04,1,0,1.0,2,2026-06-07 08:48:24.579695
4041,ESP_NODE_04,0,0,0.0,0,2026-06-07 08:49:30.722463
4042,ESP_NODE_04,0,0,0.0,0,2026-06-07 08:50:37.063985
4043,ESP_NODE_04,0,0,0.0,0,2026-06-07 08:51:42.937396
4044,ESP_NODE_04,0,0,0.0,0,2026-06-07 08:54:04.113917
4045,ESP_NODE_04,0,0,0.0,0,2026-06-07 08:55:10.269276
4046,ESP_NODE_04,0,0,0.0,0,2026-06-07 08:56:16.153583
4047,ESP_NODE_04,0,0,0.0,0,2026-06-07 08:57:22.289441
4048,ESP_NODE_04,1,0,1.0,2,2026-06-07 08:58:28.427793
4049,ESP_NODE_04,0,0,0.0,0,2026-06-07 08:59:34.420321
4050,ESP_NODE_04,0,0,0.0,0,2026-06-07 09:00:40.531100
4051,ESP_NODE_04,0,0,0.0,0,2026-06-07 09:01:46.574771
4052,ESP_NODE_04,1,0,1.0,2,2026-06-07 09:02:52.716845
4053,ESP_NODE_04,0,0,0.0,0,2026-06-07 09:03:58.886371
4054,ESP_NODE_04,0,0,0.0,0,2026-06-07 09:05:04.865559
4055,ESP_NODE_04,0,0,0.0,0,2026-06-07 09:06:10.815195
4056,ESP_NODE_04,0,0,0.0,0,2026-06-07 09:08:32.081482
4057,ESP_NODE_04,0,0,0.0,0,2026-06-07 09:09:38.054384
4058,ESP_NODE_04,0,0,0.0,0,2026-06-07 09:11:59.137090
4059,ESP_NODE_04,0,0,0.0,0,2026-06-07 09:14:20.359395
4060,ESP_NODE_04,0,0,0.0,0,2026-06-07 09:16:49.499139
4061,ESP_NODE_04,0,0,0.0,0,2026-06-07 09:17:55.331266
4062,ESP_NODE_04,0,0,0.0,0,2026-06-07 09:19:01.561619
4063,ESP_NODE_04,0,0,0.0,0,2026-06-07 09:20:07.799654
4064,ESP_NODE_04,0,0,0.0,0,2026-06-07 09:21:14.059774
4065,ESP_NODE_04,0,0,0.0,0,2026-06-07 09:22:20.314146
4066,ESP_NODE_04,0,0,0.0,0,2026-06-07 09:27:10.755308
4067,ESP_NODE_04,0,0,0.0,0,2026-06-07 09:28:20.144439
4068,ESP_NODE_04,0,0,0.0,0,2026-06-07 09:29:27.255308
4069,ESP_NODE_04,0,0,0.0,0,2026-06-07 09:30:33.580440
4070,ESP_NODE_04,0,0,0.0,0,2026-06-07 09:31:39.469474
4071,ESP_NODE_04,1,0,1.0,2,2026-06-07 09:32:45.692917
4072,ESP_NODE_04,0,0,0.0,0,2026-06-07 09:35:06.894728
4073,ESP_NODE_04,0,0,0.0,0,2026-06-07 09:36:13.225838
4074,ESP_NODE_04,0,0,0.0,0,2026-06-07 09:37:19.381613
4075,ESP_NODE_04,0,0,0.0,0,2026-06-07 09:38:25.480077
4076,ESP_NODE_04,1,0,1.0,2,2026-06-07 09:39:31.589167
4077,ESP_NODE_04,0,0,0.0,0,2026-06-07 09:41:52.684412
4078,ESP_NODE_04,0,0,0.0,0,2026-06-07 09:42:58.865462
4079,ESP_NODE_04,0,1,1.0,2,2026-06-07 09:44:05.098217
4080,ESP_NODE_04,0,0,0.0,0,2026-06-07 09:45:11.265038
4081,ESP_NODE_04,0,0,0.0,0,2026-06-07 09:46:17.743600
4082,ESP_NODE_04,0,0,0.0,0,2026-06-07 09:47:23.680207
4083,ESP_NODE_04,0,0,0.0,0,2026-06-07 09:48:29.807793
4084,ESP_NODE_04,0,0,0.0,0,2026-06-07 09:50:50.833139
4085,ESP_NODE_04,0,0,0.0,0,2026-06-07 09:51:57.079779
4086,ESP_NODE_04,0,0,0.0,0,2026-06-07 09:53:03.342233
4087,ESP_NODE_04,0,0,0.0,0,2026-06-07 09:55:24.624005
4088,ESP_NODE_04,1,0,1.0,2,2026-06-07 09:57:45.844228
4089,ESP_NODE_04,0,0,0.0,0,2026-06-07 09:58:52.000537
4090,ESP_NODE_04,0,1,1.0,2,2026-06-07 09:59:58.143454
4091,ESP_NODE_04,0,0,0.0,0,2026-06-07 10:02:19.235457
4092,ESP_NODE_04,0,0,0.0,0,2026-06-07 10:03:25.521433
4093,ESP_NODE_04,1,0,1.0,2,2026-06-07 10:04:32.008465
4094,ESP_NODE_04,0,0,0.0,0,2026-06-07 10:05:38.219684
4095,ESP_NODE_04,0,0,0.0,0,2026-06-07 10:06:44.374507
4096,ESP_NODE_04,1,0,1.0,2,2026-06-07 10:07:50.250323
4097,ESP_NODE_04,0,0,0.0,0,2026-06-07 10:08:56.271430
4098,ESP_NODE_04,0,0,0.0,0,2026-06-07 10:10:02.144546
4099,ESP_NODE_04,0,0,0.0,0,2026-06-07 10:11:08.360489
4100,ESP_NODE_04,0,0,0.0,0,2026-06-07 10:13:29.471672
4101,ESP_NODE_04,0,0,0.0,0,2026-06-07 10:14:35.341883
4102,ESP_NODE_04,1,0,1.0,2,2026-06-07 10:15:41.582723
4103,ESP_NODE_04,0,0,0.0,0,2026-06-07 10:16:47.591868
4104,ESP_NODE_04,1,0,1.0,2,2026-06-07 10:17:53.805587
4105,ESP_NODE_04,1,0,1.0,2,2026-06-07 10:19:06.735585
4106,ESP_NODE_04,0,0,0.0,0,2026-06-07 10:20:13.861332
4107,ESP_NODE_04,0,0,0.0,0,2026-06-07 10:21:20.003599
4108,ESP_NODE_04,0,0,0.0,0,2026-06-07 10:23:41.124717
4109,ESP_NODE_04,0,0,0.0,0,2026-06-07 10:24:46.992870
4110,ESP_NODE_04,0,0,0.0,0,2026-06-07 10:25:53.423789
4111,ESP_NODE_04,0,0,0.0,0,2026-06-07 10:26:59.565082
4112,ESP_NODE_04,0,0,0.0,0,2026-06-07 10:28:05.725436
4113,ESP_NODE_04,0,3,2.0,3,2026-06-07 10:29:11.767963
4114,ESP_NODE_04,0,0,0.0,0,2026-06-07 10:30:17.840505
4115,ESP_NODE_04,0,0,0.0,0,2026-06-07 10:31:24.169911
4116,ESP_NODE_04,0,0,0.0,0,2026-06-07 10:32:30.431750
4117,ESP_NODE_04,0,0,0.0,0,2026-06-07 10:34:51.533373
4118,ESP_NODE_04,0,0,0.0,0,2026-06-07 10:35:57.913738
4119,ESP_NODE_04,1,0,1.0,2,2026-06-07 10:37:04.277311
4120,ESP_NODE_04,0,0,0.0,0,2026-06-07 10:38:10.526360
4121,ESP_NODE_04,1,0,1.0,2,2026-06-07 10:39:16.662549
4122,ESP_NODE_04,0,0,0.0,0,2026-06-07 10:40:22.721392
4123,ESP_NODE_04,0,0,0.0,0,2026-06-07 10:41:29.356421
4124,ESP_NODE_04,0,0,0.0,0,2026-06-07 10:42:35.629989
4125,ESP_NODE_04,0,0,0.0,0,2026-06-07 10:59:57.483699
4126,ESP_NODE_04,0,0,0.0,0,2026-06-07 11:01:03.609172
4127,ESP_NODE_04,0,0,0.0,0,2026-06-07 11:03:24.717084
4128,ESP_NODE_04,1,0,1.0,2,2026-06-07 11:04:30.976194
4129,ESP_NODE_04,1,0,1.0,2,2026-06-07 11:05:37.110783
4130,ESP_NODE_04,0,0,0.0,0,2026-06-07 11:06:43.157025
4131,ESP_NODE_04,0,0,0.0,0,2026-06-07 11:07:49.314687
4132,ESP_NODE_04,0,0,0.0,0,2026-06-07 11:08:55.372125
4133,ESP_NODE_04,0,0,0.0,0,2026-06-07 11:10:01.415066
4134,ESP_NODE_04,0,0,0.0,0,2026-06-07 11:11:07.574192
4135,ESP_NODE_04,0,0,0.0,0,2026-06-07 11:12:13.817152
4136,ESP_NODE_04,0,0,0.0,0,2026-06-07 11:13:19.873121
4137,ESP_NODE_04,0,0,0.0,0,2026-06-07 11:14:25.892834
4138,ESP_NODE_04,0,0,0.0,0,2026-06-07 11:15:32.164028
4139,ESP_NODE_04,0,0,0.0,0,2026-06-07 11:16:38.043867
4140,ESP_NODE_04,0,0,0.0,0,2026-06-07 11:17:44.261069
4141,ESP_NODE_04,0,0,0.0,0,2026-06-07 11:18:50.542582
4142,ESP_NODE_04,0,0,0.0,0,2026-06-07 11:19:56.701200
4143,ESP_NODE_04,0,0,0.0,0,2026-06-07 11:21:03.600597
4144,ESP_NODE_04,1,0,1.0,2,2026-06-07 11:22:09.920606
4145,ESP_NODE_04,0,0,0.0,0,2026-06-07 11:23:16.373192
4146,ESP_NODE_04,2,0,1.0,2,2026-06-07 11:25:37.366670
4147,ESP_NODE_04,0,0,0.0,0,2026-06-07 11:26:43.244974
4148,ESP_NODE_04,0,0,0.0,0,2026-06-07 11:27:49.359332
4149,ESP_NODE_04,0,0,0.0,0,2026-06-07 11:28:55.517714
4150,ESP_NODE_04,0,0,0.0,0,2026-06-07 11:30:01.876350
4151,ESP_NODE_04,0,0,0.0,0,2026-06-07 11:31:08.021414
4152,ESP_NODE_04,0,0,0.0,0,2026-06-07 11:32:14.517334
4153,ESP_NODE_04,0,0,0.0,0,2026-06-07 11:33:20.625526
4154,ESP_NODE_04,1,0,1.0,2,2026-06-07 11:34:28.911189
4155,ESP_NODE_04,1,1,1.0,2,2026-06-07 11:35:34.972947
4156,ESP_NODE_04,3,1,2.0,3,2026-06-07 11:36:41.046261
4157,ESP_NODE_04,1,5,4.0,7,2026-06-07 11:37:47.380753
4158,ESP_NODE_04,0,0,0.0,0,2026-06-07 11:38:53.637614
4159,ESP_NODE_04,0,1,1.0,2,2026-06-07 11:41:07.179745
4160,ESP_NODE_04,1,0,1.0,2,2026-06-07 11:42:13.059906
4161,ESP_NODE_04,2,1,2.0,3,2026-06-07 11:43:19.369419
4162,ESP_NODE_04,0,3,2.0,3,2026-06-07 11:44:26.214326
4163,ESP_NODE_04,1,0,1.0,2,2026-06-07 11:45:32.388042
4164,ESP_NODE_04,1,1,1.0,2,2026-06-07 11:47:53.493265
4165,ESP_NODE_04,1,5,4.0,7,2026-06-07 11:48:59.561631
4166,ESP_NODE_04,0,1,1.0,2,2026-06-07 11:50:05.810481
4167,ESP_NODE_04,1,3,2.0,3,2026-06-07 11:51:11.582581
4168,ESP_NODE_04,2,4,3.0,5,2026-06-07 11:53:32.782342
4169,ESP_NODE_04,0,4,3.0,5,2026-06-07 11:54:38.527310
4170,ESP_NODE_04,0,3,2.0,3,2026-06-07 11:55:44.643492
4171,ESP_NODE_04,0,2,2.0,3,2026-06-07 11:56:50.704916
4172,ESP_NODE_04,0,2,2.0,3,2026-06-07 11:57:57.947371
4173,ESP_NODE_04,3,2,3.0,5,2026-06-07 11:59:04.116499
4174,ESP_NODE_04,0,3,2.0,3,2026-06-07 12:00:10.285266
4175,ESP_NODE_04,0,2,2.0,3,2026-06-07 12:01:16.431998
4176,ESP_NODE_04,1,2,2.0,3,2026-06-07 12:02:22.484937
4177,ESP_NODE_04,0,5,4.0,7,2026-06-07 12:03:28.534514
4178,ESP_NODE_04,0,4,3.0,5,2026-06-07 12:04:34.692504
4179,ESP_NODE_04,1,3,2.0,3,2026-06-07 12:05:40.550203
4180,ESP_NODE_04,1,3,2.0,3,2026-06-07 12:06:46.793342
4181,ESP_NODE_04,0,3,2.0,3,2026-06-07 12:07:57.733510
4182,ESP_NODE_04,0,3,2.0,3,2026-06-07 12:09:07.153286
4183,ESP_NODE_04,0,3,2.0,3,2026-06-07 12:11:35.613312
4184,ESP_NODE_04,0,2,2.0,3,2026-06-07 12:12:47.224280
4185,ESP_NODE_04,0,1,1.0,2,2026-06-07 12:13:57.170523
4186,ESP_NODE_04,1,3,2.0,3,2026-06-07 12:15:06.009198
4187,ESP_NODE_04,1,1,1.0,2,2026-06-07 12:16:11.760293
4188,ESP_NODE_04,0,4,3.0,5,2026-06-07 12:17:17.968216
4189,ESP_NODE_04,0,2,2.0,3,2026-06-07 12:18:24.130770
4190,ESP_NODE_04,0,2,2.0,3,2026-06-07 12:22:00.284474
4191,ESP_NODE_04,0,3,2.0,3,2026-06-07 12:23:06.270328
4192,ESP_NODE_04,0,2,2.0,3,2026-06-07 12:24:13.912767
4193,ESP_NODE_04,0,1,1.0,2,2026-06-07 12:25:19.980846
4194,ESP_NODE_04,0,1,1.0,2,2026-06-07 12:26:25.873687
4195,ESP_NODE_04,0,3,2.0,3,2026-06-07 12:27:32.087422
4196,ESP_NODE_04,1,2,2.0,3,2026-06-07 12:28:38.330604
4197,ESP_NODE_04,0,2,2.0,3,2026-06-07 12:29:44.581446
4198,ESP_NODE_04,0,2,2.0,3,2026-06-07 12:30:50.463408
4199,ESP_NODE_04,1,1,1.0,2,2026-06-07 12:33:11.551680
4200,ESP_NODE_04,1,4,3.0,5,2026-06-07 12:34:17.516603
4201,ESP_NODE_04,0,1,1.0,2,2026-06-07 12:36:38.722307
4202,ESP_NODE_04,2,2,2.0,3,2026-06-07 12:38:59.915789
4203,ESP_NODE_04,1,1,1.0,2,2026-06-07 12:41:21.040356
4204,ESP_NODE_04,0,3,2.0,3,2026-06-07 12:42:27.388878
4205,ESP_NODE_04,1,1,1.0,2,2026-06-07 12:44:48.688829
4206,ESP_NODE_04,1,4,3.0,5,2026-06-07 12:45:54.726324
4207,ESP_NODE_04,0,2,2.0,3,2026-06-07 12:47:00.907445
4208,ESP_NODE_04,0,4,3.0,5,2026-06-07 12:48:06.866221
4209,ESP_NODE_04,1,4,3.0,5,2026-06-07 12:50:28.701757
4210,ESP_NODE_04,0,3,2.0,3,2026-06-07 12:51:38.712084
4211,ESP_NODE_04,0,4,3.0,5,2026-06-07 12:52:44.633453
4212,ESP_NODE_04,1,4,3.0,5,2026-06-07 12:53:50.796308
4213,ESP_NODE_04,1,3,2.0,3,2026-06-07 12:55:02.782369
4214,ESP_NODE_04,1,2,2.0,3,2026-06-07 12:56:08.568230
4215,ESP_NODE_04,0,3,2.0,3,2026-06-07 12:57:14.790308
4216,ESP_NODE_04,1,3,2.0,3,2026-06-07 12:58:20.743613
4217,ESP_NODE_04,1,2,2.0,3,2026-06-07 12:59:26.984618
4218,ESP_NODE_04,3,3,3.0,5,2026-06-07 13:00:33.114817
4219,ESP_NODE_04,0,4,3.0,5,2026-06-07 13:01:39.183007
4220,ESP_NODE_04,1,4,3.0,5,2026-06-07 13:04:00.312166
4221,ESP_NODE_04,2,4,3.0,5,2026-06-07 13:06:21.488401
4222,ESP_NODE_04,2,4,3.0,5,2026-06-07 13:07:27.647128
4223,ESP_NODE_04,1,4,3.0,5,2026-06-07 13:08:34.511121
4224,ESP_NODE_04,1,5,4.0,7,2026-06-07 13:10:55.631401
4225,ESP_NODE_04,3,5,4.0,7,2026-06-07 13:13:16.667467
4226,ESP_NODE_04,2,3,2.0,3,2026-06-07 13:14:22.413128
4227,ESP_NODE_04,5,6,5.0,8,2026-06-07 13:15:28.514319
4228,ESP_NODE_04,2,3,2.0,3,2026-06-07 13:16:34.593373
4229,ESP_NODE_04,3,3,3.0,5,2026-06-07 13:17:40.614444
4230,ESP_NODE_04,2,3,2.0,3,2026-06-07 13:18:46.395750
4231,ESP_NODE_04,2,4,3.0,5,2026-06-07 13:19:52.245771
4232,ESP_NODE_04,1,6,5.0,8,2026-06-07 13:20:57.992566
4233,ESP_NODE_04,0,5,4.0,7,2026-06-07 13:22:04.098836
4234,ESP_NODE_04,3,4,3.0,5,2026-06-07 13:23:10.301822
4235,ESP_NODE_04,0,5,4.0,7,2026-06-07 13:24:16.431940
4236,ESP_NODE_04,6,7,6.0,10,2026-06-07 13:25:22.673530
4237,ESP_NODE_04,12,7,10.0,17,2026-06-07 13:26:28.717783
4238,ESP_NODE_04,4,9,7.0,12,2026-06-07 13:27:35.600855
4239,ESP_NODE_04,9,5,8.0,13,2026-06-07 13:28:41.543600
4240,ESP_NODE_04,0,5,4.0,7,2026-06-07 13:29:47.496626
4241,ESP_NODE_04,1,7,6.0,10,2026-06-07 13:32:09.799183
4242,ESP_NODE_04,0,6,5.0,8,2026-06-07 13:33:18.679638
4243,ESP_NODE_04,3,7,6.0,10,2026-06-07 13:34:28.078359
4244,ESP_NODE_04,1,7,6.0,10,2026-06-07 13:35:40.735674
4245,ESP_NODE_04,1,8,6.0,10,2026-06-07 13:36:50.265091
4246,ESP_NODE_04,0,6,5.0,8,2026-06-07 13:37:57.358708
4247,ESP_NODE_04,1,6,5.0,8,2026-06-07 13:39:03.850537
4248,ESP_NODE_04,2,8,6.0,10,2026-06-07 13:40:09.696455
4249,ESP_NODE_04,1,8,6.0,10,2026-06-07 13:41:15.926693
4250,ESP_NODE_04,0,8,6.0,10,2026-06-07 13:42:22.004333
4251,ESP_NODE_04,0,7,6.0,10,2026-06-07 13:44:43.184390
4252,ESP_NODE_04,0,7,6.0,10,2026-06-07 13:45:49.084107
4253,ESP_NODE_04,3,8,6.0,10,2026-06-07 13:46:54.906783
4254,ESP_NODE_04,0,8,6.0,10,2026-06-07 13:48:01.019296
4255,ESP_NODE_04,2,7,6.0,10,2026-06-07 13:49:07.402090
4256,ESP_NODE_04,4,7,6.0,10,2026-06-07 13:50:13.444760
4257,ESP_NODE_04,2,8,6.0,10,2026-06-07 13:51:21.028259
4258,ESP_NODE_04,1,7,6.0,10,2026-06-07 13:52:26.881653
4259,ESP_NODE_04,5,9,7.0,12,2026-06-07 13:53:32.918970
4260,ESP_NODE_04,6,8,7.0,12,2026-06-07 13:54:38.958790
4261,ESP_NODE_04,2,8,6.0,10,2026-06-07 13:55:45.003357
4262,ESP_NODE_04,1,7,6.0,10,2026-06-07 13:56:51.061894
4263,ESP_NODE_04,3,7,6.0,10,2026-06-07 13:57:57.001636
4264,ESP_NODE_04,1,4,3.0,5,2026-06-07 13:59:03.142844
4265,ESP_NODE_04,3,7,6.0,10,2026-06-07 14:00:09.182714
4266,ESP_NODE_04,5,6,5.0,8,2026-06-07 14:01:15.152505
4267,ESP_NODE_04,1,6,5.0,8,2026-06-07 14:02:21.202311
4268,ESP_NODE_04,1,6,5.0,8,2026-06-07 14:03:27.362829
4269,ESP_NODE_04,2,5,4.0,7,2026-06-07 14:04:33.697545
4270,ESP_NODE_04,3,8,6.0,10,2026-06-07 14:05:39.627605
4271,ESP_NODE_04,5,8,6.0,10,2026-06-07 14:06:45.309006
4272,ESP_NODE_04,8,12,10.0,17,2026-06-07 14:07:51.544227
4273,ESP_NODE_04,2,8,6.0,10,2026-06-07 14:08:57.197213
4274,ESP_NODE_04,3,10,8.0,13,2026-06-07 14:10:02.945636
4275,ESP_NODE_04,1,5,4.0,7,2026-06-07 14:11:08.593107
4276,ESP_NODE_04,3,7,6.0,10,2026-06-07 14:12:14.714433
4277,ESP_NODE_04,0,6,5.0,8,2026-06-07 14:13:20.862480
4278,ESP_NODE_04,2,6,5.0,8,2026-06-07 14:15:41.989782
4279,ESP_NODE_04,5,6,5.0,8,2026-06-07 14:16:48.009586
4280,ESP_NODE_04,2,5,4.0,7,2026-06-07 14:17:54.188311
4281,ESP_NODE_04,4,6,5.0,8,2026-06-07 14:19:00.320908
4282,ESP_NODE_04,2,4,3.0,5,2026-06-07 14:20:06.373975
4283,ESP_NODE_04,3,4,3.0,5,2026-06-07 14:21:12.320607
4284,ESP_NODE_04,1,6,5.0,8,2026-06-07 14:22:18.375975
4285,ESP_NODE_04,2,6,5.0,8,2026-06-07 14:23:24.614458
4286,ESP_NODE_04,6,7,6.0,10,2026-06-07 14:25:45.733346
4287,ESP_NODE_04,0,6,5.0,8,2026-06-07 14:28:06.932155
4288,ESP_NODE_04,5,7,6.0,10,2026-06-07 14:29:13.086854
4289,ESP_NODE_04,1,6,5.0,8,2026-06-07 14:31:34.212330
4290,ESP_NODE_04,0,5,4.0,7,2026-06-07 14:33:55.429471
4291,ESP_NODE_04,4,7,6.0,10,2026-06-07 14:35:01.402055
4292,ESP_NODE_04,2,5,4.0,7,2026-06-07 14:37:22.493030
4293,ESP_NODE_04,2,5,4.0,7,2026-06-07 14:38:28.726353
4294,ESP_NODE_04,2,5,4.0,7,2026-06-07 14:39:34.888120
4295,ESP_NODE_04,2,4,3.0,5,2026-06-07 14:40:40.922175
4296,ESP_NODE_04,3,5,4.0,7,2026-06-07 14:41:46.905819
4297,ESP_NODE_04,5,6,5.0,8,2026-06-07 14:42:52.832661
4298,ESP_NODE_04,4,6,5.0,8,2026-06-07 14:43:58.689867
4299,ESP_NODE_04,7,3,6.0,10,2026-06-07 14:45:04.818135
4300,ESP_NODE_04,6,3,5.0,8,2026-06-07 14:46:10.684646
4301,ESP_NODE_04,2,4,3.0,5,2026-06-07 14:47:16.902708
4302,ESP_NODE_04,0,4,3.0,5,2026-06-07 14:48:22.971939
4303,ESP_NODE_04,2,4,3.0,5,2026-06-07 14:49:28.735791
4304,ESP_NODE_04,2,5,4.0,7,2026-06-07 14:53:05.177207
4305,ESP_NODE_04,4,4,4.0,7,2026-06-07 14:54:11.646455
4306,ESP_NODE_04,2,5,4.0,7,2026-06-07 14:55:17.411139
4307,ESP_NODE_04,2,6,5.0,8,2026-06-07 14:57:39.659631
4308,ESP_NODE_04,5,4,5.0,8,2026-06-07 14:58:45.814776
4309,ESP_NODE_04,4,3,4.0,7,2026-06-07 14:59:51.767154
4310,ESP_NODE_04,5,2,4.0,7,2026-06-07 15:00:57.541890
4311,ESP_NODE_04,3,3,3.0,5,2026-06-07 15:02:03.588197
4312,ESP_NODE_04,2,2,2.0,3,2026-06-07 15:03:09.906272
4313,ESP_NODE_04,4,2,3.0,5,2026-06-07 15:04:15.681370
4314,ESP_NODE_04,1,2,2.0,3,2026-06-07 15:05:21.767304
4315,ESP_NODE_04,4,2,3.0,5,2026-06-07 15:06:27.744652
4316,ESP_NODE_04,1,2,2.0,3,2026-06-07 15:07:33.811168
4317,ESP_NODE_04,3,2,3.0,5,2026-06-07 15:08:39.845207
4318,ESP_NODE_04,4,2,3.0,5,2026-06-07 15:09:45.893884
4319,ESP_NODE_04,1,2,2.0,3,2026-06-07 15:10:51.935046
4320,ESP_NODE_04,1,1,1.0,2,2026-06-07 15:11:58.013508
4321,ESP_NODE_04,1,2,2.0,3,2026-06-07 15:13:04.048512
4322,ESP_NODE_04,4,1,3.0,5,2026-06-07 15:14:10.111344
4323,ESP_NODE_04,3,2,3.0,5,2026-06-07 15:15:16.053591
4324,ESP_NODE_04,2,1,2.0,3,2026-06-07 15:16:22.420797
4325,ESP_NODE_04,2,2,2.0,3,2026-06-07 15:17:28.581420
4326,ESP_NODE_04,1,2,2.0,3,2026-06-07 15:18:34.846781
4327,ESP_NODE_04,5,2,4.0,7,2026-06-07 15:19:40.975635
4328,ESP_NODE_04,1,1,1.0,2,2026-06-07 15:20:47.433418
4329,ESP_NODE_04,4,1,3.0,5,2026-06-07 15:21:53.535215
4330,ESP_NODE_04,2,1,2.0,3,2026-06-07 15:22:59.752311
4331,ESP_NODE_04,2,1,2.0,3,2026-06-07 15:24:06.077714
4332,ESP_NODE_04,4,2,3.0,5,2026-06-07 15:25:12.206591
4333,ESP_NODE_04,2,1,2.0,3,2026-06-07 15:26:18.286436
4334,ESP_NODE_04,2,2,2.0,3,2026-06-07 15:27:24.412604
4335,ESP_NODE_04,9,2,7.0,12,2026-06-07 15:28:30.301279
4336,ESP_NODE_04,3,1,2.0,3,2026-06-07 15:29:36.634515
4337,ESP_NODE_04,2,2,2.0,3,2026-06-07 15:30:42.387965
4338,ESP_NODE_04,3,2,3.0,5,2026-06-07 15:31:49.379180
4339,ESP_NODE_04,1,1,1.0,2,2026-06-07 15:32:55.696114
4340,ESP_NODE_04,0,2,2.0,3,2026-06-07 15:34:01.368229
4341,ESP_NODE_04,1,1,1.0,2,2026-06-07 15:35:07.477945
4342,ESP_NODE_04,4,3,4.0,7,2026-06-07 15:36:13.533433
4343,ESP_NODE_04,6,1,4.0,7,2026-06-07 15:37:19.784694
4344,ESP_NODE_04,3,2,3.0,5,2026-06-07 15:38:25.937010
4345,ESP_NODE_04,3,2,3.0,5,2026-06-07 15:39:31.879226
4346,ESP_NODE_04,1,2,2.0,3,2026-06-07 15:40:37.929730
4347,ESP_NODE_04,2,2,2.0,3,2026-06-07 15:41:44.004341
4348,ESP_NODE_04,6,2,5.0,8,2026-06-07 15:42:50.017626
4349,ESP_NODE_04,9,2,7.0,12,2026-06-07 15:43:56.009729
4350,ESP_NODE_04,1,2,2.0,3,2026-06-07 15:45:02.238400
4351,ESP_NODE_04,3,2,3.0,5,2026-06-07 15:46:08.006501
4352,ESP_NODE_04,3,2,3.0,5,2026-06-07 15:47:13.749527
4353,ESP_NODE_04,1,2,2.0,3,2026-06-07 15:48:19.765908
4354,ESP_NODE_04,10,2,8.0,13,2026-06-07 15:49:25.909284
4355,ESP_NODE_04,8,3,6.0,10,2026-06-07 15:50:32.069430
4356,ESP_NODE_04,5,1,4.0,7,2026-06-07 15:51:37.977463
4357,ESP_NODE_04,5,2,4.0,7,2026-06-07 15:52:44.052789
4358,ESP_NODE_04,10,2,8.0,13,2026-06-07 15:53:49.761904
4359,ESP_NODE_04,2,3,2.0,3,2026-06-07 15:54:55.878298
4360,ESP_NODE_04,8,1,6.0,10,2026-06-07 15:56:02.428426
4361,ESP_NODE_04,2,2,2.0,3,2026-06-07 15:57:08.552386
4362,ESP_NODE_04,0,2,2.0,3,2026-06-07 15:58:14.325878
4363,ESP_NODE_04,3,1,2.0,3,2026-06-07 15:59:20.449048
4364,ESP_NODE_04,4,2,3.0,5,2026-06-07 16:00:26.598748
4365,ESP_NODE_04,1,2,2.0,3,2026-06-07 16:01:32.647396
4366,ESP_NODE_04,3,1,2.0,3,2026-06-07 16:02:38.494697
4367,ESP_NODE_04,8,2,6.0,10,2026-06-07 16:03:44.544940
4368,ESP_NODE_04,4,2,3.0,5,2026-06-07 16:04:50.710679
4369,ESP_NODE_04,5,1,4.0,7,2026-06-07 16:05:56.579492
4370,ESP_NODE_04,7,1,5.0,8,2026-06-07 16:07:02.598396
4371,ESP_NODE_04,12,1,9.0,15,2026-06-07 16:08:08.650966
4372,ESP_NODE_04,4,1,3.0,5,2026-06-07 16:09:14.786214
4373,ESP_NODE_04,3,2,3.0,5,2026-06-07 16:10:20.662211
4374,ESP_NODE_04,2,1,2.0,3,2026-06-07 16:11:26.672679
4375,ESP_NODE_04,3,2,3.0,5,2026-06-07 16:12:32.555594
4376,ESP_NODE_04,2,2,2.0,3,2026-06-07 16:13:39.188103
4377,ESP_NODE_04,4,2,3.0,5,2026-06-07 16:14:45.562347
4378,ESP_NODE_04,1,2,2.0,3,2026-06-07 16:15:51.687426
4379,ESP_NODE_04,2,2,2.0,3,2026-06-07 16:16:57.850027
4380,ESP_NODE_04,5,2,4.0,7,2026-06-07 16:18:04.208958
4381,ESP_NODE_04,2,2,2.0,3,2026-06-07 16:19:10.255099
4382,ESP_NODE_04,3,3,3.0,5,2026-06-07 16:20:16.405893
4383,ESP_NODE_04,4,1,3.0,5,2026-06-07 16:21:22.460465
4384,ESP_NODE_04,4,2,3.0,5,2026-06-07 16:22:28.402593
4385,ESP_NODE_04,4,2,3.0,5,2026-06-07 16:23:34.565106
4386,ESP_NODE_04,2,3,2.0,3,2026-06-07 16:24:40.794863
4387,ESP_NODE_04,4,2,3.0,5,2026-06-07 16:25:46.967741
4388,ESP_NODE_04,8,2,6.0,10,2026-06-07 16:26:53.406156
4389,ESP_NODE_04,2,1,2.0,3,2026-06-07 16:27:59.555308
4390,ESP_NODE_04,7,1,5.0,8,2026-06-07 16:29:05.701888
4391,ESP_NODE_04,4,2,3.0,5,2026-06-07 16:30:11.877341
4392,ESP_NODE_04,1,1,1.0,2,2026-06-07 16:31:17.933127
4393,ESP_NODE_04,0,1,1.0,2,2026-06-07 16:32:24.085690
4394,ESP_NODE_04,2,1,2.0,3,2026-06-07 16:33:30.129865
4395,ESP_NODE_04,7,2,5.0,8,2026-06-07 16:34:36.100031
4396,ESP_NODE_04,1,2,2.0,3,2026-06-07 16:35:42.238736
4397,ESP_NODE_04,1,2,2.0,3,2026-06-07 16:36:48.470529
4398,ESP_NODE_04,1,3,2.0,3,2026-06-07 16:37:54.583373
4399,ESP_NODE_04,2,1,2.0,3,2026-06-07 16:39:00.771226
4400,ESP_NODE_04,5,1,4.0,7,2026-06-07 16:40:06.807271
4401,ESP_NODE_04,1,2,2.0,3,2026-06-07 16:41:12.962271
4402,ESP_NODE_04,3,3,3.0,5,2026-06-07 16:42:19.127941
4403,ESP_NODE_04,3,2,3.0,5,2026-06-07 16:43:25.270402
4404,ESP_NODE_04,15,3,11.0,18,2026-06-07 16:44:31.319960
4405,ESP_NODE_04,8,4,7.0,12,2026-06-07 16:45:37.289513
4406,ESP_NODE_04,10,3,8.0,13,2026-06-07 16:46:43.023814
4407,ESP_NODE_04,7,3,6.0,10,2026-06-07 16:47:49.050852
4408,ESP_NODE_04,1,3,2.0,3,2026-06-07 16:48:55.003764
4409,ESP_NODE_04,7,4,6.0,10,2026-06-07 16:50:00.802559
4410,ESP_NODE_04,2,3,2.0,3,2026-06-07 16:51:06.734521
4411,ESP_NODE_04,1,3,2.0,3,2026-06-07 16:52:12.585464
4412,ESP_NODE_04,5,4,5.0,8,2026-06-07 16:53:18.785416
4413,ESP_NODE_04,2,3,2.0,3,2026-06-07 16:54:25.046448
4414,ESP_NODE_04,0,4,3.0,5,2026-06-07 16:55:31.068937
4415,ESP_NODE_04,5,4,5.0,8,2026-06-07 16:56:37.033257
4416,ESP_NODE_04,1,2,2.0,3,2026-06-07 16:57:43.183008
4417,ESP_NODE_04,4,3,4.0,7,2026-06-07 16:58:49.464633
4418,ESP_NODE_04,2,2,2.0,3,2026-06-07 16:59:55.603517
4419,ESP_NODE_04,4,3,4.0,7,2026-06-07 17:01:01.475749
4420,ESP_NODE_04,2,2,2.0,3,2026-06-07 17:02:07.498271
4421,ESP_NODE_04,6,3,5.0,8,2026-06-07 17:03:13.367918
4422,ESP_NODE_04,2,3,2.0,3,2026-06-07 17:04:19.548993
4423,ESP_NODE_04,23,3,17.0,28,2026-06-07 17:05:25.740760
4424,ESP_NODE_04,3,3,3.0,5,2026-06-07 17:06:31.895183
4425,ESP_NODE_04,4,2,3.0,5,2026-06-07 17:07:38.029810
4426,ESP_NODE_04,7,2,5.0,8,2026-06-07 17:08:44.101814
4427,ESP_NODE_04,3,3,3.0,5,2026-06-07 17:09:50.555407
4428,ESP_NODE_04,3,3,3.0,5,2026-06-07 17:10:56.626961
4429,ESP_NODE_04,0,3,2.0,3,2026-06-07 17:12:02.652895
4430,ESP_NODE_04,3,3,3.0,5,2026-06-07 17:13:08.707430
4431,ESP_NODE_04,11,2,8.0,13,2026-06-07 17:14:14.857151
4432,ESP_NODE_04,0,4,3.0,5,2026-06-07 17:15:20.999747
4433,ESP_NODE_04,4,2,3.0,5,2026-06-07 17:16:26.780309
4434,ESP_NODE_04,8,1,6.0,10,2026-06-07 17:17:32.506074
4435,ESP_NODE_04,0,3,2.0,3,2026-06-07 17:19:53.574852
4436,ESP_NODE_04,2,3,2.0,3,2026-06-07 17:20:59.636271
4437,ESP_NODE_04,8,3,6.0,10,2026-06-07 17:22:05.686886
4438,ESP_NODE_04,5,3,4.0,7,2026-06-07 17:23:11.465682
4439,ESP_NODE_04,2,3,2.0,3,2026-06-07 17:24:17.483834
4440,ESP_NODE_04,4,3,4.0,7,2026-06-07 17:25:23.621863
4441,ESP_NODE_04,6,3,5.0,8,2026-06-07 17:26:29.683291
4442,ESP_NODE_04,2,3,2.0,3,2026-06-07 17:27:35.817850
4443,ESP_NODE_04,2,3,2.0,3,2026-06-07 17:28:41.988840
4444,ESP_NODE_04,4,3,4.0,7,2026-06-07 17:29:48.024302
4445,ESP_NODE_04,2,3,2.0,3,2026-06-07 17:30:54.065677
4446,ESP_NODE_04,0,3,2.0,3,2026-06-07 17:32:00.352993
4447,ESP_NODE_04,1,2,2.0,3,2026-06-07 17:33:06.480495
4448,ESP_NODE_04,5,2,4.0,7,2026-06-07 17:34:12.626265
4449,ESP_NODE_04,3,2,3.0,5,2026-06-07 17:35:18.646280
4450,ESP_NODE_04,3,3,3.0,5,2026-06-07 17:36:24.839793
4451,ESP_NODE_04,3,1,2.0,3,2026-06-07 17:37:30.882601
4452,ESP_NODE_04,4,1,3.0,5,2026-06-07 17:38:36.933203
4453,ESP_NODE_04,0,1,1.0,2,2026-06-07 17:39:43.086241
4454,ESP_NODE_04,4,1,3.0,5,2026-06-07 17:40:49.158517
4455,ESP_NODE_04,0,2,2.0,3,2026-06-07 17:41:55.288232
4456,ESP_NODE_04,6,1,4.0,7,2026-06-07 17:43:01.254561
4457,ESP_NODE_04,0,1,1.0,2,2026-06-07 17:44:07.493335
4458,ESP_NODE_04,3,3,3.0,5,2026-06-07 17:45:13.232376
4459,ESP_NODE_04,1,2,2.0,3,2026-06-07 17:46:19.274193
4460,ESP_NODE_04,4,3,4.0,7,2026-06-07 17:47:25.525864
4461,ESP_NODE_04,0,3,2.0,3,2026-06-07 17:48:31.589596
4462,ESP_NODE_04,0,2,2.0,3,2026-06-07 17:49:37.732269
4463,ESP_NODE_04,2,1,2.0,3,2026-06-07 17:50:43.775734
4464,ESP_NODE_04,0,3,2.0,3,2026-06-07 17:51:49.814889
4465,ESP_NODE_04,3,3,3.0,5,2026-06-07 17:52:55.764823
4466,ESP_NODE_04,4,2,3.0,5,2026-06-07 17:54:01.842800
4467,ESP_NODE_04,10,3,8.0,13,2026-06-07 17:55:08.087152
4468,ESP_NODE_04,2,3,2.0,3,2026-06-07 17:56:14.138786
4469,ESP_NODE_04,1,3,2.0,3,2026-06-07 17:57:20.384546
4470,ESP_NODE_04,1,2,2.0,3,2026-06-07 17:58:26.536901
4471,ESP_NODE_04,4,1,3.0,5,2026-06-07 17:59:32.770097
4472,ESP_NODE_04,1,5,4.0,7,2026-06-07 18:00:38.397137
4473,ESP_NODE_04,1,2,2.0,3,2026-06-07 18:01:44.673005
4474,ESP_NODE_04,3,3,3.0,5,2026-06-07 18:02:50.634373
4475,ESP_NODE_04,4,2,3.0,5,2026-06-07 18:03:56.676085
4476,ESP_NODE_04,6,3,5.0,8,2026-06-07 18:05:02.934423
4477,ESP_NODE_04,3,2,3.0,5,2026-06-07 18:06:09.169125
4478,ESP_NODE_04,2,1,2.0,3,2026-06-07 18:07:15.431154
4479,ESP_NODE_04,7,2,5.0,8,2026-06-07 18:08:21.706038
4480,ESP_NODE_04,1,2,2.0,3,2026-06-07 18:09:27.741170
4481,ESP_NODE_04,1,1,1.0,2,2026-06-07 18:10:33.894729
4482,ESP_NODE_04,11,1,8.0,13,2026-06-07 18:11:39.831005
4483,ESP_NODE_04,14,1,10.0,17,2026-06-07 18:12:45.505775
4484,ESP_NODE_04,13,1,9.0,15,2026-06-07 18:13:51.413676
4485,ESP_NODE_04,16,3,12.0,20,2026-06-07 18:14:57.572652
4486,ESP_NODE_04,24,5,18.0,30,2026-06-07 18:16:03.745515
4487,ESP_NODE_04,7,3,6.0,10,2026-06-07 18:17:09.696730
4488,ESP_NODE_04,7,3,6.0,10,2026-06-07 18:18:15.829157
4489,ESP_NODE_04,1,2,2.0,3,2026-06-07 18:19:21.756107
4490,ESP_NODE_04,1,4,3.0,5,2026-06-07 18:20:27.966473
4491,ESP_NODE_04,0,3,2.0,3,2026-06-07 18:21:33.879266
4492,ESP_NODE_04,7,4,6.0,10,2026-06-07 18:22:39.801389
4493,ESP_NODE_04,5,3,4.0,7,2026-06-07 18:23:45.750343
4494,ESP_NODE_04,0,3,2.0,3,2026-06-07 18:24:51.523209
4495,ESP_NODE_04,7,3,6.0,10,2026-06-07 18:27:13.219427
4496,ESP_NODE_04,4,4,4.0,7,2026-06-07 18:28:19.265548
4497,ESP_NODE_04,2,4,3.0,5,2026-06-07 18:30:40.368540
4498,ESP_NODE_04,8,3,6.0,10,2026-06-07 18:33:01.389660
4499,ESP_NODE_04,3,0,2.0,3,2026-06-07 18:34:07.589259
4500,ESP_NODE_04,1,1,1.0,2,2026-06-07 18:35:13.546501
4501,ESP_NODE_04,0,1,1.0,2,2026-06-07 18:36:19.726038
4502,ESP_NODE_04,1,1,1.0,2,2026-06-07 18:37:26.008413
4503,ESP_NODE_04,1,0,1.0,2,2026-06-07 18:39:47.013810
4504,ESP_NODE_04,3,0,2.0,3,2026-06-07 18:40:53.335291
4505,ESP_NODE_04,1,0,1.0,2,2026-06-07 18:41:59.618852
4506,ESP_NODE_04,3,5,4.0,7,2026-06-07 18:44:20.810970
4507,ESP_NODE_04,8,0,6.0,10,2026-06-07 18:45:26.961362
4508,ESP_NODE_04,6,0,4.0,7,2026-06-07 18:46:47.415216
4509,ESP_NODE_04,3,3,3.0,5,2026-06-07 18:47:53.805762
4510,ESP_NODE_04,1,2,2.0,3,2026-06-07 18:48:59.868801
4511,ESP_NODE_04,2,0,1.0,2,2026-06-07 18:50:06.014381
4512,ESP_NODE_04,1,0,1.0,2,2026-06-07 18:51:11.971227
4513,ESP_NODE_04,0,0,0.0,0,2026-06-07 18:52:18.009192
4514,ESP_NODE_04,0,0,0.0,0,2026-06-07 18:53:24.097408
4515,ESP_NODE_04,2,0,1.0,2,2026-06-07 18:55:45.273370
4516,ESP_NODE_04,6,2,5.0,8,2026-06-07 18:56:51.627098
4517,ESP_NODE_04,7,2,5.0,8,2026-06-07 18:59:12.863286
4518,ESP_NODE_04,1,4,3.0,5,2026-06-07 19:00:19.004153
4519,ESP_NODE_04,1,2,2.0,3,2026-06-07 19:01:24.752498
4520,ESP_NODE_04,2,4,3.0,5,2026-06-07 19:02:30.960872
4521,ESP_NODE_04,2,1,2.0,3,2026-06-07 19:03:37.023789
4522,ESP_NODE_04,0,2,2.0,3,2026-06-07 19:04:57.331788
4523,ESP_NODE_04,2,1,2.0,3,2026-06-07 19:06:03.549133
4524,ESP_NODE_04,0,2,2.0,3,2026-06-07 19:08:24.613318
4525,ESP_NODE_04,3,1,2.0,3,2026-06-07 19:09:30.696736
4526,ESP_NODE_04,0,1,1.0,2,2026-06-07 19:10:36.613219
4527,ESP_NODE_04,2,2,2.0,3,2026-06-07 19:11:42.560271
4528,ESP_NODE_04,1,3,2.0,3,2026-06-07 19:12:48.187243
4529,ESP_NODE_04,1,0,1.0,2,2026-06-07 19:15:09.166352
4530,ESP_NODE_04,2,1,2.0,3,2026-06-07 19:16:15.411135
4531,ESP_NODE_04,1,1,1.0,2,2026-06-07 19:17:21.250274
4532,ESP_NODE_04,1,2,2.0,3,2026-06-07 19:18:27.184988
4533,ESP_NODE_04,1,1,1.0,2,2026-06-07 19:19:32.988905
4534,ESP_NODE_04,1,2,2.0,3,2026-06-07 19:21:53.920991
4535,ESP_NODE_04,11,2,8.0,13,2026-06-07 19:24:15.062336
4536,ESP_NODE_04,4,1,3.0,5,2026-06-07 19:25:20.932155
4537,ESP_NODE_04,6,1,4.0,7,2026-06-07 19:26:26.938075
4538,ESP_NODE_04,1,2,2.0,3,2026-06-07 19:27:32.900407
4539,ESP_NODE_04,1,1,1.0,2,2026-06-07 19:28:39.171477
4540,ESP_NODE_04,3,2,3.0,5,2026-06-07 19:29:45.513564
4541,ESP_NODE_04,0,2,2.0,3,2026-06-07 19:30:51.849875
4542,ESP_NODE_04,13,3,10.0,17,2026-06-07 19:31:57.910002
4543,ESP_NODE_04,1,1,1.0,2,2026-06-07 19:34:18.916684
4544,ESP_NODE_04,3,2,3.0,5,2026-06-07 19:35:24.966352
4545,ESP_NODE_04,3,2,3.0,5,2026-06-07 19:36:31.014271
4546,ESP_NODE_04,3,2,3.0,5,2026-06-07 19:37:37.279346
4547,ESP_NODE_04,12,2,9.0,15,2026-06-07 19:38:43.401409
4548,ESP_NODE_04,7,1,5.0,8,2026-06-07 19:39:49.479249
4549,ESP_NODE_04,9,3,7.0,12,2026-06-07 19:40:55.631380
4550,ESP_NODE_04,10,0,7.0,12,2026-06-07 19:42:01.769984
4551,ESP_NODE_04,5,1,4.0,7,2026-06-07 19:44:22.892977
4552,ESP_NODE_04,2,4,3.0,5,2026-06-07 19:45:29.176881
4553,ESP_NODE_04,6,2,5.0,8,2026-06-07 19:46:35.387985
4554,ESP_NODE_04,3,1,2.0,3,2026-06-07 19:48:56.500210
4555,ESP_NODE_04,5,2,4.0,7,2026-06-07 19:50:02.799548
4556,ESP_NODE_04,8,2,6.0,10,2026-06-07 19:51:09.133673
4557,ESP_NODE_04,1,2,2.0,3,2026-06-07 19:52:15.367112
4558,ESP_NODE_04,2,1,2.0,3,2026-06-07 19:53:21.620152
4559,ESP_NODE_04,1,0,1.0,2,2026-06-07 19:55:42.742172
4560,ESP_NODE_04,5,2,4.0,7,2026-06-07 19:56:48.709135
4561,ESP_NODE_04,1,3,2.0,3,2026-06-07 19:57:54.645235
4562,ESP_NODE_04,9,2,7.0,12,2026-06-07 20:00:15.965183
4563,ESP_NODE_04,9,2,7.0,12,2026-06-07 20:01:22.094006
4564,ESP_NODE_04,2,0,1.0,2,2026-06-07 20:02:28.270000
4565,ESP_NODE_04,5,1,4.0,7,2026-06-07 20:03:34.350801
4566,ESP_NODE_04,4,1,3.0,5,2026-06-07 20:04:40.665004
4567,ESP_NODE_04,0,0,0.0,0,2026-06-07 20:05:46.889702
4568,ESP_NODE_04,1,1,1.0,2,2026-06-07 20:06:52.853501
4569,ESP_NODE_04,3,1,2.0,3,2026-06-07 20:07:59.095294
4570,ESP_NODE_04,21,0,15.0,25,2026-06-07 20:09:04.881766
4571,ESP_NODE_04,3,1,2.0,3,2026-06-07 20:10:11.225158
4572,ESP_NODE_04,1,1,1.0,2,2026-06-07 20:11:17.217476
4573,ESP_NODE_04,3,0,2.0,3,2026-06-07 20:12:23.412016
4574,ESP_NODE_04,3,3,3.0,5,2026-06-07 20:13:29.760051
4575,ESP_NODE_04,20,3,15.0,25,2026-06-07 20:14:35.792950
4576,ESP_NODE_04,9,4,8.0,13,2026-06-07 20:15:41.951555
4577,ESP_NODE_04,1,1,1.0,2,2026-06-07 20:16:48.097767
4578,ESP_NODE_04,5,3,4.0,7,2026-06-07 20:19:09.436980
4579,ESP_NODE_04,3,1,2.0,3,2026-06-07 20:20:15.676829
4580,ESP_NODE_04,3,1,2.0,3,2026-06-07 20:21:21.755140
4581,ESP_NODE_04,0,1,1.0,2,2026-06-07 20:22:28.071509
4582,ESP_NODE_04,2,1,2.0,3,2026-06-07 20:23:34.191377
4583,ESP_NODE_04,15,1,11.0,18,2026-06-07 20:24:40.148770
4584,ESP_NODE_04,9,1,7.0,12,2026-06-07 20:25:46.331650
4585,ESP_NODE_04,7,1,5.0,8,2026-06-07 20:26:52.093452
4586,ESP_NODE_04,5,1,4.0,7,2026-06-07 20:27:58.736236
4587,ESP_NODE_04,6,1,4.0,7,2026-06-07 20:29:04.661091
4588,ESP_NODE_04,4,1,3.0,5,2026-06-07 20:30:10.821413
4589,ESP_NODE_04,3,1,2.0,3,2026-06-07 20:31:16.960579
4590,ESP_NODE_04,3,0,2.0,3,2026-06-07 20:32:23.356094
4591,ESP_NODE_04,24,3,18.0,30,2026-06-07 20:33:29.601600
4592,ESP_NODE_04,7,3,6.0,10,2026-06-07 20:34:35.838640
4593,ESP_NODE_04,24,2,17.0,28,2026-06-07 20:35:41.805735
4594,ESP_NODE_04,10,4,8.0,13,2026-06-07 20:36:47.924220
4595,ESP_NODE_04,12,3,9.0,15,2026-06-07 20:37:54.194356
4596,ESP_NODE_04,7,2,5.0,8,2026-06-07 20:39:00.560216
4597,ESP_NODE_04,0,3,2.0,3,2026-06-07 20:41:22.201608
4598,ESP_NODE_04,0,2,2.0,3,2026-06-07 20:42:28.752855
4599,ESP_NODE_04,0,1,1.0,2,2026-06-07 20:43:34.730448
4600,ESP_NODE_04,4,2,3.0,5,2026-06-07 20:44:40.823222
4601,ESP_NODE_04,10,7,9.0,15,2026-06-07 20:45:46.816838
4602,ESP_NODE_04,2,4,3.0,5,2026-06-07 20:46:52.894762
4603,ESP_NODE_04,1,6,5.0,8,2026-06-07 20:47:58.791176
4604,ESP_NODE_04,2,4,3.0,5,2026-06-07 20:49:05.020630
4605,ESP_NODE_04,5,5,5.0,8,2026-06-07 20:50:11.060062
4606,ESP_NODE_04,2,2,2.0,3,2026-06-07 20:51:17.135492
4607,ESP_NODE_04,2,4,3.0,5,2026-06-07 20:52:23.372832
4608,ESP_NODE_04,2,4,3.0,5,2026-06-07 20:53:29.457373
4609,ESP_NODE_04,2,3,2.0,3,2026-06-07 20:54:35.358990
4610,ESP_NODE_04,2,3,2.0,3,2026-06-07 20:55:41.517195
4611,ESP_NODE_04,1,3,2.0,3,2026-06-07 20:56:47.286776
4612,ESP_NODE_04,3,4,3.0,5,2026-06-07 20:57:53.296651
4613,ESP_NODE_04,2,4,3.0,5,2026-06-07 20:58:59.449648
4614,ESP_NODE_04,5,3,4.0,7,2026-06-07 21:00:05.449526
4615,ESP_NODE_04,5,2,4.0,7,2026-06-07 21:01:11.561660
4616,ESP_NODE_04,5,5,5.0,8,2026-06-07 21:02:17.813585
4617,ESP_NODE_04,1,6,5.0,8,2026-06-07 21:03:24.070250
4618,ESP_NODE_04,0,3,2.0,3,2026-06-07 21:04:29.938699
4619,ESP_NODE_04,4,2,3.0,5,2026-06-07 21:05:35.854702
4620,ESP_NODE_04,0,4,3.0,5,2026-06-07 21:06:41.746593
4621,ESP_NODE_04,4,5,4.0,7,2026-06-07 21:07:47.965272
4622,ESP_NODE_04,2,4,3.0,5,2026-06-07 21:10:09.158906
4623,ESP_NODE_04,1,4,3.0,5,2026-06-07 21:11:15.205558
4624,ESP_NODE_04,0,4,3.0,5,2026-06-07 21:12:21.154809
4625,ESP_NODE_04,1,3,2.0,3,2026-06-07 21:13:27.223394
4626,ESP_NODE_04,2,3,2.0,3,2026-06-07 21:14:33.157667
4627,ESP_NODE_04,8,1,6.0,10,2026-06-07 21:15:39.319046
4628,ESP_NODE_04,0,1,1.0,2,2026-06-07 21:16:45.453218
4629,ESP_NODE_04,3,2,3.0,5,2026-06-07 21:19:06.477044
4630,ESP_NODE_04,7,2,5.0,8,2026-06-07 21:20:12.339688
4631,ESP_NODE_04,4,1,3.0,5,2026-06-07 21:21:18.459004
4632,ESP_NODE_04,2,2,2.0,3,2026-06-07 21:22:24.336215
4633,ESP_NODE_04,4,2,3.0,5,2026-06-07 21:23:30.344662
4634,ESP_NODE_04,8,1,6.0,10,2026-06-07 21:24:36.332649
4635,ESP_NODE_04,1,2,2.0,3,2026-06-07 21:26:57.397716
4636,ESP_NODE_04,4,3,4.0,7,2026-06-07 21:28:03.757718
4637,ESP_NODE_04,3,1,2.0,3,2026-06-07 21:29:09.708549
4638,ESP_NODE_04,2,1,2.0,3,2026-06-07 21:30:15.775193
4639,ESP_NODE_04,0,2,2.0,3,2026-06-07 21:31:21.736863
4640,ESP_NODE_04,2,0,1.0,2,2026-06-07 21:32:28.014130
4641,ESP_NODE_04,1,1,1.0,2,2026-06-07 21:33:34.105815
4642,ESP_NODE_04,10,1,7.0,12,2026-06-07 21:34:39.778406
4643,ESP_NODE_04,7,1,5.0,8,2026-06-07 21:35:45.995236
4644,ESP_NODE_04,2,2,2.0,3,2026-06-07 21:36:52.152255
4645,ESP_NODE_04,5,1,4.0,7,2026-06-07 21:37:58.301988
4646,ESP_NODE_04,1,2,2.0,3,2026-06-07 21:39:04.362872
4647,ESP_NODE_04,13,1,9.0,15,2026-06-07 21:40:10.403540
4648,ESP_NODE_04,2,1,2.0,3,2026-06-07 21:41:28.884504
4649,ESP_NODE_04,5,0,4.0,7,2026-06-07 21:42:34.611416
4650,ESP_NODE_04,6,4,5.0,8,2026-06-07 21:44:55.617504
4651,ESP_NODE_04,5,7,6.0,10,2026-06-07 21:46:01.843396
4652,ESP_NODE_04,11,8,10.0,17,2026-06-07 21:47:07.986712
4653,ESP_NODE_04,4,5,4.0,7,2026-06-07 21:48:13.967725
4654,ESP_NODE_04,5,6,5.0,8,2026-06-07 21:49:19.985996
4655,ESP_NODE_04,7,6,7.0,12,2026-06-07 21:50:26.133788
4656,ESP_NODE_04,4,6,5.0,8,2026-06-07 21:51:32.194050
4657,ESP_NODE_04,17,4,13.0,22,2026-06-07 21:52:38.210409
4658,ESP_NODE_04,15,3,11.0,18,2026-06-07 21:53:44.385340
4659,ESP_NODE_04,7,3,6.0,10,2026-06-07 21:56:05.471793
4660,ESP_NODE_04,7,7,7.0,12,2026-06-07 21:57:11.637005
4661,ESP_NODE_04,7,5,6.0,10,2026-06-07 21:58:17.660011
4662,ESP_NODE_04,11,5,9.0,15,2026-06-07 21:59:23.856139
4663,ESP_NODE_04,8,5,7.0,12,2026-06-07 22:00:29.999769
4664,ESP_NODE_04,2,4,3.0,5,2026-06-07 22:01:36.152545
4665,ESP_NODE_04,4,7,6.0,10,2026-06-07 22:02:42.406939
4666,ESP_NODE_04,1,7,6.0,10,2026-06-07 22:03:48.571824
4667,ESP_NODE_04,3,6,5.0,8,2026-06-07 22:04:54.725948
4668,ESP_NODE_04,5,7,6.0,10,2026-06-07 22:06:01.059557
4669,ESP_NODE_04,2,5,4.0,7,2026-06-07 22:07:07.215392
4670,ESP_NODE_04,1,6,5.0,8,2026-06-07 22:08:13.280720
4671,ESP_NODE_04,2,5,4.0,7,2026-06-07 22:09:19.420117
4672,ESP_NODE_04,5,6,5.0,8,2026-06-07 22:10:25.582320
4673,ESP_NODE_04,6,8,7.0,12,2026-06-07 22:11:31.543709
4674,ESP_NODE_04,2,7,6.0,10,2026-06-07 22:12:37.402030
4675,ESP_NODE_04,7,6,7.0,12,2026-06-07 22:13:43.447247
4676,ESP_NODE_04,4,7,6.0,10,2026-06-07 22:14:49.569041
4677,ESP_NODE_04,10,10,10.0,17,2026-06-07 22:15:55.717425
4678,ESP_NODE_04,9,7,8.0,13,2026-06-07 22:17:01.597326
4679,ESP_NODE_04,1,8,6.0,10,2026-06-07 22:18:07.469730
4680,ESP_NODE_04,11,8,10.0,17,2026-06-07 22:19:13.790524
4681,ESP_NODE_04,5,7,6.0,10,2026-06-07 22:20:20.020421
4682,ESP_NODE_04,10,5,8.0,13,2026-06-07 22:21:25.785375
4683,ESP_NODE_04,15,4,12.0,20,2026-06-07 22:22:31.840425
4684,ESP_NODE_04,8,8,8.0,13,2026-06-07 22:23:38.168907
4685,ESP_NODE_04,13,5,11.0,18,2026-06-07 22:24:44.333036
4686,ESP_NODE_04,3,10,8.0,13,2026-06-07 22:25:50.496860
4687,ESP_NODE_04,3,8,6.0,10,2026-06-07 22:26:56.609847
4688,ESP_NODE_04,6,12,10.0,17,2026-06-07 22:28:02.876340
4689,ESP_NODE_04,29,13,24.0,40,2026-06-07 22:29:08.667291
4690,ESP_NODE_04,9,9,9.0,15,2026-06-07 22:30:14.861745
4691,ESP_NODE_04,6,13,10.0,17,2026-06-07 22:31:20.917311
4692,ESP_NODE_04,9,10,9.0,15,2026-06-07 22:32:27.154237
4693,ESP_NODE_04,5,7,6.0,10,2026-06-07 22:33:33.532566
4694,ESP_NODE_04,5,5,5.0,8,2026-06-07 22:34:39.395817
4695,ESP_NODE_04,1,6,5.0,8,2026-06-07 22:35:45.932095
4696,ESP_NODE_04,4,11,9.0,15,2026-06-07 22:38:07.240613
4697,ESP_NODE_04,13,11,12.0,20,2026-06-07 22:39:13.272391
4698,ESP_NODE_04,1,13,10.0,17,2026-06-07 22:40:19.037958
4699,ESP_NODE_04,8,8,8.0,13,2026-06-07 22:41:25.062171
4700,ESP_NODE_04,1,9,7.0,12,2026-06-07 22:42:30.987604
4701,ESP_NODE_04,4,9,7.0,12,2026-06-07 22:44:52.035536
4702,ESP_NODE_04,6,10,8.0,13,2026-06-07 22:47:13.240680
4703,ESP_NODE_04,9,6,8.0,13,2026-06-07 22:48:19.120648
4704,ESP_NODE_04,12,7,10.0,17,2026-06-07 22:49:25.172122
4705,ESP_NODE_04,11,7,10.0,17,2026-06-07 22:50:31.407423
4706,ESP_NODE_04,6,6,6.0,10,2026-06-07 22:51:38.038583
4707,ESP_NODE_04,9,6,8.0,13,2026-06-07 22:52:44.343550
4708,ESP_NODE_04,10,4,8.0,13,2026-06-07 22:53:50.587407
4709,ESP_NODE_04,12,10,11.0,18,2026-06-07 22:54:57.215852
4710,ESP_NODE_04,11,7,10.0,17,2026-06-07 22:56:03.584870
4711,ESP_NODE_04,9,5,8.0,13,2026-06-07 22:57:10.133021
4712,ESP_NODE_04,9,11,10.0,17,2026-06-07 22:58:16.284197
4713,ESP_NODE_04,18,9,15.0,25,2026-06-07 22:59:22.539990
4714,ESP_NODE_04,1,6,5.0,8,2026-06-07 23:00:28.484597
4715,ESP_NODE_04,1,2,2.0,3,2026-06-07 23:01:34.653280
4716,ESP_NODE_04,1,5,4.0,7,2026-06-07 23:02:40.795975
4717,ESP_NODE_04,3,2,3.0,5,2026-06-07 23:03:47.042981
4718,ESP_NODE_04,2,3,2.0,3,2026-06-07 23:04:53.320622
4719,ESP_NODE_04,0,3,2.0,3,2026-06-07 23:05:59.471574
4720,ESP_NODE_04,0,2,2.0,3,2026-06-07 23:07:05.707175
4721,ESP_NODE_04,1,3,2.0,3,2026-06-07 23:08:11.663058
4722,ESP_NODE_04,1,3,2.0,3,2026-06-07 23:09:17.703266
4723,ESP_NODE_04,3,2,3.0,5,2026-06-07 23:10:23.679618
4724,ESP_NODE_04,3,3,3.0,5,2026-06-07 23:11:29.598364
4725,ESP_NODE_04,0,2,2.0,3,2026-06-07 23:12:35.739296
4726,ESP_NODE_04,1,2,2.0,3,2026-06-07 23:13:41.897802
4727,ESP_NODE_04,1,3,2.0,3,2026-06-07 23:14:48.147181
4728,ESP_NODE_04,2,3,2.0,3,2026-06-07 23:15:54.198532
4729,ESP_NODE_04,5,3,4.0,7,2026-06-07 23:17:00.346898
4730,ESP_NODE_04,3,3,3.0,5,2026-06-07 23:18:06.921317
4731,ESP_NODE_04,0,2,2.0,3,2026-06-07 23:19:12.967937
4732,ESP_NODE_04,0,6,5.0,8,2026-06-07 23:20:18.936750
4733,ESP_NODE_04,3,4,3.0,5,2026-06-07 23:21:25.060057
4734,ESP_NODE_04,2,4,3.0,5,2026-06-07 23:22:31.202660
4735,ESP_NODE_04,3,5,4.0,7,2026-06-07 23:23:37.252752
4736,ESP_NODE_04,2,2,2.0,3,2026-06-07 23:24:43.144114
4737,ESP_NODE_04,1,3,2.0,3,2026-06-07 23:25:49.453891
4738,ESP_NODE_04,2,3,2.0,3,2026-06-07 23:26:55.338143
4739,ESP_NODE_04,0,3,2.0,3,2026-06-07 23:28:01.564485
4740,ESP_NODE_04,2,3,2.0,3,2026-06-07 23:29:07.592423
4741,ESP_NODE_04,4,3,4.0,7,2026-06-07 23:30:13.799059
4742,ESP_NODE_04,9,3,7.0,12,2026-06-07 23:31:19.693192
4743,ESP_NODE_04,1,5,4.0,7,2026-06-07 23:32:25.965282
4744,ESP_NODE_04,5,5,5.0,8,2026-06-07 23:33:31.827321
4745,ESP_NODE_04,1,6,5.0,8,2026-06-07 23:34:37.840975
4746,ESP_NODE_04,3,7,6.0,10,2026-06-07 23:35:44.066594
4747,ESP_NODE_04,6,6,6.0,10,2026-06-07 23:36:50.253326
4748,ESP_NODE_04,1,5,4.0,7,2026-06-07 23:37:56.400755
4749,ESP_NODE_04,1,5,4.0,7,2026-06-07 23:39:02.542082
4750,ESP_NODE_04,4,6,5.0,8,2026-06-07 23:41:23.572916
4751,ESP_NODE_04,2,6,5.0,8,2026-06-07 23:42:29.952906
4752,ESP_NODE_04,4,7,6.0,10,2026-06-07 23:43:39.867099
4753,ESP_NODE_04,2,5,4.0,7,2026-06-07 23:44:45.902023
4754,ESP_NODE_04,4,8,6.0,10,2026-06-07 23:45:51.924335
4755,ESP_NODE_04,4,6,5.0,8,2026-06-07 23:46:57.818555
4756,ESP_NODE_04,3,7,6.0,10,2026-06-07 23:48:03.444528
4757,ESP_NODE_04,4,5,4.0,7,2026-06-07 23:49:09.308460
4758,ESP_NODE_04,2,5,4.0,7,2026-06-07 23:50:15.434800
4759,ESP_NODE_04,2,5,4.0,7,2026-06-07 23:51:21.599857
4760,ESP_NODE_04,2,5,4.0,7,2026-06-07 23:52:27.939076
4761,ESP_NODE_04,2,4,3.0,5,2026-06-07 23:53:34.004096
4762,ESP_NODE_04,0,3,2.0,3,2026-06-07 23:54:40.139114
4763,ESP_NODE_04,0,5,4.0,7,2026-06-07 23:55:46.353790
4764,ESP_NODE_04,1,5,4.0,7,2026-06-07 23:56:52.266697
4765,ESP_NODE_04,5,5,5.0,8,2026-06-07 23:57:58.005076
4766,ESP_NODE_04,2,4,3.0,5,2026-06-07 23:59:04.115626
4767,ESP_NODE_04,0,5,4.0,7,2026-06-08 00:00:10.239550
4768,ESP_NODE_04,0,4,3.0,5,2026-06-08 00:01:16.438700
4769,ESP_NODE_04,2,4,3.0,5,2026-06-08 00:02:22.488564
4770,ESP_NODE_04,0,5,4.0,7,2026-06-08 00:03:28.847859
4771,ESP_NODE_04,0,2,2.0,3,2026-06-08 00:04:34.891288
4772,ESP_NODE_04,0,1,1.0,2,2026-06-08 00:05:40.654087
4773,ESP_NODE_04,8,5,7.0,12,2026-06-08 00:06:46.780546
4774,ESP_NODE_04,2,4,3.0,5,2026-06-08 00:07:52.827568
4775,ESP_NODE_04,1,2,2.0,3,2026-06-08 00:08:58.869240
4776,ESP_NODE_04,0,3,2.0,3,2026-06-08 00:10:04.854683
4777,ESP_NODE_04,0,2,2.0,3,2026-06-08 00:11:10.972298
4778,ESP_NODE_04,0,1,1.0,2,2026-06-08 00:12:16.745671
4779,ESP_NODE_04,1,3,2.0,3,2026-06-08 00:13:22.976559
4780,ESP_NODE_04,1,4,3.0,5,2026-06-08 00:14:29.028183
4781,ESP_NODE_04,1,6,5.0,8,2026-06-08 00:15:35.157470
4782,ESP_NODE_04,3,4,3.0,5,2026-06-08 00:16:41.417578
4783,ESP_NODE_04,1,10,8.0,13,2026-06-08 00:17:47.669585
4784,ESP_NODE_04,4,12,10.0,17,2026-06-08 00:18:53.442215
4785,ESP_NODE_04,2,4,3.0,5,2026-06-08 00:19:59.581208
4786,ESP_NODE_04,1,2,2.0,3,2026-06-08 00:21:05.716416
4787,ESP_NODE_04,1,2,2.0,3,2026-06-08 00:22:11.792594
4788,ESP_NODE_04,7,5,6.0,10,2026-06-08 00:23:17.920180
4789,ESP_NODE_04,3,5,4.0,7,2026-06-08 00:24:24.198807
4790,ESP_NODE_04,1,4,3.0,5,2026-06-08 00:25:30.419351
4791,ESP_NODE_04,1,4,3.0,5,2026-06-08 00:26:36.308216
4792,ESP_NODE_04,2,3,2.0,3,2026-06-08 00:27:42.415854
4793,ESP_NODE_04,1,4,3.0,5,2026-06-08 00:30:04.356339
4794,ESP_NODE_04,1,2,2.0,3,2026-06-08 00:31:10.213153
4795,ESP_NODE_04,0,3,2.0,3,2026-06-08 00:32:16.249091
4796,ESP_NODE_04,1,3,2.0,3,2026-06-08 00:33:22.298073
4797,ESP_NODE_04,0,2,2.0,3,2026-06-08 00:34:28.165095
4798,ESP_NODE_04,1,4,3.0,5,2026-06-08 00:36:49.241092
4799,ESP_NODE_04,1,4,3.0,5,2026-06-08 00:37:55.524877
4800,ESP_NODE_04,5,5,5.0,8,2026-06-08 00:39:01.622937
4801,ESP_NODE_04,4,8,6.0,10,2026-06-08 00:40:07.792318
4802,ESP_NODE_04,3,7,6.0,10,2026-06-08 00:41:13.947573
4803,ESP_NODE_04,1,8,6.0,10,2026-06-08 00:42:19.630071
4804,ESP_NODE_04,2,9,7.0,12,2026-06-08 00:44:40.915999
4805,ESP_NODE_04,0,13,10.0,17,2026-06-08 00:45:47.056659
4806,ESP_NODE_04,0,12,10.0,17,2026-06-08 00:46:53.106757
4807,ESP_NODE_04,2,10,8.0,13,2026-06-08 00:47:59.270715
4808,ESP_NODE_04,2,7,6.0,10,2026-06-08 00:49:05.321938
4809,ESP_NODE_04,0,8,6.0,10,2026-06-08 00:50:11.251982
4810,ESP_NODE_04,1,6,5.0,8,2026-06-08 00:51:17.287956
4811,ESP_NODE_04,1,7,6.0,10,2026-06-08 00:52:23.274724
4812,ESP_NODE_04,2,7,6.0,10,2026-06-08 00:53:29.411549
4813,ESP_NODE_04,3,4,3.0,5,2026-06-08 00:54:35.182372
4814,ESP_NODE_04,2,4,3.0,5,2026-06-08 00:55:41.380998
4815,ESP_NODE_04,5,5,5.0,8,2026-06-08 00:56:47.686731
4816,ESP_NODE_04,7,8,7.0,12,2026-06-08 00:57:53.893733
4817,ESP_NODE_04,2,6,5.0,8,2026-06-08 00:59:00.055682
4818,ESP_NODE_04,1,3,2.0,3,2026-06-08 01:00:06.118191
4819,ESP_NODE_04,0,5,4.0,7,2026-06-08 01:01:12.368264
4820,ESP_NODE_04,1,2,2.0,3,2026-06-08 01:02:18.544646
4821,ESP_NODE_04,0,2,2.0,3,2026-06-08 01:03:24.868804
4822,ESP_NODE_04,0,2,2.0,3,2026-06-08 01:04:31.115084
4823,ESP_NODE_04,0,2,2.0,3,2026-06-08 01:05:37.288121
4824,ESP_NODE_04,0,3,2.0,3,2026-06-08 01:06:43.558880
4825,ESP_NODE_04,1,3,2.0,3,2026-06-08 01:07:49.504672
4826,ESP_NODE_04,1,2,2.0,3,2026-06-08 01:08:55.637439
4827,ESP_NODE_04,0,2,2.0,3,2026-06-08 01:10:01.675980
4828,ESP_NODE_04,0,2,2.0,3,2026-06-08 01:11:07.817776
4829,ESP_NODE_04,0,2,2.0,3,2026-06-08 01:12:13.978285
4830,ESP_NODE_04,0,2,2.0,3,2026-06-08 01:13:19.749427
4831,ESP_NODE_04,0,1,1.0,2,2026-06-08 01:14:25.971162
4832,ESP_NODE_04,0,2,2.0,3,2026-06-08 01:15:32.329405
4833,ESP_NODE_04,1,3,2.0,3,2026-06-08 01:16:38.585536
4834,ESP_NODE_04,3,3,3.0,5,2026-06-08 01:17:59.991137
4835,ESP_NODE_04,5,2,4.0,7,2026-06-08 01:19:06.450070
4836,ESP_NODE_04,0,2,2.0,3,2026-06-08 01:20:12.806855
4837,ESP_NODE_04,0,2,2.0,3,2026-06-08 01:21:19.276552
4838,ESP_NODE_04,0,3,2.0,3,2026-06-08 01:22:25.297330
4839,ESP_NODE_04,1,3,2.0,3,2026-06-08 01:23:31.370457
4840,ESP_NODE_04,0,2,2.0,3,2026-06-08 01:24:37.396744
4841,ESP_NODE_04,0,4,3.0,5,2026-06-08 01:25:43.453513
4842,ESP_NODE_04,0,2,2.0,3,2026-06-08 01:26:49.612693
4843,ESP_NODE_04,0,4,3.0,5,2026-06-08 01:27:55.989483
4844,ESP_NODE_04,1,3,2.0,3,2026-06-08 01:29:02.159666
4845,ESP_NODE_04,0,4,3.0,5,2026-06-08 01:30:08.264829
4846,ESP_NODE_04,0,2,2.0,3,2026-06-08 01:32:29.493272
4847,ESP_NODE_04,1,2,2.0,3,2026-06-08 01:33:35.633190
4848,ESP_NODE_04,0,3,2.0,3,2026-06-08 01:34:41.686489
4849,ESP_NODE_04,0,3,2.0,3,2026-06-08 01:35:47.729056
4850,ESP_NODE_04,0,2,2.0,3,2026-06-08 01:36:53.875039
4851,ESP_NODE_04,0,4,3.0,5,2026-06-08 01:37:59.652546
4852,ESP_NODE_04,0,2,2.0,3,2026-06-08 01:39:05.885789
4853,ESP_NODE_04,0,3,2.0,3,2026-06-08 01:40:12.023554
4854,ESP_NODE_04,0,2,2.0,3,2026-06-08 01:41:18.273700
4855,ESP_NODE_04,0,2,2.0,3,2026-06-08 01:42:24.445535
4856,ESP_NODE_04,3,2,3.0,5,2026-06-08 01:43:30.550385
4857,ESP_NODE_04,0,3,2.0,3,2026-06-08 01:44:36.744163
4858,ESP_NODE_04,2,2,2.0,3,2026-06-08 01:45:42.676907
4859,ESP_NODE_04,0,2,2.0,3,2026-06-08 01:46:48.918623
4860,ESP_NODE_04,1,3,2.0,3,2026-06-08 01:47:55.092438
4861,ESP_NODE_04,0,2,2.0,3,2026-06-08 01:49:01.323162
4862,ESP_NODE_04,0,2,2.0,3,2026-06-08 01:50:07.485393
4863,ESP_NODE_04,0,2,2.0,3,2026-06-08 01:51:13.525644
4864,ESP_NODE_04,0,3,2.0,3,2026-06-08 01:52:19.782312
4865,ESP_NODE_04,1,2,2.0,3,2026-06-08 01:53:25.944633
4866,ESP_NODE_04,0,3,2.0,3,2026-06-08 01:54:31.979584
4867,ESP_NODE_04,0,4,3.0,5,2026-06-08 01:55:37.935799
4868,ESP_NODE_04,3,2,3.0,5,2026-06-08 01:56:44.194835
4869,ESP_NODE_04,1,2,2.0,3,2026-06-08 01:57:50.233633
4870,ESP_NODE_04,2,2,2.0,3,2026-06-08 01:58:56.583341
4871,ESP_NODE_04,3,3,3.0,5,2026-06-08 02:00:02.364969
4872,ESP_NODE_04,3,2,3.0,5,2026-06-08 02:01:08.361086
4873,ESP_NODE_04,1,2,2.0,3,2026-06-08 02:02:14.157517
4874,ESP_NODE_04,2,3,2.0,3,2026-06-08 02:03:20.378016
4875,ESP_NODE_04,0,2,2.0,3,2026-06-08 02:04:26.455408
4876,ESP_NODE_04,1,2,2.0,3,2026-06-08 02:05:32.694293
4877,ESP_NODE_04,4,1,3.0,5,2026-06-08 02:06:38.835425
4878,ESP_NODE_04,4,2,3.0,5,2026-06-08 02:07:44.991418
4879,ESP_NODE_04,1,4,3.0,5,2026-06-08 02:08:51.135845
4880,ESP_NODE_04,1,2,2.0,3,2026-06-08 02:09:57.189850
4881,ESP_NODE_04,0,2,2.0,3,2026-06-08 02:11:02.826398
4882,ESP_NODE_04,2,3,2.0,3,2026-06-08 02:12:08.977382
4883,ESP_NODE_04,0,2,2.0,3,2026-06-08 02:13:15.128438
4884,ESP_NODE_04,0,3,2.0,3,2026-06-08 02:14:21.201495
4885,ESP_NODE_04,0,1,1.0,2,2026-06-08 02:15:40.856173
4886,ESP_NODE_04,0,2,2.0,3,2026-06-08 02:16:47.684157
4887,ESP_NODE_04,0,2,2.0,3,2026-06-08 02:17:53.769094
4888,ESP_NODE_04,1,2,2.0,3,2026-06-08 02:18:59.426284
4889,ESP_NODE_04,2,2,2.0,3,2026-06-08 02:20:05.168461
4890,ESP_NODE_04,0,1,1.0,2,2026-06-08 02:21:11.058352
4891,ESP_NODE_04,1,2,2.0,3,2026-06-08 02:22:17.024220
4892,ESP_NODE_04,0,1,1.0,2,2026-06-08 02:23:23.110707
4893,ESP_NODE_04,0,1,1.0,2,2026-06-08 02:24:29.237120
4894,ESP_NODE_04,0,1,1.0,2,2026-06-08 02:25:35.000235
4895,ESP_NODE_04,0,2,2.0,3,2026-06-08 02:26:41.222146
4896,ESP_NODE_04,0,1,1.0,2,2026-06-08 02:27:46.996764
4897,ESP_NODE_04,3,1,2.0,3,2026-06-08 02:28:53.335674
4898,ESP_NODE_04,5,1,4.0,7,2026-06-08 02:29:59.370584
4899,ESP_NODE_04,1,1,1.0,2,2026-06-08 02:32:20.504337
4900,ESP_NODE_04,1,2,2.0,3,2026-06-08 02:33:26.627015
4901,ESP_NODE_04,1,1,1.0,2,2026-06-08 02:35:47.735058
4902,ESP_NODE_04,1,2,2.0,3,2026-06-08 02:36:53.800317
4903,ESP_NODE_04,4,1,3.0,5,2026-06-08 02:37:59.946949
4904,ESP_NODE_04,1,1,1.0,2,2026-06-08 02:39:05.898063
4905,ESP_NODE_04,3,2,3.0,5,2026-06-08 02:40:11.934581
4906,ESP_NODE_04,0,2,2.0,3,2026-06-08 02:41:17.999043
4907,ESP_NODE_04,0,1,1.0,2,2026-06-08 02:42:24.140209
4908,ESP_NODE_04,0,2,2.0,3,2026-06-08 02:43:30.079762
4909,ESP_NODE_04,0,1,1.0,2,2026-06-08 02:44:35.774020
4910,ESP_NODE_04,1,1,1.0,2,2026-06-08 02:45:41.882149
4911,ESP_NODE_04,1,2,2.0,3,2026-06-08 02:46:48.017845
4912,ESP_NODE_04,0,1,1.0,2,2026-06-08 02:47:54.072604
4913,ESP_NODE_04,1,2,2.0,3,2026-06-08 02:49:00.445559
4914,ESP_NODE_04,1,1,1.0,2,2026-06-08 02:50:06.576912
4915,ESP_NODE_04,0,1,1.0,2,2026-06-08 02:51:12.708024
4916,ESP_NODE_04,0,1,1.0,2,2026-06-08 02:52:18.786369
4917,ESP_NODE_04,3,1,2.0,3,2026-06-08 02:53:24.867409
4918,ESP_NODE_04,0,1,1.0,2,2026-06-08 02:54:30.895113
4919,ESP_NODE_04,0,1,1.0,2,2026-06-08 02:55:37.041359
4920,ESP_NODE_04,0,1,1.0,2,2026-06-08 02:56:42.974448
4921,ESP_NODE_04,0,1,1.0,2,2026-06-08 02:57:48.966038
4922,ESP_NODE_04,1,2,2.0,3,2026-06-08 02:58:55.085399
4923,ESP_NODE_04,0,1,1.0,2,2026-06-08 03:00:01.125646
4924,ESP_NODE_04,0,2,2.0,3,2026-06-08 03:01:07.077591
4925,ESP_NODE_04,0,2,2.0,3,2026-06-08 03:02:13.226337
4926,ESP_NODE_04,1,3,2.0,3,2026-06-08 03:03:19.362863
4927,ESP_NODE_04,0,1,1.0,2,2026-06-08 03:04:25.245301
4928,ESP_NODE_04,1,1,1.0,2,2026-06-08 03:05:31.297556
4929,ESP_NODE_04,1,2,2.0,3,2026-06-08 03:07:52.449189
4930,ESP_NODE_04,1,2,2.0,3,2026-06-08 03:08:58.744600
4931,ESP_NODE_04,0,2,2.0,3,2026-06-08 03:10:04.781094
4932,ESP_NODE_04,1,3,2.0,3,2026-06-08 03:11:10.960006
4933,ESP_NODE_04,0,3,2.0,3,2026-06-08 03:12:17.105400
4934,ESP_NODE_04,1,2,2.0,3,2026-06-08 03:13:23.241738
4935,ESP_NODE_04,0,4,3.0,5,2026-06-08 03:14:29.013969
4936,ESP_NODE_04,1,3,2.0,3,2026-06-08 03:15:35.030202
4937,ESP_NODE_04,0,4,3.0,5,2026-06-08 03:16:41.079190
4938,ESP_NODE_04,0,3,2.0,3,2026-06-08 03:17:47.319657
4939,ESP_NODE_04,3,3,3.0,5,2026-06-08 03:18:53.101487
4940,ESP_NODE_04,0,3,2.0,3,2026-06-08 03:19:59.114421
4941,ESP_NODE_04,0,3,2.0,3,2026-06-08 03:21:05.166037
4942,ESP_NODE_04,1,4,3.0,5,2026-06-08 03:22:11.128625
4943,ESP_NODE_04,0,2,2.0,3,2026-06-08 03:23:17.048851
4944,ESP_NODE_04,0,3,2.0,3,2026-06-08 03:24:23.231754
4945,ESP_NODE_04,0,4,3.0,5,2026-06-08 03:25:29.457915
4946,ESP_NODE_04,0,4,3.0,5,2026-06-08 03:26:35.612564
4947,ESP_NODE_04,0,3,2.0,3,2026-06-08 03:27:41.638568
4948,ESP_NODE_04,1,2,2.0,3,2026-06-08 03:28:47.732227
4949,ESP_NODE_04,0,3,2.0,3,2026-06-08 03:29:53.868031
4950,ESP_NODE_04,0,1,1.0,2,2026-06-08 03:30:59.812913
4951,ESP_NODE_04,1,2,2.0,3,2026-06-08 03:32:05.940219
4952,ESP_NODE_04,0,0,0.0,0,2026-06-08 03:33:12.130555
4953,ESP_NODE_04,0,0,0.0,0,2026-06-08 03:34:18.185961
4954,ESP_NODE_04,0,0,0.0,0,2026-06-08 03:35:24.138013
4955,ESP_NODE_04,0,0,0.0,0,2026-06-08 03:36:29.982608
4956,ESP_NODE_04,0,0,0.0,0,2026-06-08 03:37:36.204679
4957,ESP_NODE_04,0,0,0.0,0,2026-06-08 03:38:42.352467
4958,ESP_NODE_04,0,0,0.0,0,2026-06-08 03:39:48.602636
4959,ESP_NODE_04,0,0,0.0,0,2026-06-08 03:42:09.824440
4960,ESP_NODE_04,0,0,0.0,0,2026-06-08 03:43:16.183115
4961,ESP_NODE_04,0,0,0.0,0,2026-06-08 03:44:22.238691
4962,ESP_NODE_04,0,0,0.0,0,2026-06-08 03:45:28.242390
4963,ESP_NODE_04,0,0,0.0,0,2026-06-08 03:46:34.356594
4964,ESP_NODE_04,0,0,0.0,0,2026-06-08 03:47:40.582467
4965,ESP_NODE_04,0,0,0.0,0,2026-06-08 03:50:01.607641
4966,ESP_NODE_04,0,0,0.0,0,2026-06-08 03:51:07.736335
4967,ESP_NODE_04,0,0,0.0,0,2026-06-08 03:52:13.609796
4968,ESP_NODE_04,1,0,1.0,2,2026-06-08 03:53:19.824895
4969,ESP_NODE_04,0,0,0.0,0,2026-06-08 03:54:25.708280
4970,ESP_NODE_04,0,0,0.0,0,2026-06-08 03:55:31.868648
4971,ESP_NODE_04,0,0,0.0,0,2026-06-08 03:56:37.969561
4972,ESP_NODE_04,0,0,0.0,0,2026-06-08 03:57:44.235182
4973,ESP_NODE_04,0,0,0.0,0,2026-06-08 03:58:50.016271
4974,ESP_NODE_04,0,0,0.0,0,2026-06-08 03:59:56.035512
4975,ESP_NODE_04,0,0,0.0,0,2026-06-08 04:01:02.022479
4976,ESP_NODE_04,0,0,0.0,0,2026-06-08 04:02:08.117139
4977,ESP_NODE_04,0,0,0.0,0,2026-06-08 04:03:14.057734
4978,ESP_NODE_04,0,0,0.0,0,2026-06-08 04:04:20.119382
4979,ESP_NODE_04,0,0,0.0,0,2026-06-08 04:05:25.997443
4980,ESP_NODE_04,0,0,0.0,0,2026-06-08 04:06:31.736561
4981,ESP_NODE_04,0,0,0.0,0,2026-06-08 04:07:37.757418
4982,ESP_NODE_04,0,0,0.0,0,2026-06-08 04:11:13.940022
4983,ESP_NODE_04,0,0,0.0,0,2026-06-08 04:12:20.188728
4984,ESP_NODE_04,0,0,0.0,0,2026-06-08 04:13:26.333434
4985,ESP_NODE_04,0,0,0.0,0,2026-06-08 04:14:32.600322
4986,ESP_NODE_04,0,0,0.0,0,2026-06-08 04:15:38.732313
4987,ESP_NODE_04,0,0,0.0,0,2026-06-08 04:16:44.988942
4988,ESP_NODE_04,0,0,0.0,0,2026-06-08 04:17:51.158070
4989,ESP_NODE_04,0,0,0.0,0,2026-06-08 04:18:57.515358
4990,ESP_NODE_04,0,0,0.0,0,2026-06-08 04:20:03.827211
4991,ESP_NODE_04,0,0,0.0,0,2026-06-08 04:21:10.012077
4992,ESP_NODE_04,0,0,0.0,0,2026-06-08 04:22:16.255036
4993,ESP_NODE_04,0,0,0.0,0,2026-06-08 04:23:22.309082
4994,ESP_NODE_04,0,0,0.0,0,2026-06-08 04:24:28.362397
4995,ESP_NODE_04,0,0,0.0,0,2026-06-08 04:25:34.515053
4996,ESP_NODE_04,1,0,1.0,2,2026-06-08 04:26:40.282249
4997,ESP_NODE_04,0,0,0.0,0,2026-06-08 04:27:46.616233
4998,ESP_NODE_04,0,0,0.0,0,2026-06-08 04:28:52.864175
4999,ESP_NODE_04,0,0,0.0,0,2026-06-08 04:29:59.120341
5000,ESP_NODE_04,0,0,0.0,0,2026-06-08 04:31:05.264808
5001,ESP_NODE_04,0,0,0.0,0,2026-06-08 04:33:26.350291
5002,ESP_NODE_04,0,0,0.0,0,2026-06-08 04:34:32.742685
5003,ESP_NODE_04,0,0,0.0,0,2026-06-08 04:35:38.979841
5004,ESP_NODE_04,0,0,0.0,0,2026-06-08 04:36:45.127431
5005,ESP_NODE_04,0,0,0.0,0,2026-06-08 04:37:51.187085
5006,ESP_NODE_04,0,0,0.0,0,2026-06-08 04:38:57.153000
5007,ESP_NODE_04,0,0,0.0,0,2026-06-08 04:40:03.503646
5008,ESP_NODE_04,0,0,0.0,0,2026-06-08 04:41:09.745063
5009,ESP_NODE_04,1,0,1.0,2,2026-06-08 04:43:31.082501
5010,ESP_NODE_04,0,0,0.0,0,2026-06-08 04:44:37.297961
5011,ESP_NODE_04,0,0,0.0,0,2026-06-08 04:45:43.464638
5012,ESP_NODE_04,0,0,0.0,0,2026-06-08 04:46:49.592074
5013,ESP_NODE_04,0,0,0.0,0,2026-06-08 04:47:55.875477
5014,ESP_NODE_04,0,0,0.0,0,2026-06-08 04:49:02.015805
5015,ESP_NODE_04,0,0,0.0,0,2026-06-08 04:50:07.856845
5016,ESP_NODE_04,0,0,0.0,0,2026-06-08 04:51:14.105106
5017,ESP_NODE_04,0,0,0.0,0,2026-06-08 04:52:20.265845
5018,ESP_NODE_04,0,0,0.0,0,2026-06-08 04:53:26.027479
5019,ESP_NODE_04,0,0,0.0,0,2026-06-08 04:54:32.150011
5020,ESP_NODE_04,0,0,0.0,0,2026-06-08 04:55:38.517975
5021,ESP_NODE_04,0,0,0.0,0,2026-06-08 04:56:44.773990
5022,ESP_NODE_04,0,0,0.0,0,2026-06-08 04:57:50.722210
5023,ESP_NODE_04,0,0,0.0,0,2026-06-08 04:58:56.484045
5024,ESP_NODE_04,0,0,0.0,0,2026-06-08 05:00:02.516550
5025,ESP_NODE_04,0,0,0.0,0,2026-06-08 05:01:08.771807
5026,ESP_NODE_04,0,0,0.0,0,2026-06-08 05:02:14.882890
5027,ESP_NODE_04,0,0,0.0,0,2026-06-08 05:03:21.058853
5028,ESP_NODE_04,0,0,0.0,0,2026-06-08 05:04:27.303031
5029,ESP_NODE_04,0,0,0.0,0,2026-06-08 05:05:33.361060
5030,ESP_NODE_04,0,0,0.0,0,2026-06-08 05:06:52.299987
5031,ESP_NODE_04,0,0,0.0,0,2026-06-08 05:07:58.355467
5032,ESP_NODE_04,1,0,1.0,2,2026-06-08 05:09:04.141573
5033,ESP_NODE_04,0,0,0.0,0,2026-06-08 05:11:25.232282
5034,ESP_NODE_04,0,0,0.0,0,2026-06-08 05:12:31.463472
5035,ESP_NODE_04,0,0,0.0,0,2026-06-08 05:13:37.713710
5036,ESP_NODE_04,0,0,0.0,0,2026-06-08 05:14:43.858774
5037,ESP_NODE_04,0,0,0.0,0,2026-06-08 05:15:50.018297
5038,ESP_NODE_04,0,0,0.0,0,2026-06-08 05:16:56.062224
5039,ESP_NODE_04,0,0,0.0,0,2026-06-08 05:18:02.110880
5040,ESP_NODE_04,1,0,1.0,2,2026-06-08 05:19:08.156544
5041,ESP_NODE_04,0,0,0.0,0,2026-06-08 05:20:14.527994
5042,ESP_NODE_04,0,0,0.0,0,2026-06-08 05:21:20.696061
5043,ESP_NODE_04,0,0,0.0,0,2026-06-08 05:23:41.976854
5044,ESP_NODE_04,0,0,0.0,0,2026-06-08 05:24:48.029480
5045,ESP_NODE_04,0,0,0.0,0,2026-06-08 05:25:54.080475
5046,ESP_NODE_04,0,0,0.0,0,2026-06-08 05:27:00.132835
5047,ESP_NODE_04,0,0,0.0,0,2026-06-08 05:44:22.878863
5048,ESP_NODE_04,0,0,0.0,0,2026-06-08 05:46:44.047340
5049,ESP_NODE_04,0,0,0.0,0,2026-06-08 05:47:50.209618
5050,ESP_NODE_04,0,0,0.0,0,2026-06-08 05:51:31.360532
5051,ESP_NODE_04,1,0,1.0,2,2026-06-08 05:53:57.754737
5052,ESP_NODE_04,0,0,0.0,0,2026-06-08 05:55:08.708598
5053,ESP_NODE_04,0,0,0.0,0,2026-06-08 05:57:29.798221
5054,ESP_NODE_04,1,0,1.0,2,2026-06-08 05:58:35.762997
5055,ESP_NODE_04,0,0,0.0,0,2026-06-08 05:59:41.806451
5056,ESP_NODE_04,0,0,0.0,0,2026-06-08 06:00:47.968059
5057,ESP_NODE_04,0,0,0.0,0,2026-06-08 06:05:39.066545
5058,ESP_NODE_04,0,0,0.0,0,2026-06-08 06:06:45.238343
5059,ESP_NODE_04,1,0,1.0,2,2026-06-08 06:07:51.387455
5060,ESP_NODE_04,0,0,0.0,0,2026-06-08 06:08:57.445142
5061,ESP_NODE_04,3,0,2.0,3,2026-06-08 06:11:18.558377
5062,ESP_NODE_04,1,0,1.0,2,2026-06-08 06:13:39.548805
5063,ESP_NODE_04,0,0,0.0,0,2026-06-08 06:14:45.597240
5064,ESP_NODE_04,0,0,0.0,0,2026-06-08 06:15:51.949354
5065,ESP_NODE_04,0,0,0.0,0,2026-06-08 06:16:58.108012
5066,ESP_NODE_04,0,0,0.0,0,2026-06-08 06:18:04.248309
5067,ESP_NODE_04,0,0,0.0,0,2026-06-08 06:19:10.511866
5068,ESP_NODE_04,0,0,0.0,0,2026-06-08 06:20:16.679000
5069,ESP_NODE_04,0,0,0.0,0,2026-06-08 06:21:23.030564
5070,ESP_NODE_04,0,0,0.0,0,2026-06-08 06:24:59.203776
5071,ESP_NODE_04,0,0,0.0,0,2026-06-08 06:26:05.553712
5072,ESP_NODE_04,0,0,0.0,0,2026-06-08 06:32:11.730572
5073,ESP_NODE_04,0,0,0.0,0,2026-06-08 06:33:17.755375
5074,ESP_NODE_04,0,3,2.0,3,2026-06-08 06:34:24.022104
5075,ESP_NODE_04,0,1,1.0,2,2026-06-08 06:36:45.249453
5076,ESP_NODE_04,0,1,1.0,2,2026-06-08 06:37:51.792719
5077,ESP_NODE_04,1,1,1.0,2,2026-06-08 06:38:57.766828
5078,ESP_NODE_04,0,1,1.0,2,2026-06-08 06:40:03.911617
5079,ESP_NODE_04,0,1,1.0,2,2026-06-08 06:42:25.027627
5080,ESP_NODE_04,0,1,1.0,2,2026-06-08 06:44:46.607031
5081,ESP_NODE_04,0,1,1.0,2,2026-06-08 06:45:53.290185
5082,ESP_NODE_04,0,1,1.0,2,2026-06-08 06:49:29.454545
5083,ESP_NODE_04,0,2,2.0,3,2026-06-08 06:50:36.022034
5084,ESP_NODE_04,0,1,1.0,2,2026-06-08 06:51:44.646456
5085,ESP_NODE_04,0,1,1.0,2,2026-06-08 06:55:20.707798
5086,ESP_NODE_04,0,1,1.0,2,2026-06-08 06:57:42.109157
5087,ESP_NODE_04,1,1,1.0,2,2026-06-08 06:58:48.479126
5088,ESP_NODE_04,0,2,2.0,3,2026-06-08 06:59:54.718187
5089,ESP_NODE_04,9,3,7.0,12,2026-06-08 07:02:15.940035
5090,ESP_NODE_04,1,4,3.0,5,2026-06-08 07:03:22.204549
5091,ESP_NODE_04,1,4,3.0,5,2026-06-08 07:04:28.552241
5092,ESP_NODE_04,2,1,2.0,3,2026-06-08 07:05:34.717383
5093,ESP_NODE_04,13,2,10.0,17,2026-06-08 07:06:40.955595
5094,ESP_NODE_04,17,3,13.0,22,2026-06-08 07:07:46.721364
5095,ESP_NODE_04,3,4,3.0,5,2026-06-08 07:08:52.574597
5096,ESP_NODE_04,0,4,3.0,5,2026-06-08 07:09:58.844063
5097,ESP_NODE_04,0,3,2.0,3,2026-06-08 07:11:05.165457
5098,ESP_NODE_04,2,2,2.0,3,2026-06-08 07:12:11.418721
5099,ESP_NODE_04,4,3,4.0,7,2026-06-08 07:19:44.741963
5100,ESP_NODE_04,1,1,1.0,2,2026-06-08 07:33:21.838538
5101,ESP_NODE_04,4,5,4.0,7,2026-06-08 07:34:28.063084
5102,ESP_NODE_04,1,4,3.0,5,2026-06-08 07:35:34.302880
5103,ESP_NODE_04,0,4,3.0,5,2026-06-08 07:36:40.449286
5104,ESP_NODE_04,4,5,4.0,7,2026-06-08 07:39:01.565575
5105,ESP_NODE_04,1,2,2.0,3,2026-06-08 07:40:08.026660
5106,ESP_NODE_04,0,3,2.0,3,2026-06-08 07:41:13.992894
5107,ESP_NODE_04,2,2,2.0,3,2026-06-08 07:42:20.108575
5108,ESP_NODE_04,4,3,4.0,7,2026-06-08 07:43:26.162018
5109,ESP_NODE_04,1,3,2.0,3,2026-06-08 07:44:32.050709
5110,ESP_NODE_04,2,2,2.0,3,2026-06-08 07:45:38.269538
5111,ESP_NODE_04,4,2,3.0,5,2026-06-08 07:47:59.354967
5112,ESP_NODE_04,2,1,2.0,3,2026-06-08 07:50:20.475390
5113,ESP_NODE_04,1,2,2.0,3,2026-06-08 07:52:41.721513
5114,ESP_NODE_04,1,1,1.0,2,2026-06-08 07:53:47.833039
5115,ESP_NODE_04,7,3,6.0,10,2026-06-08 07:54:53.992259
5116,ESP_NODE_04,4,4,4.0,7,2026-06-08 07:58:29.977205
5117,ESP_NODE_04,2,4,3.0,5,2026-06-08 07:59:36.101380
5118,ESP_NODE_04,2,3,2.0,3,2026-06-08 08:00:42.230707
5119,ESP_NODE_04,5,2,4.0,7,2026-06-08 08:04:18.339421
5120,ESP_NODE_04,0,1,1.0,2,2026-06-08 08:05:24.205576
5121,ESP_NODE_04,6,3,5.0,8,2026-06-08 08:09:00.480829
5122,ESP_NODE_04,2,3,2.0,3,2026-06-08 08:10:06.425844
5123,ESP_NODE_04,4,2,3.0,5,2026-06-08 08:11:12.612211
5124,ESP_NODE_04,1,3,2.0,3,2026-06-08 08:14:48.748771
5125,ESP_NODE_04,1,4,3.0,5,2026-06-08 08:17:09.904712
5126,ESP_NODE_04,4,3,4.0,7,2026-06-08 08:18:15.558666
5127,ESP_NODE_04,2,3,2.0,3,2026-06-08 08:19:21.590260
5128,ESP_NODE_04,4,1,3.0,5,2026-06-08 08:20:27.497272
5129,ESP_NODE_04,2,5,4.0,7,2026-06-08 08:21:33.708365
5130,ESP_NODE_04,6,4,5.0,8,2026-06-08 08:22:39.750352
5131,ESP_NODE_04,1,5,4.0,7,2026-06-08 08:25:00.882017
5132,ESP_NODE_04,4,5,4.0,7,2026-06-08 08:26:07.023453
5133,ESP_NODE_04,4,4,4.0,7,2026-06-08 08:27:13.357817
5134,ESP_NODE_04,11,4,9.0,15,2026-06-08 08:28:19.862309
5135,ESP_NODE_04,5,5,5.0,8,2026-06-08 08:30:41.153669
5136,ESP_NODE_04,0,2,2.0,3,2026-06-08 08:31:47.194581
5137,ESP_NODE_04,6,5,6.0,10,2026-06-08 08:32:53.232698
5138,ESP_NODE_04,2,3,2.0,3,2026-06-08 08:35:14.272674
5139,ESP_NODE_04,17,2,12.0,20,2026-06-08 08:36:20.407739
5140,ESP_NODE_03,0,0,0.0,0,2026-06-08 08:36:27.920999
5141,ESP_NODE_04,0,4,3.0,5,2026-06-08 08:37:26.442107
5142,ESP_NODE_03,1,0,1.0,1,2026-06-08 08:37:33.673261
5143,ESP_NODE_03,1,0,1.0,1,2026-06-08 08:38:39.705629
5144,ESP_NODE_03,0,0,0.0,0,2026-06-08 08:39:45.748680
5145,ESP_NODE_04,3,2,3.0,5,2026-06-08 08:39:47.445780
5146,ESP_NODE_03,2,0,1.0,1,2026-06-08 08:40:51.790601
5147,ESP_NODE_03,1,0,1.0,1,2026-06-08 08:41:57.827662
5148,ESP_NODE_04,3,5,4.0,7,2026-06-08 08:42:08.764960
5149,ESP_NODE_03,0,1,1.0,1,2026-06-08 08:43:03.854205
5150,ESP_NODE_04,3,2,3.0,5,2026-06-08 08:43:14.935551
5151,ESP_NODE_03,2,0,1.0,1,2026-06-08 08:44:09.768941
5152,ESP_NODE_04,8,2,6.0,10,2026-06-08 08:44:21.078967
5153,ESP_NODE_03,1,0,1.0,1,2026-06-08 08:45:15.771057
5154,ESP_NODE_04,2,3,2.0,3,2026-06-08 08:45:26.950885
5155,ESP_NODE_03,3,0,2.0,1,2026-06-08 08:46:21.825073
5156,ESP_NODE_04,5,2,4.0,7,2026-06-08 08:46:33.213531
5157,ESP_NODE_03,2,0,1.0,1,2026-06-08 08:47:27.887119
5158,ESP_NODE_04,3,2,3.0,5,2026-06-08 08:47:39.628815
5159,ESP_NODE_03,3,0,2.0,1,2026-06-08 08:48:33.919359
5160,ESP_NODE_04,1,1,1.0,2,2026-06-08 08:48:45.890048
5161,ESP_NODE_03,2,2,2.0,1,2026-06-08 08:49:40.189360
5162,ESP_NODE_04,24,1,17.0,28,2026-06-08 08:49:52.038360
5163,ESP_NODE_03,1,0,1.0,1,2026-06-08 08:50:46.239655
5164,ESP_NODE_03,2,0,1.0,1,2026-06-08 08:51:52.294038
5165,ESP_NODE_04,2,0,1.0,2,2026-06-08 08:52:13.557283
5166,ESP_NODE_03,3,0,2.0,1,2026-06-08 08:52:58.444273
5167,ESP_NODE_03,4,2,3.0,2,2026-06-08 08:54:04.473858
5168,ESP_NODE_03,7,3,6.0,4,2026-06-08 08:55:10.144523
5169,ESP_NODE_03,3,0,2.0,1,2026-06-08 08:56:16.271807
5170,ESP_NODE_04,1,4,3.0,5,2026-06-08 08:57:08.262153
5171,ESP_NODE_03,3,0,2.0,1,2026-06-08 08:57:22.325426
5172,ESP_NODE_04,3,9,7.0,12,2026-06-08 08:58:16.001246
5173,ESP_NODE_03,3,0,2.0,1,2026-06-08 08:58:28.354532
5174,ESP_NODE_04,2,4,3.0,5,2026-06-08 08:59:21.993836
5175,ESP_NODE_03,5,3,4.0,3,2026-06-08 08:59:34.521643
5176,ESP_NODE_04,1,4,3.0,5,2026-06-08 09:00:28.006909
5177,ESP_NODE_03,4,0,3.0,2,2026-06-08 09:00:40.565089
5178,ESP_NODE_04,2,6,5.0,8,2026-06-08 09:01:34.034888
5179,ESP_NODE_03,2,0,1.0,1,2026-06-08 09:01:46.633119
5180,ESP_NODE_04,1,2,2.0,3,2026-06-08 09:02:40.296855
5181,ESP_NODE_03,7,0,5.0,3,2026-06-08 09:02:52.775409
5182,ESP_NODE_04,1,3,2.0,3,2026-06-08 09:03:46.219380
5183,ESP_NODE_03,4,1,3.0,2,2026-06-08 09:03:58.816075
5184,ESP_NODE_04,3,7,6.0,10,2026-06-08 09:04:52.478131
5185,ESP_NODE_03,1,0,1.0,1,2026-06-08 09:05:04.968544
5186,ESP_NODE_04,1,7,6.0,10,2026-06-08 09:05:58.524334
5187,ESP_NODE_03,1,0,1.0,1,2026-06-08 09:06:11.014051
5188,ESP_NODE_03,3,0,2.0,1,2026-06-08 09:07:16.784395
5189,ESP_NODE_04,2,4,3.0,5,2026-06-08 09:08:20.325861
5190,ESP_NODE_03,2,0,1.0,1,2026-06-08 09:08:22.901620
5191,ESP_NODE_04,4,2,3.0,5,2026-06-08 09:09:26.482344
5192,ESP_NODE_03,7,1,5.0,3,2026-06-08 09:09:28.669510
5193,ESP_NODE_04,0,4,3.0,5,2026-06-08 09:10:32.524449
5194,ESP_NODE_03,7,1,5.0,3,2026-06-08 09:10:34.307380
5195,ESP_NODE_03,5,1,4.0,3,2026-06-08 09:11:40.555888
5196,ESP_NODE_03,3,0,2.0,1,2026-06-08 09:12:46.103045
5197,ESP_NODE_03,5,1,4.0,3,2026-06-08 09:13:52.218016
5198,ESP_NODE_03,3,0,2.0,1,2026-06-08 09:14:58.264401
5199,ESP_NODE_04,4,7,6.0,10,2026-06-08 09:15:23.642296
5200,ESP_NODE_03,0,0,0.0,0,2026-06-08 09:16:04.131329
5201,ESP_NODE_03,4,0,3.0,2,2026-06-08 09:17:09.996365
5202,ESP_NODE_04,3,6,5.0,8,2026-06-08 09:17:45.980088
5203,ESP_NODE_03,6,2,5.0,3,2026-06-08 09:18:16.027604
5204,ESP_NODE_04,0,6,5.0,8,2026-06-08 09:18:52.144072
5205,ESP_NODE_03,7,2,5.0,3,2026-06-08 09:19:22.245238
5206,ESP_NODE_03,3,2,3.0,2,2026-06-08 09:20:28.412703
5207,ESP_NODE_04,25,12,21.0,35,2026-06-08 09:21:13.442121
5208,ESP_NODE_03,6,2,5.0,3,2026-06-08 09:21:34.473102
5209,ESP_NODE_04,12,6,10.0,17,2026-06-08 09:22:19.227708
5210,ESP_NODE_03,3,2,3.0,2,2026-06-08 09:22:40.645343
5211,ESP_NODE_04,0,5,4.0,7,2026-06-08 09:23:25.348807
5212,ESP_NODE_03,2,2,2.0,1,2026-06-08 09:23:46.892378
5213,ESP_NODE_03,2,1,2.0,1,2026-06-08 09:24:53.011313
5214,ESP_NODE_04,3,6,5.0,8,2026-06-08 09:25:46.682371
5215,ESP_NODE_03,3,2,3.0,2,2026-06-08 09:26:07.174949
5216,ESP_NODE_04,1,2,2.0,3,2026-06-08 09:26:52.626333
5217,ESP_NODE_03,4,1,3.0,2,2026-06-08 09:27:13.233868
5218,ESP_NODE_04,2,5,4.0,7,2026-06-08 09:27:58.879550
5219,ESP_NODE_03,8,2,6.0,4,2026-06-08 09:28:19.180408
5220,ESP_NODE_03,18,2,13.0,9,2026-06-08 09:29:25.196404
5221,ESP_NODE_04,1,4,3.0,5,2026-06-08 09:30:19.907526
5222,ESP_NODE_03,13,4,10.0,7,2026-06-08 09:30:31.259912
5223,ESP_NODE_04,1,4,3.0,5,2026-06-08 09:31:25.863612
5224,ESP_NODE_03,8,2,6.0,4,2026-06-08 09:31:37.299550
5225,ESP_NODE_04,1,3,2.0,3,2026-06-08 09:32:31.700591
5226,ESP_NODE_03,5,3,4.0,3,2026-06-08 09:32:51.178658
5227,ESP_NODE_03,3,3,3.0,2,2026-06-08 09:33:57.266146
5228,ESP_NODE_04,1,4,3.0,5,2026-06-08 09:34:52.885384
5229,ESP_NODE_03,4,2,3.0,2,2026-06-08 09:35:03.432058
5230,ESP_NODE_04,9,5,8.0,13,2026-06-08 09:35:59.244945
5231,ESP_NODE_03,6,2,5.0,3,2026-06-08 09:36:09.581829
5232,ESP_NODE_04,3,4,3.0,5,2026-06-08 09:37:05.288555
5233,ESP_NODE_03,2,2,2.0,1,2026-06-08 09:37:23.536044
5234,ESP_NODE_04,5,5,5.0,8,2026-06-08 09:38:11.537096
5235,ESP_NODE_03,6,2,5.0,3,2026-06-08 09:38:29.388088
5236,ESP_NODE_03,2,2,2.0,1,2026-06-08 09:39:42.938073
5237,ESP_NODE_04,0,4,3.0,5,2026-06-08 09:40:32.311824
5238,ESP_NODE_03,2,2,2.0,1,2026-06-08 09:40:48.758120
5239,ESP_NODE_04,5,7,6.0,10,2026-06-08 09:41:39.472445
5240,ESP_NODE_03,4,2,3.0,2,2026-06-08 09:41:54.588477
5241,ESP_NODE_04,4,3,4.0,7,2026-06-08 09:42:45.213279
5242,ESP_NODE_03,0,2,2.0,1,2026-06-08 09:43:00.441398
5243,ESP_NODE_04,8,4,7.0,12,2026-06-08 09:43:51.651583
5244,ESP_NODE_03,6,2,5.0,3,2026-06-08 09:44:06.187472
5245,ESP_NODE_04,3,3,3.0,5,2026-06-08 09:44:57.515170
5246,ESP_NODE_03,4,3,4.0,3,2026-06-08 09:45:12.026472
5247,ESP_NODE_04,3,2,3.0,5,2026-06-08 09:46:03.634250
5248,ESP_NODE_03,2,2,2.0,1,2026-06-08 09:46:17.986650
5249,ESP_NODE_04,4,2,3.0,5,2026-06-08 09:47:09.515015
5250,ESP_NODE_03,1,2,2.0,1,2026-06-08 09:47:23.994979
5251,ESP_NODE_04,0,3,2.0,3,2026-06-08 09:48:15.857626
5252,ESP_NODE_03,2,3,2.0,1,2026-06-08 09:48:30.135770
5253,ESP_NODE_04,1,3,2.0,3,2026-06-08 09:49:21.903761
5254,ESP_NODE_03,2,4,3.0,2,2026-06-08 09:49:36.184473
5255,ESP_NODE_04,5,3,4.0,7,2026-06-08 09:50:27.753969
5256,ESP_NODE_03,3,2,3.0,2,2026-06-08 09:50:42.227878
5257,ESP_NODE_04,7,4,6.0,10,2026-06-08 09:51:33.730690
5258,ESP_NODE_03,2,1,2.0,1,2026-06-08 09:51:48.271277
5259,ESP_NODE_04,1,3,2.0,3,2026-06-08 09:52:39.994998
5260,ESP_NODE_03,2,0,1.0,1,2026-06-08 09:52:54.056978
5261,ESP_NODE_04,1,2,2.0,3,2026-06-08 09:53:46.001745
5262,ESP_NODE_03,9,1,7.0,5,2026-06-08 09:54:00.080025
5263,ESP_NODE_04,1,2,2.0,3,2026-06-08 09:54:52.250010
5264,ESP_NODE_03,3,0,2.0,1,2026-06-08 09:55:05.845026
5265,ESP_NODE_04,1,3,2.0,3,2026-06-08 09:55:58.608144
5266,ESP_NODE_03,2,1,2.0,1,2026-06-08 09:56:11.864156
5267,ESP_NODE_04,1,3,2.0,3,2026-06-08 09:57:04.256778
5268,ESP_NODE_03,5,1,4.0,3,2026-06-08 09:57:17.937818
5269,ESP_NODE_04,1,3,2.0,3,2026-06-08 09:58:10.513063
5270,ESP_NODE_03,6,2,5.0,3,2026-06-08 09:58:23.784744
5271,ESP_NODE_04,1,3,2.0,3,2026-06-08 09:59:16.419142
5272,ESP_NODE_03,2,4,3.0,2,2026-06-08 09:59:29.903817
5273,ESP_NODE_04,5,2,4.0,7,2026-06-08 10:00:22.085267
5274,ESP_NODE_03,4,1,3.0,2,2026-06-08 10:00:35.666649
5275,ESP_NODE_04,1,3,2.0,3,2026-06-08 10:01:28.283567
5276,ESP_NODE_03,7,1,5.0,3,2026-06-08 10:01:41.587672
5277,ESP_NODE_04,1,4,3.0,5,2026-06-08 10:02:34.617637
5278,ESP_NODE_03,9,5,8.0,5,2026-06-08 10:02:47.279567
5279,ESP_NODE_04,3,3,3.0,5,2026-06-08 10:03:40.920672
5280,ESP_NODE_03,6,6,6.0,4,2026-06-08 10:03:53.503404
5281,ESP_NODE_04,2,3,2.0,3,2026-06-08 10:04:46.842782
5282,ESP_NODE_03,5,9,7.0,5,2026-06-08 10:04:59.545686
5283,ESP_NODE_04,6,1,4.0,7,2026-06-08 10:05:52.655649
5284,ESP_NODE_03,12,7,10.0,7,2026-06-08 10:06:05.586852
5285,ESP_NODE_04,4,2,3.0,5,2026-06-08 10:06:58.639074
5286,ESP_NODE_03,18,5,14.0,9,2026-06-08 10:07:11.242213
5287,ESP_NODE_04,3,2,3.0,5,2026-06-08 10:08:04.720525
5288,ESP_NODE_03,13,4,10.0,7,2026-06-08 10:08:17.171374
5289,ESP_NODE_04,4,2,3.0,5,2026-06-08 10:09:10.509785
5290,ESP_NODE_03,7,3,6.0,4,2026-06-08 10:09:23.085563
5291,ESP_NODE_04,2,3,2.0,3,2026-06-08 10:10:16.427606
5292,ESP_NODE_03,5,4,5.0,3,2026-06-08 10:10:29.163160
5293,ESP_NODE_04,4,4,4.0,7,2026-06-08 10:11:22.679355
5294,ESP_NODE_03,9,5,8.0,5,2026-06-08 10:11:35.120326
5295,ESP_NODE_04,2,5,4.0,7,2026-06-08 10:12:28.626679
5296,ESP_NODE_03,15,8,13.0,9,2026-06-08 10:12:41.134727
5297,ESP_NODE_04,6,6,6.0,10,2026-06-08 10:13:34.758155
5298,ESP_NODE_03,17,11,15.0,10,2026-06-08 10:13:46.942217
5299,ESP_NODE_04,9,8,9.0,15,2026-06-08 10:14:40.783331
5300,ESP_NODE_03,6,10,8.0,5,2026-06-08 10:14:53.160193
5301,ESP_NODE_04,7,12,10.0,17,2026-06-08 10:15:47.181638
5302,ESP_NODE_03,18,15,17.0,11,2026-06-08 10:15:59.101327
5303,ESP_NODE_04,4,12,10.0,17,2026-06-08 10:16:53.649713
5304,ESP_NODE_04,9,11,10.0,17,2026-06-08 10:17:59.982333
5305,ESP_NODE_03,21,12,18.0,12,2026-06-08 10:18:20.236757
5306,ESP_NODE_04,8,7,8.0,13,2026-06-08 10:19:05.865260
5307,ESP_NODE_03,29,18,26.0,17,2026-06-08 10:19:26.554771
5308,ESP_NODE_04,4,12,10.0,17,2026-06-08 10:20:12.188494
5309,ESP_NODE_04,15,11,14.0,23,2026-06-08 10:21:18.544359
5310,ESP_NODE_03,26,22,25.0,17,2026-06-08 10:21:47.466056
5311,ESP_NODE_04,7,7,7.0,12,2026-06-08 10:22:24.714846
5312,ESP_NODE_03,20,28,22.0,15,2026-06-08 10:22:53.622271
5313,ESP_NODE_04,5,10,8.0,13,2026-06-08 10:23:30.713149
5314,ESP_NODE_03,17,24,19.0,13,2026-06-08 10:23:59.477709
5315,ESP_NODE_04,10,8,9.0,15,2026-06-08 10:24:36.724750
5316,ESP_NODE_03,23,26,24.0,16,2026-06-08 10:25:05.504831
5317,ESP_NODE_04,3,7,6.0,10,2026-06-08 10:25:42.836006
5318,ESP_NODE_03,23,37,30.0,20,2026-06-08 10:26:11.599207
5319,ESP_NODE_04,13,9,12.0,20,2026-06-08 10:26:49.837672
5320,ESP_NODE_03,53,28,45.0,30,2026-06-08 10:27:17.731617
5321,ESP_NODE_04,3,10,8.0,13,2026-06-08 10:27:56.335687
5322,ESP_NODE_03,53,27,45.0,30,2026-06-08 10:28:23.867437
5323,ESP_NODE_04,3,8,6.0,10,2026-06-08 10:29:02.449637
5324,ESP_NODE_03,45,26,39.0,26,2026-06-08 10:29:29.745331
5325,ESP_NODE_04,4,6,5.0,8,2026-06-08 10:30:09.765610
5326,ESP_NODE_03,40,29,37.0,25,2026-06-08 10:30:36.059806
5327,ESP_NODE_04,0,5,4.0,7,2026-06-08 10:31:16.887791
5328,ESP_NODE_03,32,39,34.0,23,2026-06-08 10:31:42.314315
5329,ESP_NODE_04,3,7,6.0,10,2026-06-08 10:32:24.148571
5330,ESP_NODE_03,32,30,31.0,21,2026-06-08 10:32:48.692524
5331,ESP_NODE_04,1,8,6.0,10,2026-06-08 10:33:34.107565
5332,ESP_NODE_03,24,36,29.0,19,2026-06-08 10:33:54.492399
5333,ESP_NODE_04,10,11,10.0,17,2026-06-08 10:34:41.102140
5334,ESP_NODE_03,24,32,26.0,17,2026-06-08 10:35:00.577171
5335,ESP_NODE_04,2,13,10.0,17,2026-06-08 10:35:48.089397
5336,ESP_NODE_03,41,34,39.0,26,2026-06-08 10:36:06.809420
5337,ESP_NODE_04,4,10,8.0,13,2026-06-08 10:36:54.787356
5338,ESP_NODE_03,30,33,31.0,21,2026-06-08 10:37:12.801376
5339,ESP_NODE_04,4,5,4.0,7,2026-06-08 10:38:02.533148
5340,ESP_NODE_03,23,32,26.0,17,2026-06-08 10:38:19.015876
5341,ESP_NODE_04,5,6,5.0,8,2026-06-08 10:39:10.213222
5342,ESP_NODE_03,33,44,36.0,24,2026-06-08 10:39:25.509640
5343,ESP_NODE_04,18,7,15.0,25,2026-06-08 10:40:18.096458
5344,ESP_NODE_03,34,38,35.0,23,2026-06-08 10:40:31.840431
5345,ESP_NODE_04,2,6,5.0,8,2026-06-08 10:41:25.166616
5346,ESP_NODE_03,19,41,33.0,22,2026-06-08 10:41:38.854391
5347,ESP_NODE_03,26,39,31.0,21,2026-06-08 10:42:47.211983
5348,ESP_NODE_04,3,8,6.0,10,2026-06-08 10:43:49.096493
5349,ESP_NODE_04,4,7,6.0,10,2026-06-08 10:44:59.768821
5350,ESP_NODE_03,30,43,34.0,23,2026-06-08 10:45:09.527224
5351,ESP_NODE_04,4,7,6.0,10,2026-06-08 10:46:08.295243
5352,ESP_NODE_04,8,11,9.0,15,2026-06-08 10:47:15.517761
5353,ESP_NODE_04,3,10,8.0,13,2026-06-08 10:48:22.166663
5354,ESP_NODE_03,32,29,31.0,21,2026-06-08 10:48:46.426047
5355,ESP_NODE_04,12,8,11.0,18,2026-06-08 10:49:29.287511
5356,ESP_NODE_04,5,12,10.0,17,2026-06-08 10:50:36.381974
5357,ESP_NODE_04,0,10,8.0,13,2026-06-08 10:51:44.004072
5358,ESP_NODE_03,18,32,26.0,17,2026-06-08 10:52:22.911837
5359,ESP_NODE_04,1,6,5.0,8,2026-06-08 10:52:51.236291
5360,ESP_NODE_03,22,28,24.0,16,2026-06-08 10:53:29.783768
5361,ESP_NODE_04,29,10,23.0,38,2026-06-08 10:53:58.825616
5362,ESP_NODE_03,29,31,30.0,20,2026-06-08 10:54:36.652092
5363,ESP_NODE_03,18,28,22.0,15,2026-06-08 10:55:42.765827
5364,ESP_NODE_04,7,7,7.0,12,2026-06-08 10:56:21.703131
5365,ESP_NODE_03,62,27,52.0,35,2026-06-08 10:56:48.934084
5366,ESP_NODE_04,2,7,6.0,10,2026-06-08 10:57:28.280433
5367,ESP_NODE_03,36,22,32.0,21,2026-06-08 10:57:55.410373
5368,ESP_NODE_04,4,11,9.0,15,2026-06-08 10:58:36.083476
5369,ESP_NODE_03,25,28,26.0,17,2026-06-08 10:59:01.417891
5370,ESP_NODE_04,0,9,7.0,12,2026-06-08 10:59:42.488628
5371,ESP_NODE_03,17,28,22.0,15,2026-06-08 11:00:07.594221
5372,ESP_NODE_04,7,10,8.0,13,2026-06-08 11:00:49.856402
5373,ESP_NODE_03,21,30,24.0,16,2026-06-08 11:01:13.843124
5374,ESP_NODE_04,9,9,9.0,15,2026-06-08 11:01:57.278341
5375,ESP_NODE_03,18,23,20.0,13,2026-06-08 11:02:19.627460
5376,ESP_NODE_04,4,12,10.0,17,2026-06-08 11:03:04.491179
5377,ESP_NODE_03,14,19,16.0,11,2026-06-08 11:03:25.464550
5378,ESP_NODE_04,12,9,11.0,18,2026-06-08 11:04:11.497853
5379,ESP_NODE_03,13,23,18.0,12,2026-06-08 11:04:31.488764
5380,ESP_NODE_04,7,11,9.0,15,2026-06-08 11:05:22.064363
5381,ESP_NODE_03,23,17,21.0,14,2026-06-08 11:05:37.358112
5382,ESP_NODE_04,11,9,10.0,17,2026-06-08 11:06:28.232715
5383,ESP_NODE_03,29,26,28.0,19,2026-06-08 11:06:43.896271
5384,ESP_NODE_04,10,7,9.0,15,2026-06-08 11:07:35.288102
5385,ESP_NODE_03,15,23,18.0,12,2026-06-08 11:07:50.148751
5386,ESP_NODE_04,8,14,11.0,18,2026-06-08 11:08:43.350655
5387,ESP_NODE_03,30,22,28.0,19,2026-06-08 11:08:56.496216
5388,ESP_NODE_04,1,9,7.0,12,2026-06-08 11:09:56.455726
5389,ESP_NODE_03,20,21,20.0,13,2026-06-08 11:10:03.972246
5390,ESP_NODE_04,4,10,8.0,13,2026-06-08 11:11:07.758794
5391,ESP_NODE_03,18,22,19.0,13,2026-06-08 11:11:09.965327
5392,ESP_NODE_03,22,22,22.0,15,2026-06-08 11:12:16.086405
5393,ESP_NODE_04,5,10,8.0,13,2026-06-08 11:12:16.780486
5394,ESP_NODE_03,41,31,38.0,25,2026-06-08 11:13:22.540442
5395,ESP_NODE_04,14,7,12.0,20,2026-06-08 11:13:27.472329
5396,ESP_NODE_03,28,35,30.0,20,2026-06-08 11:14:28.993988
5397,ESP_NODE_04,8,6,7.0,12,2026-06-08 11:14:34.741170
5398,ESP_NODE_03,46,34,42.0,28,2026-06-08 11:15:36.228856
5399,ESP_NODE_04,23,6,18.0,30,2026-06-08 11:15:41.152994
5400,ESP_NODE_04,17,7,14.0,23,2026-06-08 11:16:48.413321
5401,ESP_NODE_04,16,7,13.0,22,2026-06-08 11:17:55.098768
5402,ESP_NODE_03,29,34,30.0,20,2026-06-08 11:17:58.626407
5403,ESP_NODE_04,10,6,9.0,15,2026-06-08 11:19:01.378775
5404,ESP_NODE_03,36,30,34.0,23,2026-06-08 11:19:06.839751
5405,ESP_NODE_04,8,7,8.0,13,2026-06-08 11:20:08.159029
5406,ESP_NODE_04,9,6,8.0,13,2026-06-08 11:21:14.454480
5407,ESP_NODE_03,27,30,28.0,19,2026-06-08 11:21:25.431759
5408,ESP_NODE_04,24,8,19.0,32,2026-06-08 11:22:20.488653
5409,ESP_NODE_04,13,5,11.0,18,2026-06-08 11:23:27.502162
5410,ESP_NODE_03,35,45,38.0,25,2026-06-08 11:23:46.609058
5411,ESP_NODE_04,13,8,12.0,20,2026-06-08 11:24:34.627582
5412,ESP_NODE_04,14,9,12.0,20,2026-06-08 11:25:40.981313
5413,ESP_NODE_03,25,32,27.0,18,2026-06-08 11:26:07.986697
5414,ESP_NODE_04,20,6,16.0,27,2026-06-08 11:26:46.783331
5415,ESP_NODE_03,31,30,31.0,21,2026-06-08 11:27:13.857278
5416,ESP_NODE_04,17,7,14.0,23,2026-06-08 11:27:54.219302
5417,ESP_NODE_03,54,33,48.0,32,2026-06-08 11:28:19.509226
5418,ESP_NODE_04,23,6,18.0,30,2026-06-08 11:29:00.413947
5419,ESP_NODE_03,35,41,37.0,25,2026-06-08 11:29:25.532438
5420,ESP_NODE_04,8,7,8.0,13,2026-06-08 11:30:11.710400
5421,ESP_NODE_03,44,43,44.0,29,2026-06-08 11:30:31.608819
5422,ESP_NODE_04,14,6,12.0,20,2026-06-08 11:31:17.600304
5423,ESP_NODE_03,40,39,40.0,27,2026-06-08 11:31:37.836614
5424,ESP_NODE_04,23,9,19.0,32,2026-06-08 11:32:25.019229
5425,ESP_NODE_03,49,30,43.0,29,2026-06-08 11:32:44.229819
5426,ESP_NODE_03,43,54,46.0,31,2026-06-08 11:33:50.593869
5427,ESP_NODE_04,26,5,20.0,33,2026-06-08 11:34:46.525629
5428,ESP_NODE_03,38,58,46.0,31,2026-06-08 11:34:56.875181
5429,ESP_NODE_04,9,9,9.0,15,2026-06-08 11:35:55.107505
5430,ESP_NODE_03,65,57,63.0,42,2026-06-08 11:36:03.970572
5431,ESP_NODE_04,11,6,10.0,17,2026-06-08 11:37:01.366821
5432,ESP_NODE_04,22,8,18.0,30,2026-06-08 11:38:07.769731
5433,ESP_NODE_04,11,6,10.0,17,2026-06-08 11:39:15.546563
5434,ESP_NODE_03,47,44,46.0,31,2026-06-08 11:39:40.574495
5435,ESP_NODE_04,15,10,14.0,23,2026-06-08 11:40:23.458472
5436,ESP_NODE_03,46,45,46.0,31,2026-06-08 11:40:47.861358
5437,ESP_NODE_04,17,13,16.0,27,2026-06-08 11:41:31.440425
5438,ESP_NODE_03,55,44,52.0,35,2026-06-08 11:41:54.702144
5439,ESP_NODE_04,32,15,27.0,45,2026-06-08 11:42:38.452696
5440,ESP_NODE_03,36,57,46.0,31,2026-06-08 11:43:12.420385
5441,ESP_NODE_04,17,12,15.0,25,2026-06-08 11:43:45.230255
5442,ESP_NODE_04,14,11,13.0,22,2026-06-08 11:44:51.713717
5443,ESP_NODE_03,53,71,58.0,39,2026-06-08 11:45:35.377033
5444,ESP_NODE_04,14,12,13.0,22,2026-06-08 11:45:57.667744
5445,ESP_NODE_03,46,63,51.0,34,2026-06-08 11:46:43.669657
5446,ESP_NODE_04,27,14,23.0,38,2026-06-08 11:47:03.913599
5447,ESP_NODE_03,75,54,69.0,46,2026-06-08 11:47:55.069422
5448,ESP_NODE_04,41,14,33.0,55,2026-06-08 11:48:10.027660
5449,ESP_NODE_03,44,47,45.0,30,2026-06-08 11:49:07.741507
5450,ESP_NODE_04,46,10,35.0,58,2026-06-08 11:49:16.749565
5451,ESP_NODE_04,26,10,21.0,35,2026-06-08 11:50:24.438485
5452,ESP_NODE_04,14,9,12.0,20,2026-06-08 11:51:30.677859
5453,ESP_NODE_03,98,64,88.0,59,2026-06-08 11:51:36.099909
5454,ESP_NODE_03,103,68,92.0,61,2026-06-08 11:53:57.625688
5455,ESP_NODE_04,20,15,18.0,30,2026-06-08 11:56:24.290887
5456,ESP_NODE_04,12,9,11.0,18,2026-06-08 11:57:31.961552
5457,ESP_NODE_04,10,7,9.0,15,2026-06-08 11:58:38.520718
5458,ESP_NODE_04,16,8,14.0,23,2026-06-08 11:59:48.124918
5459,ESP_NODE_04,8,9,8.0,13,2026-06-08 12:01:05.306781
5460,ESP_NODE_03,96,73,89.0,59,2026-06-08 12:01:20.582090
5461,ESP_NODE_04,4,11,9.0,15,2026-06-08 12:03:27.983916
5462,ESP_NODE_04,10,10,10.0,17,2026-06-08 12:04:35.666321
5463,ESP_NODE_03,56,68,60.0,40,2026-06-08 12:06:12.295449
5464,ESP_NODE_04,9,8,9.0,15,2026-06-08 12:07:03.284782
5465,ESP_NODE_03,110,58,94.0,63,2026-06-08 12:07:20.258577
5466,ESP_NODE_04,8,6,7.0,12,2026-06-08 12:08:11.423756
5467,ESP_NODE_03,55,70,60.0,40,2026-06-08 12:08:27.908798
5468,ESP_NODE_04,9,6,8.0,13,2026-06-08 12:09:26.185055
5469,ESP_NODE_03,60,78,65.0,43,2026-06-08 12:09:36.824601
5470,ESP_NODE_04,14,9,12.0,20,2026-06-08 12:10:35.679696
5471,ESP_NODE_03,101,81,95.0,63,2026-06-08 12:10:49.578168
5472,ESP_NODE_04,13,8,12.0,20,2026-06-08 12:11:46.843206
5473,ESP_NODE_04,13,6,11.0,18,2026-06-08 12:12:56.696872
5474,ESP_NODE_03,89,77,85.0,57,2026-06-08 12:13:12.458089
5475,ESP_NODE_04,2,5,4.0,7,2026-06-08 12:14:08.803838
5476,ESP_NODE_04,5,3,4.0,7,2026-06-08 12:15:15.929450
5477,ESP_NODE_04,2,6,5.0,8,2026-06-08 12:16:26.297411
5478,ESP_NODE_03,98,78,92.0,61,2026-06-08 12:16:54.263697
5479,ESP_NODE_04,2,5,4.0,7,2026-06-08 12:17:40.491659
5480,ESP_NODE_03,113,79,103.0,69,2026-06-08 12:18:00.834981
5481,ESP_NODE_04,5,5,5.0,8,2026-06-08 12:18:47.128583
5482,ESP_NODE_03,57,77,63.0,42,2026-06-08 12:19:07.428124
5483,ESP_NODE_04,4,6,5.0,8,2026-06-08 12:19:53.561036
5484,ESP_NODE_03,93,74,87.0,58,2026-06-08 12:20:13.754748
5485,ESP_NODE_04,7,5,6.0,10,2026-06-08 12:21:04.797482
5486,ESP_NODE_03,76,83,78.0,52,2026-06-08 12:21:19.929321
5487,ESP_NODE_04,12,9,11.0,18,2026-06-08 12:22:14.939571
5488,ESP_NODE_03,117,70,103.0,69,2026-06-08 12:22:27.799209
5489,ESP_NODE_04,7,4,6.0,10,2026-06-08 12:23:27.976178
5490,ESP_NODE_03,133,73,115.0,77,2026-06-08 12:23:39.710501
5491,ESP_NODE_04,12,7,10.0,17,2026-06-08 12:24:43.865736
5492,ESP_NODE_03,85,68,80.0,53,2026-06-08 12:24:48.876880
5493,ESP_NODE_03,102,60,89.0,59,2026-06-08 12:25:55.500967
5494,ESP_NODE_04,11,10,11.0,18,2026-06-08 12:25:59.140189
5495,ESP_NODE_03,82,55,74.0,49,2026-06-08 12:27:02.333344
5496,ESP_NODE_04,11,8,10.0,17,2026-06-08 12:27:06.893722
5497,ESP_NODE_03,106,63,93.0,62,2026-06-08 12:28:09.187718
5498,ESP_NODE_03,70,57,66.0,44,2026-06-08 12:29:15.428699
5499,ESP_NODE_04,10,3,8.0,13,2026-06-08 12:29:30.572508
5500,ESP_NODE_03,87,60,79.0,53,2026-06-08 12:30:22.368083
5501,ESP_NODE_04,5,5,5.0,8,2026-06-08 12:30:42.127489
5502,ESP_NODE_03,65,56,62.0,41,2026-06-08 12:31:29.278815
5503,ESP_NODE_04,4,6,5.0,8,2026-06-08 12:31:50.859869
5504,ESP_NODE_03,112,52,94.0,63,2026-06-08 12:32:35.207854
5505,ESP_NODE_04,6,5,6.0,10,2026-06-08 12:33:02.734789
5506,ESP_NODE_03,125,57,105.0,70,2026-06-08 12:33:41.453828
5507,ESP_NODE_04,2,5,4.0,7,2026-06-08 12:34:15.275378
5508,ESP_NODE_03,123,46,100.0,67,2026-06-08 12:34:49.705682
5509,ESP_NODE_04,6,6,6.0,10,2026-06-08 12:35:26.474608
5510,ESP_NODE_03,131,64,111.0,74,2026-06-08 12:35:56.196435
5511,ESP_NODE_03,109,54,92.0,61,2026-06-08 12:37:03.287587
5512,ESP_NODE_04,13,9,12.0,20,2026-06-08 12:37:49.284293
5513,ESP_NODE_03,132,54,109.0,73,2026-06-08 12:38:10.628685
5514,ESP_NODE_04,5,8,6.0,10,2026-06-08 12:39:05.687020
5515,ESP_NODE_03,113,51,94.0,63,2026-06-08 12:39:16.635238
5516,ESP_NODE_04,19,9,16.0,27,2026-06-08 12:40:15.389532
5517,ESP_NODE_03,89,53,78.0,52,2026-06-08 12:40:23.085498
5518,ESP_NODE_04,22,10,18.0,30,2026-06-08 12:41:28.535390
5519,ESP_NODE_03,81,55,73.0,49,2026-06-08 12:41:29.620959
5520,ESP_NODE_04,9,10,9.0,15,2026-06-08 12:42:36.736101
5521,ESP_NODE_03,86,52,76.0,51,2026-06-08 12:42:36.760006
5522,ESP_NODE_04,2,6,5.0,8,2026-06-08 12:43:43.063261
5523,ESP_NODE_03,83,57,75.0,50,2026-06-08 12:43:43.335538
5524,ESP_NODE_03,49,44,48.0,32,2026-06-08 12:44:49.311805
5525,ESP_NODE_04,4,11,9.0,15,2026-06-08 12:44:56.595567
5526,ESP_NODE_03,63,47,58.0,39,2026-06-08 12:45:55.146944
5527,ESP_NODE_04,10,7,9.0,15,2026-06-08 12:46:04.025133
5528,ESP_NODE_03,56,52,55.0,37,2026-06-08 12:47:01.844776
5529,ESP_NODE_04,8,12,10.0,17,2026-06-08 12:47:12.198760
5530,ESP_NODE_03,95,46,80.0,53,2026-06-08 12:48:08.142140
5531,ESP_NODE_03,47,50,48.0,32,2026-06-08 12:49:14.536432
5532,ESP_NODE_04,6,14,11.0,18,2026-06-08 12:49:38.906354
5533,ESP_NODE_03,41,31,38.0,25,2026-06-08 12:50:21.696182
5534,ESP_NODE_03,44,32,40.0,27,2026-06-08 12:51:28.394405
5535,ESP_NODE_03,57,31,49.0,33,2026-06-08 12:52:34.533254
5536,ESP_NODE_03,39,35,38.0,25,2026-06-08 12:53:40.848319
5537,ESP_NODE_03,33,29,32.0,21,2026-06-08 12:54:47.119903
5538,ESP_NODE_04,6,14,11.0,18,2026-06-08 12:55:49.895403
5539,ESP_NODE_03,43,36,41.0,27,2026-06-08 12:55:54.385238
5540,ESP_NODE_02,0,0,0.0,0,2026-06-08 12:56:11.249893
5541,ESP_NODE_02,0,0,0.0,0,2026-06-08 12:56:23.732015
5542,ESP_NODE_03,49,28,43.0,29,2026-06-08 12:57:01.071970
5543,ESP_NODE_04,9,12,10.0,17,2026-06-08 12:57:03.248379
5544,ESP_NODE_03,61,21,49.0,33,2026-06-08 12:58:07.730014
5545,ESP_NODE_04,9,14,11.0,18,2026-06-08 12:58:11.678263
5546,ESP_NODE_03,42,38,41.0,27,2026-06-08 12:59:14.951729
5547,ESP_NODE_03,69,47,62.0,41,2026-06-08 13:00:21.477639
5548,ESP_NODE_04,4,11,9.0,15,2026-06-08 13:00:41.427275
5549,ESP_NODE_03,58,43,53.0,35,2026-06-08 13:01:27.773238
5550,ESP_NODE_04,9,12,10.0,17,2026-06-08 13:01:55.833164
5551,ESP_NODE_03,90,57,80.0,53,2026-06-08 13:02:34.367300
5552,ESP_NODE_03,55,40,50.0,33,2026-06-08 13:03:40.448955
5553,ESP_NODE_04,23,22,23.0,38,2026-06-08 13:04:23.356549
5554,ESP_NODE_03,56,40,51.0,34,2026-06-08 13:04:46.397878
5555,ESP_NODE_04,45,21,38.0,63,2026-06-08 13:05:36.298986
5556,ESP_NODE_03,62,52,59.0,39,2026-06-08 13:05:52.655781
5557,ESP_NODE_04,31,19,27.0,45,2026-06-08 13:06:43.921746
5558,ESP_NODE_04,63,22,51.0,85,2026-06-08 13:07:53.960723
5559,ESP_NODE_03,50,36,46.0,31,2026-06-08 13:08:15.619830
5560,ESP_NODE_04,40,21,34.0,57,2026-06-08 13:09:01.488052
5561,ESP_NODE_04,46,26,40.0,67,2026-06-08 13:10:08.023283
5562,ESP_NODE_03,43,36,41.0,27,2026-06-08 13:10:37.522273
5563,ESP_NODE_04,19,25,21.0,35,2026-06-08 13:11:15.345835
5564,ESP_NODE_03,65,42,58.0,39,2026-06-08 13:11:47.380298
5565,ESP_NODE_04,43,25,38.0,63,2026-06-08 13:12:22.503232
5566,ESP_NODE_04,38,17,32.0,53,2026-06-08 13:13:28.961317
5567,ESP_NODE_03,43,54,46.0,31,2026-06-08 13:14:13.040568
5568,ESP_NODE_04,22,23,22.0,37,2026-06-08 13:14:35.404753
5569,ESP_NODE_04,39,30,36.0,60,2026-06-08 13:15:43.140676
5570,ESP_NODE_03,71,53,66.0,44,2026-06-08 13:16:33.879723
5571,ESP_NODE_04,39,18,33.0,55,2026-06-08 13:16:50.532830
5572,ESP_NODE_04,21,26,22.0,37,2026-06-08 13:17:56.737506
5573,ESP_NODE_03,70,61,67.0,45,2026-06-08 13:18:52.757908
5574,ESP_NODE_04,24,20,23.0,38,2026-06-08 13:19:03.077320
5575,ESP_NODE_04,43,23,37.0,62,2026-06-08 13:20:12.341563
5576,ESP_NODE_03,74,61,70.0,47,2026-06-08 13:21:10.516487
5577,ESP_NODE_04,71,24,57.0,95,2026-06-08 13:21:18.640432
5578,ESP_NODE_03,71,53,66.0,44,2026-06-08 13:22:21.591051
5579,ESP_NODE_04,63,21,50.0,83,2026-06-08 13:22:24.746840
5580,ESP_NODE_04,23,24,23.0,38,2026-06-08 13:23:32.097549
5581,ESP_NODE_03,104,58,90.0,60,2026-06-08 13:24:38.020517
5582,ESP_NODE_04,49,22,41.0,68,2026-06-08 13:24:40.419467
5583,ESP_NODE_04,21,20,21.0,35,2026-06-08 13:25:46.135659
5584,ESP_NODE_04,27,22,26.0,43,2026-06-08 13:26:52.644584
5585,ESP_NODE_03,85,72,81.0,54,2026-06-08 13:26:57.359499
5586,ESP_NODE_04,66,22,53.0,88,2026-06-08 13:27:58.833245
5587,ESP_NODE_03,74,63,71.0,47,2026-06-08 13:29:16.511969
5588,ESP_NODE_03,112,83,103.0,69,2026-06-08 13:30:24.561984
5589,ESP_NODE_04,28,23,26.0,43,2026-06-08 13:31:35.365794
5590,ESP_NODE_03,71,68,70.0,47,2026-06-08 13:31:35.752120
5591,ESP_NODE_04,29,17,25.0,42,2026-06-08 13:32:41.639087
5592,ESP_NODE_04,16,21,18.0,30,2026-06-08 13:33:47.899199
5593,ESP_NODE_03,91,73,86.0,57,2026-06-08 13:33:54.150999
5594,ESP_NODE_04,41,20,35.0,58,2026-06-08 13:34:54.149445
5595,ESP_NODE_03,149,73,126.0,84,2026-06-08 13:35:06.997983
5596,ESP_NODE_04,34,26,32.0,53,2026-06-08 13:36:03.967854
5597,ESP_NODE_03,64,74,67.0,45,2026-06-08 13:36:16.417242
5598,ESP_NODE_03,87,75,83.0,55,2026-06-08 13:37:38.941839
5599,ESP_NODE_01,0,0,0.0,0,2026-06-08 13:38:13.402423
5600,ESP_NODE_04,32,20,28.0,47,2026-06-08 13:38:25.539916
5601,ESP_NODE_01,71,69,70.0,100,2026-06-08 13:39:22.483251
5602,ESP_NODE_04,7,20,16.0,27,2026-06-08 13:39:32.076897
5603,ESP_NODE_01,57,63,59.0,100,2026-06-08 13:40:30.272580
5604,ESP_NODE_04,15,21,17.0,28,2026-06-08 13:40:39.781790
5605,ESP_NODE_03,77,66,74.0,49,2026-06-08 13:41:14.838025
5606,ESP_NODE_04,6,20,16.0,27,2026-06-08 13:41:46.551120
5607,ESP_NODE_04,7,21,17.0,28,2026-06-08 13:44:10.522881
5608,ESP_NODE_03,56,81,65.0,43,2026-06-08 13:44:43.869423
5609,ESP_NODE_04,7,23,18.0,30,2026-06-08 13:45:16.869183
5610,ESP_NODE_03,99,103,100.0,67,2026-06-08 13:46:01.946614
5611,ESP_NODE_04,16,18,17.0,28,2026-06-08 13:46:25.646414
5612,ESP_NODE_03,77,93,82.0,55,2026-06-08 13:47:11.463012
5613,ESP_NODE_04,9,22,18.0,30,2026-06-08 13:47:31.866421
5614,ESP_NODE_04,15,21,17.0,28,2026-06-08 13:48:38.739506
5615,ESP_NODE_04,8,20,16.0,27,2026-06-08 13:49:50.627671
5616,ESP_NODE_03,46,67,54.0,36,2026-06-08 13:50:56.295912
5617,ESP_NODE_04,4,24,19.0,32,2026-06-08 13:50:57.268951
5618,ESP_NODE_04,8,20,16.0,27,2026-06-08 13:52:04.000879
5619,ESP_NODE_04,9,24,19.0,32,2026-06-08 13:53:12.825475
5620,ESP_NODE_03,51,76,61.0,41,2026-06-08 13:53:18.950818
5621,ESP_NODE_04,8,24,19.0,32,2026-06-08 13:54:20.248014
5622,ESP_NODE_03,64,81,69.0,46,2026-06-08 13:54:25.444408
5623,ESP_NODE_04,18,24,20.0,33,2026-06-08 13:55:30.313064
5624,ESP_NODE_04,13,23,18.0,30,2026-06-08 13:56:37.436339
5625,ESP_NODE_03,96,69,88.0,59,2026-06-08 13:56:47.610222
5626,ESP_NODE_04,5,29,23.0,38,2026-06-08 13:57:47.453111
5627,ESP_NODE_03,62,75,66.0,44,2026-06-08 13:58:04.791767
5628,ESP_NODE_04,13,24,19.0,32,2026-06-08 13:58:55.556113
5629,ESP_NODE_03,123,72,108.0,72,2026-06-08 13:59:11.099697
5630,ESP_NODE_04,8,27,22.0,37,2026-06-08 14:00:08.165579
5631,ESP_NODE_03,96,89,94.0,63,2026-06-08 14:00:18.687606
5632,ESP_NODE_04,11,30,24.0,40,2026-06-08 14:01:19.927065
5633,ESP_NODE_03,115,64,100.0,67,2026-06-08 14:01:25.693464
5634,ESP_NODE_03,81,64,76.0,51,2026-06-08 14:02:31.617536
5635,ESP_NODE_04,14,24,19.0,32,2026-06-08 14:02:35.081973
5636,ESP_NODE_03,122,66,105.0,70,2026-06-08 14:03:38.145306
5637,ESP_NODE_04,16,19,17.0,28,2026-06-08 14:03:42.238732
5638,ESP_NODE_03,68,62,66.0,44,2026-06-08 14:04:44.753244
5639,ESP_NODE_04,9,27,22.0,37,2026-06-08 14:04:51.302536
5640,ESP_NODE_03,45,61,50.0,33,2026-06-08 14:05:51.530624
5641,ESP_NODE_04,11,21,17.0,28,2026-06-08 14:05:59.692547
5642,ESP_NODE_03,86,59,78.0,52,2026-06-08 14:06:58.368676
5643,ESP_NODE_04,7,24,19.0,32,2026-06-08 14:07:11.660740
5644,ESP_NODE_03,63,52,60.0,40,2026-06-08 14:08:05.151045
5645,ESP_NODE_04,15,25,20.0,33,2026-06-08 14:08:21.778646
5646,ESP_NODE_03,92,58,82.0,55,2026-06-08 14:09:11.579880
5647,ESP_NODE_04,5,25,20.0,33,2026-06-08 14:09:28.877414
5648,ESP_NODE_03,50,48,49.0,33,2026-06-08 14:10:17.760308
5649,ESP_NODE_04,4,28,22.0,37,2026-06-08 14:10:35.603859
5650,ESP_NODE_03,39,53,43.0,29,2026-06-08 14:11:23.920902
5651,ESP_NODE_04,9,32,26.0,43,2026-06-08 14:11:42.842214
5652,ESP_NODE_03,46,44,45.0,30,2026-06-08 14:12:30.083436
5653,ESP_NODE_04,8,28,22.0,37,2026-06-08 14:12:52.464197
5654,ESP_NODE_03,47,49,48.0,32,2026-06-08 14:13:36.558687
5655,ESP_NODE_03,50,48,49.0,33,2026-06-08 14:14:43.684111
5656,ESP_NODE_04,41,39,40.0,67,2026-06-08 14:15:15.452545
5657,ESP_NODE_03,40,61,49.0,33,2026-06-08 14:15:50.205545
5658,ESP_NODE_04,23,31,25.0,42,2026-06-08 14:16:22.315265
5659,ESP_NODE_03,51,54,52.0,35,2026-06-08 14:16:56.826669
5660,ESP_NODE_04,24,35,28.0,47,2026-06-08 14:17:28.715735
5661,ESP_NODE_03,58,53,56.0,37,2026-06-08 14:18:14.509020
5662,ESP_NODE_04,23,29,25.0,42,2026-06-08 14:18:37.391947
5663,ESP_NODE_03,56,52,55.0,37,2026-06-08 14:19:22.240497
5664,ESP_NODE_04,14,36,29.0,48,2026-06-08 14:19:46.002809
5665,ESP_NODE_04,9,26,21.0,35,2026-06-08 14:20:58.526476
5666,ESP_NODE_03,35,47,39.0,26,2026-06-08 14:21:48.933129
5667,ESP_NODE_04,12,29,23.0,38,2026-06-08 14:22:04.875948
5668,ESP_NODE_03,78,46,68.0,45,2026-06-08 14:22:55.764851
5669,ESP_NODE_04,12,30,24.0,40,2026-06-08 14:23:11.730054
5670,ESP_NODE_03,52,50,51.0,34,2026-06-08 14:24:02.642709
5671,ESP_NODE_04,19,31,25.0,42,2026-06-08 14:24:18.501916
5672,ESP_NODE_03,54,51,53.0,35,2026-06-08 14:25:16.300609
5673,ESP_NODE_03,40,42,41.0,27,2026-06-08 14:26:23.222561
5674,ESP_NODE_03,49,40,46.0,31,2026-06-08 14:27:31.296514
5675,ESP_NODE_04,14,33,26.0,43,2026-06-08 14:27:55.941129
5676,ESP_NODE_04,13,32,26.0,43,2026-06-08 14:29:07.996809
5677,ESP_NODE_03,48,40,46.0,31,2026-06-08 14:29:53.838305
5678,ESP_NODE_04,7,37,30.0,50,2026-06-08 14:30:20.297171
5679,ESP_NODE_03,70,49,64.0,43,2026-06-08 14:31:00.327488
5680,ESP_NODE_04,25,31,27.0,45,2026-06-08 14:31:28.007550
5681,ESP_NODE_03,40,47,42.0,28,2026-06-08 14:32:06.899823
5682,ESP_NODE_04,14,28,22.0,37,2026-06-08 14:32:34.111220
5683,ESP_NODE_03,64,37,56.0,37,2026-06-08 14:33:13.184616
5684,ESP_NODE_04,17,29,23.0,38,2026-06-08 14:33:40.866597
5685,ESP_NODE_03,48,39,45.0,30,2026-06-08 14:34:21.483562
5686,ESP_NODE_04,16,30,24.0,40,2026-06-08 14:34:48.252608
5687,ESP_NODE_03,51,45,49.0,33,2026-06-08 14:35:28.068946
5688,ESP_NODE_04,22,32,26.0,43,2026-06-08 14:35:57.954127
5689,ESP_NODE_04,3,27,22.0,37,2026-06-08 14:37:04.105607
5690,ESP_NODE_03,42,45,43.0,29,2026-06-08 14:37:49.648206
5691,ESP_NODE_04,12,28,22.0,37,2026-06-08 14:38:10.278208
5692,ESP_NODE_03,33,43,36.0,24,2026-06-08 14:38:55.830504
5693,ESP_NODE_04,16,28,22.0,37,2026-06-08 14:39:18.966651
5694,ESP_NODE_03,49,46,48.0,32,2026-06-08 14:40:02.474666
5695,ESP_NODE_04,12,22,18.0,30,2026-06-08 14:40:25.612138
5696,ESP_NODE_03,35,51,41.0,27,2026-06-08 14:41:08.937242
5697,ESP_NODE_04,12,24,19.0,32,2026-06-08 14:41:31.887056
5698,ESP_NODE_03,52,49,51.0,34,2026-06-08 14:42:17.245557
5699,ESP_NODE_04,10,25,20.0,33,2026-06-08 14:42:38.284252
5700,ESP_NODE_03,51,43,49.0,33,2026-06-08 14:43:24.343713
5701,ESP_NODE_04,8,25,20.0,33,2026-06-08 14:43:44.622379
5702,ESP_NODE_03,57,42,52.0,35,2026-06-08 14:44:30.902864
5703,ESP_NODE_04,15,24,19.0,32,2026-06-08 14:44:51.064330
5704,ESP_NODE_03,41,57,46.0,31,2026-06-08 14:45:38.117450
5705,ESP_NODE_04,27,20,25.0,42,2026-06-08 14:45:58.203284
5706,ESP_NODE_04,14,14,14.0,23,2026-06-08 14:48:19.686393
5707,ESP_NODE_04,17,15,16.0,27,2026-06-08 14:49:25.884845
5708,ESP_NODE_04,20,21,20.0,33,2026-06-08 14:50:32.452748
5709,ESP_NODE_04,11,19,15.0,25,2026-06-08 14:51:38.915438
5710,ESP_NODE_03,36,46,39.0,26,2026-06-08 14:51:44.037130
5711,ESP_NODE_04,7,14,11.0,18,2026-06-08 14:52:45.305144
5712,ESP_NODE_04,25,16,22.0,37,2026-06-08 14:53:51.864232
5713,ESP_NODE_04,26,20,24.0,40,2026-06-08 14:54:59.078991
5714,ESP_NODE_03,15,32,26.0,17,2026-06-08 14:55:18.046867
5715,ESP_NODE_04,23,21,22.0,37,2026-06-08 14:56:05.876392
5716,ESP_NODE_03,48,43,46.0,31,2026-06-08 14:56:27.200310
5717,ESP_NODE_04,25,26,25.0,42,2026-06-08 14:57:14.032071
5718,ESP_NODE_04,15,22,18.0,30,2026-06-08 14:58:23.372526
5719,ESP_NODE_03,37,49,41.0,27,2026-06-08 14:58:42.861573
5720,ESP_NODE_04,10,16,13.0,22,2026-06-08 14:59:34.717060
5721,ESP_NODE_03,46,38,44.0,29,2026-06-08 15:00:00.758452
5722,ESP_NODE_03,39,50,42.0,28,2026-06-08 15:01:12.111140
5723,ESP_NODE_03,27,41,33.0,22,2026-06-08 15:02:21.558172
5724,ESP_NODE_04,13,15,14.0,23,2026-06-08 15:03:11.507204
5725,ESP_NODE_03,27,38,30.0,20,2026-06-08 15:03:28.313799
5726,ESP_NODE_04,11,17,14.0,23,2026-06-08 15:04:17.940814
5727,ESP_NODE_03,56,44,52.0,35,2026-06-08 15:04:34.688784
5728,ESP_NODE_04,5,16,13.0,22,2026-06-08 15:05:26.281693
5729,ESP_NODE_04,4,16,13.0,22,2026-06-08 15:07:54.307435
5730,ESP_NODE_03,30,31,30.0,20,2026-06-08 15:08:20.821503
5731,ESP_NODE_04,6,17,14.0,23,2026-06-08 15:09:03.912360
5732,ESP_NODE_03,23,26,24.0,16,2026-06-08 15:09:37.378527
5733,ESP_NODE_04,5,17,14.0,23,2026-06-08 15:11:27.178139
5734,ESP_NODE_03,31,29,30.0,20,2026-06-08 15:11:52.299031
5735,ESP_NODE_04,13,16,14.0,23,2026-06-08 15:12:50.293957
5736,ESP_NODE_03,33,30,32.0,21,2026-06-08 15:13:03.608888
5737,ESP_NODE_04,6,15,12.0,20,2026-06-08 15:14:02.109986
5738,ESP_NODE_04,5,14,11.0,18,2026-06-08 15:15:18.685732
5739,ESP_NODE_04,1,19,15.0,25,2026-06-08 15:16:25.687561
5740,ESP_NODE_04,9,15,12.0,20,2026-06-08 15:17:32.354785
5741,ESP_NODE_03,29,24,27.0,18,2026-06-08 15:17:43.120821
5742,ESP_NODE_04,6,14,11.0,18,2026-06-08 15:18:40.784567
5743,ESP_NODE_04,12,18,14.0,23,2026-06-08 15:19:52.374649
5744,ESP_NODE_03,31,24,29.0,19,2026-06-08 15:20:13.978834
5745,ESP_NODE_04,6,18,14.0,23,2026-06-08 15:20:59.671344
5746,ESP_NODE_03,46,32,42.0,28,2026-06-08 15:21:22.435751
5747,ESP_NODE_04,4,14,11.0,18,2026-06-08 15:22:11.962292
5748,ESP_NODE_03,20,31,25.0,17,2026-06-08 15:23:37.274696
5749,ESP_NODE_04,5,16,13.0,22,2026-06-08 15:24:35.113051
5750,ESP_NODE_04,10,17,14.0,23,2026-06-08 15:25:42.291583
5751,ESP_NODE_03,24,37,30.0,20,2026-06-08 15:25:52.927587
5752,ESP_NODE_04,3,14,11.0,18,2026-06-08 15:26:54.239240
5753,ESP_NODE_04,17,15,16.0,27,2026-06-08 15:28:03.249618
5754,ESP_NODE_03,27,37,30.0,20,2026-06-08 15:28:07.395031
5755,ESP_NODE_04,8,16,13.0,22,2026-06-08 15:29:11.254148
5756,ESP_NODE_04,7,18,14.0,23,2026-06-08 15:30:20.691102
5757,ESP_NODE_03,31,47,38.0,25,2026-06-08 15:30:23.910522
5758,ESP_NODE_04,6,15,12.0,20,2026-06-08 15:31:27.882503
5759,ESP_NODE_03,28,40,32.0,21,2026-06-08 15:31:31.129556
5760,ESP_NODE_04,19,20,19.0,32,2026-06-08 15:33:48.593368
5761,ESP_NODE_03,16,29,23.0,15,2026-06-08 15:33:49.624771
5762,ESP_NODE_04,13,17,14.0,23,2026-06-08 15:35:03.212591
5763,ESP_NODE_03,17,34,27.0,18,2026-06-08 15:36:11.241605
5764,ESP_NODE_04,3,16,13.0,22,2026-06-08 15:36:16.284811
5765,ESP_NODE_04,4,15,12.0,20,2026-06-08 15:37:24.427237
5766,ESP_NODE_04,5,18,14.0,23,2026-06-08 15:38:32.257782
5767,ESP_NODE_03,74,40,64.0,43,2026-06-08 15:38:33.916138
5768,ESP_NODE_04,9,16,13.0,22,2026-06-08 15:39:44.470419
5769,ESP_NODE_04,9,21,17.0,28,2026-06-08 15:40:52.597326
5770,ESP_NODE_03,53,32,47.0,31,2026-06-08 15:40:55.194346
5771,ESP_NODE_04,11,17,14.0,23,2026-06-08 15:41:59.578774
5772,ESP_NODE_03,21,39,31.0,21,2026-06-08 15:42:03.081264
5773,ESP_NODE_04,5,12,10.0,17,2026-06-08 15:43:07.067266
5774,ESP_NODE_04,6,15,12.0,20,2026-06-08 15:44:14.337122
5775,ESP_NODE_04,15,16,15.0,25,2026-06-08 15:45:21.829470
5776,ESP_NODE_03,30,44,35.0,23,2026-06-08 15:45:36.164422
5777,ESP_NODE_04,15,18,16.0,27,2026-06-08 15:46:29.187121
5778,ESP_NODE_03,54,30,47.0,31,2026-06-08 15:46:44.300523
5779,ESP_NODE_04,9,15,12.0,20,2026-06-08 15:47:35.589127
5780,ESP_NODE_04,11,14,12.0,20,2026-06-08 15:48:41.812667
5781,ESP_NODE_04,18,21,19.0,32,2026-06-08 15:49:48.647232
5782,ESP_NODE_03,50,30,44.0,29,2026-06-08 15:50:17.130894
5783,ESP_NODE_04,8,12,10.0,17,2026-06-08 15:50:54.859736
5784,ESP_NODE_03,33,30,32.0,21,2026-06-08 15:51:25.056133
5785,ESP_NODE_04,5,15,12.0,20,2026-06-08 15:52:01.454778
5786,ESP_NODE_03,27,36,30.0,20,2026-06-08 15:52:32.753202
5787,ESP_NODE_04,16,20,17.0,28,2026-06-08 15:53:08.774364
5788,ESP_NODE_04,17,18,17.0,28,2026-06-08 15:54:15.073539
5789,ESP_NODE_03,22,30,24.0,16,2026-06-08 15:54:48.983884
5790,ESP_NODE_04,29,17,25.0,42,2026-06-08 15:55:22.635342
5791,ESP_NODE_04,28,16,24.0,40,2026-06-08 15:56:28.694440
5792,ESP_NODE_03,22,28,24.0,16,2026-06-08 15:57:05.051037
5793,ESP_NODE_04,15,14,15.0,25,2026-06-08 15:57:36.003449
5794,ESP_NODE_04,34,18,29.0,48,2026-06-08 15:58:42.715386
5795,ESP_NODE_03,20,22,21.0,14,2026-06-08 15:59:21.693245
5796,ESP_NODE_04,25,15,22.0,37,2026-06-08 15:59:49.602409
5797,ESP_NODE_03,13,33,26.0,17,2026-06-08 16:00:29.449615
5798,ESP_NODE_04,4,22,18.0,30,2026-06-08 16:00:55.643197
5799,ESP_NODE_04,5,21,17.0,28,2026-06-08 16:02:04.320481
5800,ESP_NODE_03,9,21,17.0,11,2026-06-08 16:02:44.122717
5801,ESP_NODE_04,19,18,19.0,32,2026-06-08 16:03:12.554009
5802,ESP_NODE_03,4,19,15.0,10,2026-06-08 16:03:52.626723
5803,ESP_NODE_04,12,18,14.0,23,2026-06-08 16:04:19.045004
5804,ESP_NODE_04,11,17,14.0,23,2026-06-08 16:05:27.961501
5805,ESP_NODE_03,6,18,14.0,9,2026-06-08 16:06:06.572102
5806,ESP_NODE_04,14,24,19.0,32,2026-06-08 16:06:40.746268
5807,ESP_NODE_03,8,20,16.0,11,2026-06-08 16:07:14.236020
5808,ESP_NODE_04,8,24,19.0,32,2026-06-08 16:07:48.388266
5809,ESP_NODE_04,18,16,17.0,28,2026-06-08 16:08:57.864699
5810,ESP_NODE_03,9,18,14.0,9,2026-06-08 16:09:31.595604
5811,ESP_NODE_04,13,16,14.0,23,2026-06-08 16:10:09.241090
5812,ESP_NODE_04,8,21,17.0,28,2026-06-08 16:11:15.437066
5813,ESP_NODE_03,8,18,14.0,9,2026-06-08 16:11:53.801580
5814,ESP_NODE_04,17,19,18.0,30,2026-06-08 16:12:21.903961
5815,ESP_NODE_03,22,21,22.0,15,2026-06-08 16:12:59.749045
5816,ESP_NODE_04,10,19,15.0,25,2026-06-08 16:13:28.182079
5817,ESP_NODE_03,24,18,22.0,15,2026-06-08 16:14:05.586438
5818,ESP_NODE_04,21,20,21.0,35,2026-06-08 16:14:34.452442
5819,ESP_NODE_03,25,27,26.0,17,2026-06-08 16:15:11.645168
5820,ESP_NODE_04,13,21,17.0,28,2026-06-08 16:15:40.420977
5821,ESP_NODE_03,29,29,29.0,19,2026-06-08 16:16:18.296558
5822,ESP_NODE_04,22,17,20.0,33,2026-06-08 16:16:46.759730
5823,ESP_NODE_03,36,28,34.0,23,2026-06-08 16:17:24.273688
5824,ESP_NODE_04,17,18,17.0,28,2026-06-08 16:17:53.174860
5825,ESP_NODE_03,30,23,28.0,19,2026-06-08 16:18:30.468634
5826,ESP_NODE_04,16,13,15.0,25,2026-06-08 16:18:59.903263
5827,ESP_NODE_03,37,26,34.0,23,2026-06-08 16:19:36.923563
5828,ESP_NODE_04,9,8,9.0,15,2026-06-08 16:20:06.018984
5829,ESP_NODE_03,23,32,26.0,17,2026-06-08 16:20:42.902320
5830,ESP_NODE_04,22,7,18.0,30,2026-06-08 16:21:11.913717
5831,ESP_NODE_03,28,16,24.0,16,2026-06-08 16:21:49.029289
5832,ESP_NODE_04,8,9,8.0,13,2026-06-08 16:22:18.056274
5833,ESP_NODE_03,29,25,28.0,19,2026-06-08 16:22:55.172789
5834,ESP_NODE_04,4,9,7.0,12,2026-06-08 16:23:23.959564
5835,ESP_NODE_03,23,16,21.0,14,2026-06-08 16:24:01.447633
5836,ESP_NODE_04,18,11,16.0,27,2026-06-08 16:24:30.425133
5837,ESP_NODE_03,25,21,24.0,16,2026-06-08 16:25:07.673221
5838,ESP_NODE_04,11,6,10.0,17,2026-06-08 16:25:36.473161
5839,ESP_NODE_03,18,19,18.0,12,2026-06-08 16:26:14.427655
5840,ESP_NODE_04,19,10,16.0,27,2026-06-08 16:26:42.616881
5841,ESP_NODE_03,18,17,18.0,12,2026-06-08 16:27:20.797766
5842,ESP_NODE_04,14,13,14.0,23,2026-06-08 16:27:48.942874
5843,ESP_NODE_03,16,23,18.0,12,2026-06-08 16:28:27.327549
5844,ESP_NODE_04,12,16,13.0,22,2026-06-08 16:28:55.035514
5845,ESP_NODE_03,24,17,22.0,15,2026-06-08 16:29:33.343321
5846,ESP_NODE_04,32,12,26.0,43,2026-06-08 16:30:01.397079
5847,ESP_NODE_03,13,20,16.0,11,2026-06-08 16:30:39.707776
5848,ESP_NODE_04,13,13,13.0,22,2026-06-08 16:31:08.667116
5849,ESP_NODE_03,24,17,22.0,15,2026-06-08 16:31:45.936780
5850,ESP_NODE_04,6,4,5.0,8,2026-06-08 16:32:14.699266
5851,ESP_NODE_03,16,13,15.0,10,2026-06-08 16:32:52.472024
5852,ESP_NODE_01,11,44,35.0,70,2026-06-08 16:33:02.690716
5853,ESP_NODE_04,4,9,7.0,12,2026-06-08 16:33:20.657307
5854,ESP_NODE_03,16,15,16.0,11,2026-06-08 16:33:58.667210
5855,ESP_NODE_01,30,53,42.0,84,2026-06-08 16:34:08.640309
5856,ESP_NODE_04,31,6,24.0,40,2026-06-08 16:34:27.373091
5857,ESP_NODE_03,33,17,28.0,19,2026-06-08 16:35:04.909600
5858,ESP_NODE_01,28,62,50.0,100,2026-06-08 16:35:14.853623
5859,ESP_NODE_04,9,8,9.0,15,2026-06-08 16:35:33.107222
5860,ESP_NODE_03,14,18,15.0,10,2026-06-08 16:36:11.151165
5861,ESP_NODE_01,23,55,44.0,88,2026-06-08 16:36:28.583561
5862,ESP_NODE_04,5,7,6.0,10,2026-06-08 16:36:39.550782
5863,ESP_NODE_03,15,16,15.0,10,2026-06-08 16:37:16.910858
5864,ESP_NODE_01,24,49,39.0,78,2026-06-08 16:37:35.209208
5865,ESP_NODE_04,13,9,12.0,20,2026-06-08 16:37:45.603716
5866,ESP_NODE_03,11,16,13.0,9,2026-06-08 16:38:23.144903
5867,ESP_NODE_01,10,49,39.0,78,2026-06-08 16:38:41.318616
5868,ESP_NODE_04,11,3,9.0,15,2026-06-08 16:38:52.230381
5869,ESP_NODE_03,9,14,11.0,7,2026-06-08 16:39:29.176874
5870,ESP_NODE_01,13,44,35.0,70,2026-06-08 16:39:48.056966
5871,ESP_NODE_04,11,7,10.0,17,2026-06-08 16:39:57.915124
5872,ESP_NODE_03,13,17,14.0,9,2026-06-08 16:40:35.306838
5873,ESP_NODE_01,24,51,41.0,82,2026-06-08 16:40:54.495202
5874,ESP_NODE_03,15,17,16.0,11,2026-06-08 16:41:43.108615
5875,ESP_NODE_01,23,55,44.0,88,2026-06-08 16:42:00.788844
5876,ESP_NODE_04,5,8,6.0,10,2026-06-08 16:42:18.920204
5877,ESP_NODE_03,19,24,20.0,13,2026-06-08 16:42:49.883607
5878,ESP_NODE_01,14,53,42.0,84,2026-06-08 16:43:07.304122
5879,ESP_NODE_04,3,8,6.0,10,2026-06-08 16:43:24.933978
5880,ESP_NODE_03,22,17,20.0,13,2026-06-08 16:43:56.252330
5881,ESP_NODE_01,18,59,47.0,94,2026-06-08 16:44:13.302835
5882,ESP_NODE_04,9,8,9.0,15,2026-06-08 16:44:30.900904
5883,ESP_NODE_03,15,17,16.0,11,2026-06-08 16:45:02.559959
5884,ESP_NODE_01,14,62,50.0,100,2026-06-08 16:45:20.182259
5885,ESP_NODE_03,15,17,16.0,11,2026-06-08 16:46:12.554430
5886,ESP_NODE_01,11,51,41.0,82,2026-06-08 16:46:27.331991
5887,ESP_NODE_04,12,9,11.0,18,2026-06-08 16:46:51.936308
5888,ESP_NODE_03,17,18,17.0,11,2026-06-08 16:47:18.998867
5889,ESP_NODE_01,15,50,40.0,80,2026-06-08 16:47:33.755006
5890,ESP_NODE_04,2,6,5.0,8,2026-06-08 16:47:57.968040
5891,ESP_NODE_03,20,18,19.0,13,2026-06-08 16:48:24.841327
5892,ESP_NODE_01,15,51,41.0,82,2026-06-08 16:48:39.934422
5893,ESP_NODE_04,8,8,8.0,13,2026-06-08 16:49:04.313890
5894,ESP_NODE_03,29,21,27.0,18,2026-06-08 16:49:32.200467
5895,ESP_NODE_01,13,46,37.0,74,2026-06-08 16:49:46.272719
5896,ESP_NODE_04,10,8,9.0,15,2026-06-08 16:50:11.040253
5897,ESP_NODE_03,23,15,21.0,14,2026-06-08 16:50:39.510801
5898,ESP_NODE_01,20,48,38.0,76,2026-06-08 16:50:54.773256
5899,ESP_NODE_04,15,9,13.0,22,2026-06-08 16:51:17.126204
5900,ESP_NODE_03,7,12,10.0,7,2026-06-08 16:51:46.596421
5901,ESP_NODE_01,26,46,37.0,74,2026-06-08 16:52:04.749693
5902,ESP_NODE_04,23,9,19.0,32,2026-06-08 16:52:23.107001
5903,ESP_NODE_03,8,13,10.0,7,2026-06-08 16:52:53.281357
5904,ESP_NODE_01,30,50,40.0,80,2026-06-08 16:53:11.178863
5905,ESP_NODE_04,10,8,9.0,15,2026-06-08 16:53:28.878684
5906,ESP_NODE_03,20,14,18.0,12,2026-06-08 16:53:59.479145
5907,ESP_NODE_01,20,50,40.0,80,2026-06-08 16:54:17.214259
5908,ESP_NODE_04,7,7,7.0,12,2026-06-08 16:54:34.938232
5909,ESP_NODE_03,9,12,10.0,7,2026-06-08 16:55:06.035378
5910,ESP_NODE_01,16,46,37.0,74,2026-06-08 16:55:23.376877
5911,ESP_NODE_04,13,8,12.0,20,2026-06-08 16:55:40.608258
5912,ESP_NODE_03,23,13,20.0,13,2026-06-08 16:56:11.988359
5913,ESP_NODE_01,24,54,43.0,86,2026-06-08 16:56:29.920969
5914,ESP_NODE_04,8,8,8.0,13,2026-06-08 16:56:46.761305
5915,ESP_NODE_03,14,15,14.0,9,2026-06-08 16:57:18.537149
5916,ESP_NODE_04,1,8,6.0,10,2026-06-08 16:57:52.898861
5917,ESP_NODE_03,15,11,14.0,9,2026-06-08 16:58:25.122740
5918,ESP_NODE_01,16,54,43.0,86,2026-06-08 16:58:51.361875
5919,ESP_NODE_04,13,3,10.0,17,2026-06-08 16:58:59.036237
5920,ESP_NODE_03,11,8,10.0,7,2026-06-08 16:59:31.377617
5921,ESP_NODE_01,15,58,46.0,92,2026-06-08 16:59:57.742416
5922,ESP_NODE_04,15,7,13.0,22,2026-06-08 17:00:04.809458
5923,ESP_NODE_03,18,13,16.0,11,2026-06-08 17:00:37.270049
5924,ESP_NODE_01,29,64,51.0,100,2026-06-08 17:01:04.121145
5925,ESP_NODE_04,23,8,18.0,30,2026-06-08 17:01:11.054623
5926,ESP_NODE_03,13,11,12.0,8,2026-06-08 17:01:44.098694
5927,ESP_NODE_01,17,65,52.0,100,2026-06-08 17:02:10.180240
5928,ESP_NODE_04,5,7,6.0,10,2026-06-08 17:02:17.012742
5929,ESP_NODE_03,13,12,13.0,9,2026-06-08 17:02:50.229505
5930,ESP_NODE_01,17,70,56.0,100,2026-06-08 17:03:16.582639
5931,ESP_NODE_04,4,5,4.0,7,2026-06-08 17:03:23.012879
5932,ESP_NODE_03,12,10,11.0,7,2026-06-08 17:03:56.011304
5933,ESP_NODE_01,26,53,42.0,84,2026-06-08 17:04:23.013372
5934,ESP_NODE_03,18,16,17.0,11,2026-06-08 17:05:04.291063
5935,ESP_NODE_01,12,52,42.0,84,2026-06-08 17:05:29.362607
5936,ESP_NODE_03,27,15,23.0,15,2026-06-08 17:06:10.415306
5937,ESP_NODE_01,19,58,46.0,92,2026-06-08 17:06:35.730245
5938,ESP_NODE_04,19,9,16.0,27,2026-06-08 17:06:59.312729
5939,ESP_NODE_03,11,9,10.0,7,2026-06-08 17:07:16.500524
5940,ESP_NODE_01,11,51,41.0,82,2026-06-08 17:07:42.101715
5941,ESP_NODE_04,5,13,10.0,17,2026-06-08 17:08:05.291397
5942,ESP_NODE_03,7,11,9.0,6,2026-06-08 17:08:23.367145
